x0;y;y_hat;right
[-629.1453,146.66747,544.27295,-486.67712,-103.296455,240.89777,-856.70776,706.4399,-988.66345,-980.6945,683.2732,-797.6983,-243.7074,-874.9468,317.3634,-61.292404,-478.6987,-936.3196,-539.685,900.7743,-739.0401,521.0642,29.648642,698.0717,438.073,-760.1531,-1.4051617,27.77066,186.63773,-751.4211,-61.636703,-302.06525,-740.28107,825.72];-149.0253;-149.02533;False
[648.5155,878.4941,-862.2154,-745.30115,-896.49884,428.0175,-542.3216,549.39044,157.03941,-571.45984,879.3168,-710.21216];-65.60294;-65.60295;False
[922.54144];922.54144;922.54144;True
[446.65137,915.1516,109.27007,-728.25977,361.6068,875.32544,-619.51636,-449.4843,-112.25856];88.720695;88.720695;True
[-681.96484,-496.08304,887.8908,665.5908];93.85844;93.858444;False
[926.19055];926.19055;926.19055;True
[-198.71867,-98.40002,226.17334,-123.27654,-77.111885,219.09985,-79.76397,-46.586514,710.5551,749.9879];128.19586;128.19586;True
[-742.0904,-611.93774];-677.0141;-677.01404;False
[-182.3239,448.34433,-72.02107,-136.95679,-462.76965,892.1994,-230.91609,-189.57852,609.3297,-42.796024,737.2842,-520.42084,127.780014,-836.8478,129.73389,780.1244,257.64175,-174.05626,610.79443,-430.7637,-875.5864,606.1913,126.41511,-649.64465,698.50995,-482.14008,-197.51414,258.71774,119.67502,-634.4955,-942.06335,-653.75354,-193.63664,-880.31165,-30.001936,-124.42362,908.01105,93.68039,-951.8222,842.7573,183.50899,950.54614,5.1492777,-729.55597,227.0831,-451.7401,-143.1112,948.1471,-886.8252];-31.519434;-31.519436;False
[41.212666,-128.85164];-43.81949;-43.81949;True
[-771.0537,779.7776,-901.9945,-452.92322,373.4252,-800.43243,-993.55817,-72.86015,-834.62244,306.72855,-539.18005,620.1739,604.1777,558.48804];-151.70384;-151.70384;True
[-333.80106,-169.92435,211.29272,-217.81448];-127.56179;-127.56179;True
[972.4456,-123.95657,-110.7355,-65.61002,55.266254,357.26117,-543.8784,768.8389];163.70393;163.70392;False
[-940.7195,-427.1845,17.084322,-753.9768,-965.2008,-28.807175,-715.6417,529.22626,297.03784,-519.4024,-348.8048,-127.8967,-433.53345,850.3929,756.7992];-187.37515;-187.37514;False
[134.99812,708.2214];421.60977;421.60974;False
[-708.7923,746.6018,-14.487001,-741.3392];-179.50418;-179.50417;False
[-856.09875,-438.43198];-647.2654;-647.2654;True
[501.07587,665.2024,216.90012,-362.8297,29.480698,-64.35488,780.38226,-976.80255,843.80084,-349.72372,-715.5046,-245.91995,-419.99496,-633.45526,-673.04803,-700.8005,985.88275,718.0445,-775.0355,857.1751,-291.85754,-593.0701,177.5201,-806.5355,-126.54254,65.6723,-778.8545,-872.63477,-677.59357,-916.07855,-809.35284,280.78278,-549.04004,-454.93585,-976.73175,-968.7914,272.3671,528.401,434.15475,3.9307911,-467.0017,206.68889];-181.88162;-181.88164;False
[865.23444,652.46014,-73.48278,946.0415,472.95367,116.14653,-959.69684,576.47675,-623.0797,-691.10144,944.5121,-29.379313,-519.26416,246.19933,963.10046,-892.4655,-692.13043,294.10834,951.85455,131.66292,312.00763,-876.1635,116.72376,87.74092,279.132,-872.91425,768.03174,-232.50386,664.408,96.65656,-985.22455,-108.40336,357.34995,-732.15607,-40.135815];43.277134;43.277122;False
[984.7253,767.6564,-735.9181,-534.5222,-648.171,160.92278,-353.00525,89.44981,-224.85901,-132.27039,983.8861,840.0386,402.0543,426.48306,-883.5168,-33.08387,-794.6879,-976.0733,-861.1102,-169.63197,313.42294,-73.69716,-681.4792,68.001884,164.52599,405.0005,-178.15836,-436.2881,-328.4888,657.482,859.4736,-970.7373,-982.159,546.5483,-296.8802,987.37164,-552.3408,115.76738,-822.8435,-263.8143,-529.5854,786.15607,-309.37704];-74.73797;-74.73796;False
[-512.6469,-337.77505,-52.614853,862.2887,741.47687,-510.35532,81.58721,-470.3234,-227.1577,847.74066,530.2293,674.7714,-792.33954,496.10983,52.423355,532.8073,-654.8573,-451.2966,-336.0425,-872.55963,-31.071394,-195.84296,842.2607,-623.96826,-198.5019,629.5213,542.47284,-208.30365,-661.3101,-173.59206];-15.895654;-15.895655;False
[-739.4869,-178.83655];-459.1617;-459.1617;True
[-6.226711,716.9805];355.37692;355.37692;True
[-291.75616,937.46277];322.8533;322.8533;True
[-451.80984,126.73439,878.2108,-254.92426,802.0968,692.51447,-470.1874,-427.94086,400.33392,460.85413,-612.2503,526.9556,633.5773,192.4181,83.93902,439.85208,-334.82404,-259.7632,291.405,-201.5929,-838.70825,746.2352,-651.01196,-29.701998,487.09592,-119.786285,520.2559,576.54846,0.3336684,565.1896,403.28015,921.56006];159.27779;159.27779;True
[387.04514,181.21364];284.1294;284.1294;True
[-62.47427,-136.63197,-784.665,177.80551,-692.9056,-493.86514,194.20317,167.09485,651.98663,-225.41609,457.21713,790.9996,-231.65504,542.694,732.45703,-348.2419,295.71704,932.7764,847.3682,922.1587,369.50272,-537.5148,-114.830414,-452.4264,-583.2862,119.5172,-363.54053,-848.163,-303.81866,389.4547,-825.305];18.910091;18.910091;True
[94.048,539.5215];316.78476;316.78473;False
[878.6953,-785.3956,-593.8836,475.71637,889.1048,-174.08566,-565.8566,-566.2396,-0.46481746,698.43445,-373.04324,-774.9077,-123.7753,-446.43784,594.9461,-462.88705,815.9821,-467.37836,721.4161,12.75494,-37.322826,-481.41107,-65.41844,-7.5038967,149.52626,202.46274,961.3457,-792.1622,392.13687,-578.3135,596.6133,-123.49779,-34.522823,659.354,461.34534,292.18472,-531.35913,16.759655,-775.4874,-293.2266,314.47885];1.9189379;1.9189379;True
[-890.98425,-839.48425,-821.013,179.19841];-593.07074;-593.07074;True
[732.2081];732.2081;732.2081;True
[789.5952,-529.9578,-584.62946,678.3849,-267.93137,-674.786,-744.042,-325.6928];-207.38242;-207.38242;True
[-764.20197];-764.20197;-764.20197;True
[-778.8466,-82.65004,-785.4613,761.66974,-596.1399,427.0732,-836.03595,-864.09436,-202.75287,991.0616,-686.81537,-679.2694,-79.46382,747.15546,-47.030334,751.08234,-251.37595,-77.92628,293.7835,-997.9892,-348.00726,-432.81543,-829.4981,-268.11017,-69.97151,-271.84525,31.851002,-586.82556,-845.14905,-374.55835,827.1801,-544.00964,411.8963,682.3596,678.5675,-754.1437,-294.86377,309.71747,814.1515,-654.6436,-711.0419,-759.2113,-861.03235,650.59503,495.37003,-92.3575,32.464756,646.78253];-127.316124;-127.31613;False
[377.617,-137.2828,667.0394,-71.778015,-638.23755];39.471603;39.47162;False
[-868.52454,290.5244,637.7219,-672.6839,539.5533,28.827316,825.39935,-710.1634,-2.4540553,-415.97983,268.75363,-784.7579,-269.47543,-802.3509,974.06604,760.3175,-170.05594,348.36658,878.2678,275.9688,951.1992,113.879906,818.0962,982.5586,-43.626793,470.47885,145.15646,485.92554,482.21964];190.93822;190.9382;False
[97.79698,67.48903];82.643005;82.643005;True
[26.831858,510.0857];268.45877;268.45877;True
[-517.0871,595.4048,-644.06995,453.51996];-28.058071;-28.058075;False
[-672.501];-672.501;-672.501;True
[-272.5254];-272.5254;-272.5254;True
[-100.25969,617.9593,39.98234,625.4472];295.7823;295.7823;True
[-643.3018,360.5327,-786.9461,188.1971,-915.74347];-359.45233;-359.45233;True
[-949.0462,236.37585,-585.12006,955.7178];-85.518166;-85.51816;False
[-13.272075,-519.0793,-1.2031353,-216.98267,685.7761,-957.9555,625.90814,-562.97266,179.1653,974.37177,-629.6164,-120.176834,-357.14682,193.50981,-230.08508,-109.98167,-85.150154,636.62494,-687.03186,149.27916,-97.80358,-263.77518,943.7743,-81.99163,153.28261,521.0865,910.79];38.494225;38.49422;False
[-55.406303,-362.99374,-281.55286,-235.79056,34.73026,-300.92456,-642.81244,437.0084,75.310646,-259.91843,392.16522,-839.8697,-824.3437,-937.26184,-872.1558,695.3012,-640.3092,161.60693,765.22974,301.6335,-254.98077,-155.42448,-984.5228,-122.299385,46.220367,-617.9448,585.9616,-786.9737,669.25903,-9.644894,-751.90094,605.6421,-623.18475,-190.79301,-184.65184];-176.15976;-176.15976;True
[-345.43726,287.68243];-28.877398;-28.87741;False
[552.24854];552.24854;552.24854;True
[-560.921,-606.28906,588.9156,175.0056,-276.75302,-42.054073,-959.24036,-957.98694,910.8087,-338.87454,593.9276,-409.32205,-830.2584,674.1852,896.0182,-483.43558,-648.98804,-154.68575,205.0448,969.99005,640.85175];-29.241018;-29.241028;False
[-335.69016,649.26996,82.491196,629.5346,-924.24347];20.272438;20.272425;False
[-188.62889,-20.503906];-104.5664;-104.5664;True
[753.4282];753.4282;753.4282;True
[-972.8905];-972.8905;-972.8905;True
[274.82043,-56.096935,932.719,-445.05667,363.73657,-74.6656,-412.43433,-747.4643,195.10616];3.4071467;3.4071536;False
[-794.5101,179.50658,-102.784225,-855.81854,400.31815,-481.16068,819.0662,-594.0716,-628.4024,30.472654,16.962257,497.12155,-231.02522,-173.834,-105.874054,947.1011,408.74097,-878.49445,141.92712,132.09628,94.148796,-744.0521,31.26661,-312.5752,-998.4036,-252.9928,-303.75137,-631.2167,894.2126,371.07846,-596.8776,-343.12128,340.39612,-554.9699,-130.26016,-12.457197,-156.62486,976.83997,585.542,389.8606,-671.1309,160.18925,779.3512,-472.26413,791.4519,807.0697,-807.9869,-334.29428,66.23002,-255.90076];-51.2781;-51.278107;False
[393.9638,495.34583,111.33694,-267.52753,400.37054,-193.59685,-742.1791,-406.39056,219.90579,195.79453,-728.1569,387.74176,-265.17834,-640.62683,-838.32416,-909.54596,-830.2713,-281.85638,147.42578];-197.46152;-197.46153;False
[-787.63055,926.2346,714.2338,-594.602,-132.48047,-721.1391,946.21954,-818.281,-868.5348,892.56616,-12.298874,570.5682,-534.6427,-206.31384,151.6249,-517.47144,910.569,-906.85114,451.09457,-772.1394,-902.44055];-105.31976;-105.31978;False
[-786.6718,723.96173,-946.81335,-840.75354,532.7131,426.6042,87.630066,-577.07837,327.86047,322.8087,434.11792,-652.4409,261.87814,392.08212,-873.8448,683.38226,-150.66153,-815.0568,830.6866,402.66312,438.7432,-533.2524,17.024523,-731.6087,90.14714,-540.3707,104.70701,-749.88727,160.50148,-842.2845,888.19745,724.01117];-37.218887;-37.21888;False
[171.61595,-715.8036,891.6821,-614.2264,-58.00469,126.38992,346.33804,244.99265,-858.98846,-602.556,-467.64767,871.8754,-657.22284,-831.03314,-79.761024,-488.6792,522.5641,-152.21324,-818.4143,453.11407,-444.18787,909.813,804.3317,-377.02917,224.77724,-508.35062,616.7169,-219.73517,-962.67755,344.17047,943.3494,-684.09204,-546.62744,208.91324,-435.88928,606.7438,218.06778,547.2768,906.3757,158.20432,-583.3327,734.1634,973.29584,-645.1293,594.7704];14.843121;14.843126;False
[897.8427,924.07513,-576.91095,-329.1666,340.4377,-768.44525,926.52496,535.67316,861.02765,749.96747,847.27057,913.1593,874.7191,-370.49564];416.11996;416.11993;False
[100.388885,-357.2047,429.80423,814.39874];246.84679;246.84679;True
[-789.4546];-789.4546;-789.4546;True
[334.73584,329.96994,-32.39525,-211.22726];105.27082;105.27082;True
[-474.2407,-472.6174,-493.58347,321.06857,232.59386,963.6147,-227.21109,-82.149605,-339.4222,-310.0372,-688.9497,437.87524,252.79369,-45.937305,-329.91315,296.52133,-285.27362,426.54956,406.80786,349.30228,-135.15613,-125.60308,410.082,-942.9374,-243.69388,-610.42114,-840.47186];-94.459625;-94.45962;False
[-695.2618,-377.61432,427.0664,-911.8761,562.7757,-311.26328];-217.69557;-217.69556;False
[-701.0315,-947.519,523.7058,122.351265,846.21045,-838.9181,942.8696,927.13763,-996.1669,-265.9826,917.24194,-225.65126,305.46384,-268.11075,20.122677,764.25195,-195.29703,-237.82193];38.492012;38.492012;True
[-345.27878,247.16505,327.78564,500.0146,-617.80066,-570.67316,-788.6182,-686.74536,-339.96466,481.08905,-201.81001,-440.65445,-371.6087];-215.93074;-215.93074;True
[744.7595,-4.895531,-987.96844];-82.70149;-82.70148;False
[-348.03314,337.75128];-5.1409364;-5.14093;False
[561.6433,-16.968447,334.05823,453.16495,-96.46862,-764.25476,-740.46643,48.83353,217.82272,497.56506,359.58627,259.38284,-356.68124,-953.4862,-193.0779,449.69104,726.6268,646.3732,-900.55725,-746.4341,-73.27241,95.194084,714.11865,-981.5459,639.7862,-779.4224,-592.76733,-168.89264,-524.53253,135.51021,889.32904,-869.6285,213.28413,-218.5755,956.714,32.40161,377.27133,310.54813,327.37323,-74.74914,-310.45364,697.49567,-592.3148,633.9184,-201.92172,120.44686,-992.67596,513.5837,621.2578,-884.85394];-4.0204086;-4.0204053;False
[246.94763,403.4675,694.3682,221.04681,212.09566,-845.35596,232.57993,-565.4758,-276.14072,-972.08405,437.70212,-691.9846,768.2509,649.3636,-162.93039,-675.52356,850.4638,-53.914257,-50.334576,330.18906,-46.29023,322.68506,-505.39597,-981.6661,-863.0488,493.02115,-111.92301,162.95512,-75.33418,-922.1119,-71.03313,656.35474,-160.95357,792.1638,426.85434,22.09862,-565.196,-929.631,-807.844,7.453349,19.008566,317.46524,-713.35236,-896.7838,873.1673,-377.89047,723.64325,395.5405,242.00543,732.4775];-21.776583;-21.776577;False
[991.14,-262.69754];364.22122;364.22125;False
[214.5804,205.24051,-54.535187,958.2618,848.65717,874.8852,608.2547];522.1921;522.1921;True
[-53.51624];-53.51624;-53.51624;True
[389.95038,130.4615,-187.4517,-591.9323,731.8806];94.581696;94.58169;False
[66.61993,-930.8715,-951.15436];-605.1353;-605.1353;True
[883.6747,253.51427,-777.8537];119.77843;119.77842;False
[68.28139,-561.64594,-600.43054,234.42787,-912.3116];-354.33575;-354.3358;False
[946.4684,262.09497,-186.76068,387.12228,768.81946,-794.1265,223.52095,996.5278,-470.7516,906.17786,208.5398,309.71317,-314.67014,-302.7406,558.81726,-631.0432,-629.639,-507.86038,108.233284,-18.219015,-348.3044,-883.6013,-844.10693,-129.25256,-389.63947,-637.93335,960.6503,-546.82446,-834.8872,974.32404];-28.645042;-28.645033;False
[-587.8309,-83.44372,-609.7186,930.0687,855.40155,-752.2002,-888.62115,596.1616,772.6425,701.08154];93.35413;93.35414;False
[138.69698,905.7498,712.7432,109.88274,-170.07529,-535.8043,616.57263,696.595];309.2951;309.29507;False
[405.68173,631.3761,572.223,707.2586,-788.9242,-396.23703,647.41003,412.7328,-508.56927,16.92488,532.9874,-968.61426,-587.30835,-921.30084,-503.78714,470.04034,661.5389,-123.35385,-18.998781,485.09915,206.78084,366.3756,-627.2978,690.8034,184.9028,-766.9332,824.198,983.5632,614.66516,-828.5908,173.40974,-426.90665,249.16287,498.33224,-257.92908,-413.51953,289.77118,-305.46878,-622.11346,-700.80237,-85.078926,464.93918,486.96768,-552.52716,-382.33936,-785.0661,0.69309,-210.69046,199.47574,458.21042];9.06333;9.063328;False
[890.56195,-6.474235];442.04385;442.04385;True
[-669.7032,-220.69414,-700.6659,765.2672,934.0766,129.50438,354.38687,917.98755,195.7975,258.36316,447.8884,351.86728,962.69415,530.22144,77.870995,586.25305,653.703,422.34833,-928.4623,-653.9596,784.30975,-881.92645,154.07553,-677.5651,-730.1667,-366.38043,-169.51938,113.56297,-972.0406,445.24786,-393.90668,824.24097,-760.7723,561.8496,-684.3221,-61.02155,-225.43408,779.1258];56.686897;56.686897;True
[127.97261,-530.1571,341.8677,-803.0633,-4.9165688,-55.280476,699.1583,-933.2861,-567.5983,689.0063,460.50345,-788.9776,-303.3044,395.69794,486.65466,585.24976,806.52057,57.337414,289.53564,842.26074,599.84375,910.0408,-765.86847,743.1132,-332.50623,-546.5022,-785.1321,81.52463,430.5651,106.57937,224.01997,870.1958,-930.6451,-799.2392,-799.6022,460.92935,-986.6314,-781.35065,79.75394,-743.1938,266.37903,-547.519,-935.9345,723.5122,-32.5198,587.531];-24.07555;-24.075535;False
[49.720222];49.720222;49.720222;True
[431.35382,-521.6934];-45.169807;-45.1698;False
[115.69272,465.54434,-176.92635];134.77023;134.77025;False
[-709.2508,-272.47876,-986.9996,278.53873,730.2973,771.37213,892.2388,-912.24585,434.53113,564.6202,-895.20715,-754.8716,379.24326,520.498,-901.4726,-39.321945,-474.6564,933.13763,-69.831375,-708.67706,-969.437,542.02527,911.8539,-430.27048,-508.73627,332.93857,483.86374,-389.3175,298.4036,-443.61578,726.684,-268.33237,865.526];-2.0894022;-2.0894072;False
[237.60904,-656.4826,378.3972,-421.04755,-677.7948,-613.33374,471.97125,-399.1255,195.42538,344.32907,-934.546,298.6742,-221.95667];-153.68314;-153.68312;False
[-2.5778728,-238.00414,133.72185,300.9268,-728.8786,-900.7254,-788.50854,810.0743,925.46155,776.17737,-841.03516,-46.56836,-842.6421,-142.64099,198.17426,207.13641,624.73914,-948.46643,-518.6122,-143.58629,-96.77671,-873.0805,-373.2038,975.23883,661.6211,3.8412187,-123.8662,862.48334,366.8763,-205.43292,638.9447,885.2902,-747.1226,-937.5813,-606.7194,213.62439,273.9062,-863.3625,-819.8041,25.651283,-187.68544,446.44882,259.4851,421.7958,-978.64935,-472.7837,886.68286];-53.830055;-53.830067;False
[921.76776,-627.4777,693.0058,804.4945,10.2240925,-732.0684,994.29596,324.34116];298.57288;298.57288;True
[91.1219,-170.16043];-39.519264;-39.519264;True
[-947.8845,998.71515,-344.05933,751.78796,-891.2633,-686.58496,513.7738,-672.3952,464.83087,896.23254,-821.89404,476.67975,-975.44904,-403.6135,-675.4578,380.46564,-861.672,512.3125,-822.14764,349.56964,927.17114,-374.17853,-80.17125,140.20204,-6.4187913,-237.84251,618.31006,177.60924,245.70187,-672.3241,-485.6539,225.1266,297.65973];-60.086723;-60.086716;False
[-396.97708,-432.46954];-414.7233;-414.72333;False
[582.067,895.5782,141.94997];539.86505;539.86505;True
[-778.2562,960.1291,-110.88196,-278.2789];-51.82199;-51.822;False
[-333.80917,519.09143];92.64114;92.64113;False
[763.9479,-487.40088,-365.59137,105.56537];4.13026;4.130249;False
[-911.7881];-911.7881;-911.7881;True
[113.88389,-0.2790966,-632.69183,528.0379];2.2377043;2.2377167;False
[-794.6733];-794.6733;-794.6733;True
[-515.492,571.82776,-450.02847,324.6557,-829.1855,-430.3785,813.4075,141.94151,379.65585,-715.2202,539.42,918.1347,-721.1636,225.32866,296.92276,-150.1772,357.73593,-418.6377,143.74945,726.83795,-682.2277,-816.8707,801.675,-761.79736,-707.3229,-589.2266,990.50336,-807.9591,786.0968,-224.23944,805.80585,-938.13135,-588.7035,106.91421,378.4064,390.81946,-972.4897,-200.6276,219.72891,-982.99884,-810.2523,422.6698,-364.3646,827.3191,963.62933,-865.4608];-52.3863;-52.386295;False
[-983.55493];-983.55493;-983.55493;True
[-444.3353,-984.74805,886.1209,166.45285,-878.50775,-430.79858,835.03644,-810.7406,-649.7308,-190.45811,-160.68439,-744.2179,433.7802,925.45703,-35.808853,-598.50226,87.41862,956.5759,-761.3676,390.94443,940.1034,-202.70323,54.490982,-683.4514,282.45212,951.71643,-73.015236,-837.6802,-810.3731,794.35126,-807.49243,342.48584,857.539,-570.2696,-301.7299,-530.72235,625.86096,894.32874,829.2915,160.71779,608.5612,407.20038,321.77774,-431.59595,112.4432,651.0632,-772.06287,486.92197,-903.5654,-346.5252];0.84010154;0.8401111;False
[-238.97429,-795.96375,-685.3831,844.7309,22.186398,773.76697,331.20044,915.8174,252.0886,155.34467,-892.4878,-944.66925,-665.2167,-90.55625,-915.8931,349.70264,406.89993,198.6285,-812.2343,-153.08127,783.336,-874.4446,514.9842,426.9103,-74.58601,246.04285,37.694363,925.4568,-983.0038,-710.21594,678.9377,178.16531];-24.838005;-24.838009;False
[975.8654,-769.0804,669.45605,206.22939,793.33093,-368.414,398.4751,252.85356,335.54776,-369.27313,105.969765,285.14532,314.28867,181.745,-909.2417];140.19318;140.19316;False
[236.14232,-562.8299,446.35434,-857.6589,-695.7088];-286.74017;-286.74017;True
[-650.0593];-650.0593;-650.0593;True
[576.6362,306.3427,-884.5357,889.0224,454.69327,-835.9719,211.84058,-665.12866];6.6123548;6.6123657;False
[187.02118,-339.3195,-924.18475,-287.897];-341.095;-341.095;True
[-920.7368,281.44986,-643.16113];-427.4827;-427.4827;True
[-624.7034,302.3877,980.49255,512.72314,151.46295];264.47256;264.47256;True
[793.2318,566.567];679.8994;679.8994;True
[-132.99754,-402.92654,803.80304,-410.49347,-405.5438,440.0454,-357.30704,-364.42603,-932.3109,405.19528,-34.902836,741.98773,352.86896,327.0965,276.2877,-311.81122,-68.31908,76.99063,579.3306,495.91162,-787.0859,817.04663,-148.59274,-300.23978,492.0258,113.50141,437.9912,-295.39957,277.4445,-590.037,280.7145,923.434,599.64075,-424.95145,-751.7297,508.55914,-571.2423,763.9209,5.7166524,-79.53689,-351.138,-328.82346,836.0599,-676.9662,171.63852,402.92944,-380.9867,-149.68272,719.62036,658.82605];65.02273;65.02273;True
[-196.50905,-956.1723,928.3585,743.48047,281.82355,345.10947,585.11163,914.2374,138.149,-413.18634,846.028,3.0683258,185.27815,-240.96564,195.18362,45.12218,898.7023,-389.5964,679.22253,471.69986];253.20726;253.20723;False
[-38.433823,288.3748];124.970474;124.97048;False
[-782.87836,931.3837];74.2527;74.252686;False
[-39.427242,130.29651,677.19403,-538.32715,259.59692,916.08264,-396.53995,-325.0037,626.1345];145.55629;145.5563;False
[31.63742,158.71973,538.78955,-370.2937];89.71326;89.71326;True
[-724.7145,-986.09283,806.34283,-142.68102,-98.84001,-796.29706,117.99921,-416.92664,932.7671,-960.60693,23.581934,-563.486,-370.9971,-990.54834,160.29669,-135.55338,766.34595,205.21455,631.1384,-174.17154,281.741,-518.0595,109.01529,-843.06433,320.09494,-90.24617,-526.9219];-147.58034;-147.58034;True
[93.29538,-585.4749,-789.28955,351.2897,-11.850202];-188.40591;-188.40593;False
[-97.26045,777.5221,-39.439445];213.6074;213.6074;True
[217.16173];217.16173;217.16173;True
[-149.02052,22.950624,196.97157,583.7055,-915.312,-524.4977,246.14955,-674.2615,314.3464,-604.32495,-650.7254,-661.0911,-366.7459,-467.35928,-599.31555,-377.82318,276.0741,553.239,156.98744,-753.48517,-894.7494,-780.1409,166.36353,817.29425,-254.15671,-401.65546,-289.3079,120.412384,-610.89777,-538.73334,-597.09766,934.88684,232.37532,514.79956,685.4552,363.78595,282.70233,852.8244,-108.11464,-282.9976,-176.28151,129.777,-238.15714,973.51935,-769.7456,344.14734,-658.9061,-842.54114,-987.7152,-162.57329];-131.37932;-131.37935;False
[-239.20047,643.19434,-485.10104,89.4796,-416.51227,-632.6971,-624.7553,-294.98813,691.9548,196.39212,494.69434,788.85016,484.2979,21.181799,516.37573,-474.95068,487.3064,364.11185,-246.51889,-825.224,-944.55554,544.7086,266.54718,-597.21344,-191.3786,711.5001,-707.41034,-704.32104,648.6531,-913.26733,-211.15176];-50.322517;-50.32252;False
[493.62717,-823.87146,-479.3876,548.48627,789.82336,-468.2907,-242.92612,-445.40503,-216.1318,838.30914,-426.90237,117.023605,-398.56134,-994.10803,-353.542,-798.25415,449.89005,-981.05347,-490.54532,-75.75518,-837.1729,93.78979];-213.67992;-213.67993;False
[173.92876,552.96356,-942.2698,553.18396,346.10013];136.78133;136.78133;True
[-656.882];-656.882;-656.882;True
[-15.357818,612.9085,-168.10497,56.731987,-257.34995,-455.39526,-443.90067,932.26166,578.56415,-541.09503,265.08682,-1.6893659,-678.86005,859.37463,-502.32153,284.08408,462.05276,51.61918,-55.767883,722.87823,48.37909,-518.1851,-493.67316,86.47202,710.464,-122.36718,733.6852,-743.0243,14.443459,596.1574,-97.20285,636.24774,432.20868,452.5431,-738.52106,768.37885,137.6119,484.7918,-964.13904,-161.36392];74.21565;74.21567;False
[412.6393,426.10638,-230.7255,-804.68536,832.5726,-890.6287,45.484863,-189.8893,915.7694,-143.48276,-756.8864,-623.1293,52.21024,25.127941,751.86237,-757.72894,468.21008,-512.24023,-858.31323,-249.2681,-407.89908,50.59987,760.3024,-526.17535,300.50824,655.809,-146.95985,-501.82364,57.734142,712.58264,-285.36862,-190.71547,-341.97495,-885.14874,736.02295,927.7987,-209.73332,28.933565,375.3347,-613.5365,966.91595,372.34634,60.589207,380.0605];4.300184;4.3001876;False
[-951.3757];-951.3757;-951.3757;True
[855.9042,69.350525];462.62735;462.62735;True
[-155.48952,304.40128,-857.8374,631.5748];-19.33771;-19.337708;False
[937.18787,264.37335,197.62857,-431.76865,537.3361,688.09015,291.49725,129.55928,411.58783,-946.5543,536.87616,-937.16986,752.68616,-107.64848,918.89325,-544.9717,24.093683,996.8782,8.018021,-191.05681,-741.623,989.5501,-828.98553,607.4299,-812.17676,790.6455,300.435,-209.66882,-384.44843];111.95496;111.95497;False
[-596.1763,155.93587];-220.12021;-220.12021;True
[-418.79272,29.468002];-194.66237;-194.66235;False
[822.4734,121.397385,826.43115,-121.288765,577.8424,-369.76782,-548.197,-956.02625,349.3632,-481.68887,-105.134605,-621.26074,-442.33646,241.43451,-506.35263,343.45627,668.66376,815.5785,279.24274,-39.82395,831.07574,-873.4957,-541.2152,313.56104,-560.7577,-727.79425,413.87924,750.2901,-76.863495,285.4251,-420.2082,-710.8712,959.917,-695.8313,-755.4861,505.88477,-743.4847,-458.64255,43.158215,-528.07544,-929.6925,-749.54834,-278.037,201.87712,715.0024,292.09015,607.5146];-48.432384;-48.43239;False
[533.13965,-643.17444,-492.38528,313.2144,-546.1971,-540.9572,-22.335854,893.1883,-942.5922,649.3638,872.84265,222.94855,-787.99414,-516.7773,415.73618,-856.16754,-555.2047,763.1183,470.0992,-231.01202,310.60825,-568.05383,147.71132,632.6012,-41.960716,180.59006,-86.67849,-759.20984,137.17279,916.5604,-618.1681,441.46344,-253.61742,-140.38884,-988.36017,55.829536,681.69214,961.9049,720.3223,552.13824,230.69997,594.4385,-916.38806,-807.3794,544.0906,-1.9191555,-774.11896,-952.51025,821.2658,866.71533];17.718094;17.718098;False
[683.91077,782.96686,-386.3727,-929.5634,-496.54492,-578.3871,926.5859,351.2857,149.74947,-758.0122,257.4366,895.58356,-774.82513,245.9533,-248.83856,-967.62146,-206.70651,-707.097,777.8368,-286.5661,-206.08505,-875.44904,868.1888,643.04785,-113.69777,-615.47424,807.91046,-491.45602,582.64,186.7874,343.68292,-598.41705];-23.048374;-23.048372;False
[859.2168,990.2973,-204.56456,-886.399,579.21075,35.046455,579.7661,471.3003,499.77875,-752.9728,386.28665,-563.5084,-207.26027,-508.4273,419.9161,-267.02466,359.5751,321.72012,972.31805,583.0728,702.1333,779.99335,547.70996,364.28302,-710.72314,888.46564,-744.8464,438.8699,781.3504,-769.51587,478.6191,-751.763,-86.20062,170.01482,806.8154];187.50154;187.50156;False
[233.04048];233.04048;233.04048;True
[905.5887,-693.6867,-24.285713,906.78467,939.7139,-564.69714,584.2945,163.62546,430.38318,655.21124,677.7793,586.68225,-554.63464,421.41266,615.64636,-193.49762,-813.1222,-119.62029,140.41936,844.9737,72.170845,3.8751369,373.20862,-392.49677,765.5006,-829.42126,-775.462,110.01593,503.835,547.74976,-100.28385,669.34875,873.0926,-856.897,523.7169,-415.55365,568.66724,-22.844648,-181.26485,-802.9102,-386.55713,468.8758,-761.71313,644.72064,8.45879];122.59563;122.595634;False
[-183.34212,-453.391];-318.36655;-318.36655;True
[389.02115,-862.0853];-236.5321;-236.53209;False
[-979.2007,804.6564,268.6525,-914.94037,275.7577,-106.12747,-319.1458,96.442184,-968.1945,-570.3438,225.81802,-615.79425,-841.7168,-745.4575,-35.411892,639.91364,70.305466,460.93112,828.776,-433.17853,10.703035,-858.6154,-461.31924,44.588974,-617.46564,906.7344,732.1652,-40.46331,757.7156,-739.0752,298.0021,-53.398273,564.2726,-498.39996,815.6057,-349.52423,-605.8307,458.01907,-526.2298];-77.45574;-77.455734;False
[-147.52438,-505.13525,-607.05896,-974.0144,534.57104,251.21393,-305.1699,167.30653,-141.56287,605.0105,-994.5722,932.2854,-415.7126,-440.98285,-850.58606,-930.5878,952.89404,-715.0488,665.2857,818.8465,-858.61707,193.08658,668.60974,853.3199,-857.1559,468.22675,-404.58228,-196.884,-786.62775,807.95013,1.5886954];-71.34283;-71.34283;True
[574.90576,-696.916,479.7113];119.23368;119.23368;True
[902.89703,76.95871];489.92786;489.92786;True
[176.04672,614.88257,-756.3826,-485.7203,-877.1634,-699.4876];-337.97076;-337.9708;False
[-304.55246];-304.55246;-304.55246;True
[311.64835,-555.1587,-995.5134,533.2432,-695.67645];-280.29138;-280.2914;False
[-64.540726,-788.02435,-904.1379,611.2471,-880.4275,-671.10974,-185.82669,-338.43027,117.55806,-883.6154,-450.892,27.771397,-543.5381,-882.60565,508.857,-147.13516,258.81433,-366.9841,-338.84888,-64.99014,63.246365,-958.7709,-494.24692];-320.72305;-320.72305;True
[608.0165,-906.44354,-160.5871,690.6053,938.60925,-808.3055,-784.7532,-523.2042,-450.92844,-721.3315,411.5556,-995.83704,557.4651,-851.56134,522.0016,-248.68701,-917.4093,826.22504,-571.494,-643.6903,-634.24915,441.40207,-560.3167,418.2656];-181.86052;-181.86052;True
[-255.92119,-204.70628,-26.182367,-709.56165,-229.7043,-641.1511,809.8021,-158.0941,160.65898,652.3415,383.77808,693.4522,-736.1815,263.8741,-1.3412577,-190.54868,831.7976,18.22996,-448.94287,-453.05585,351.0945,236.67397,776.50745,47.036148,992.7505,-456.04086,795.93585,-546.3179,548.38965,289.24905,749.3291,-484.1733,-989.74963,204.30894,749.8166,-908.23865];58.75319;58.753174;False
[-731.9765,-577.8555,106.09585,-573.3447,63.413143,570.2846,-221.55084,-24.991537,-603.22034,-170.72786,-782.83734,-265.83023,-728.2511,196.07066,-625.65875,154.3646,948.5188,-461.64697,716.6779,-144.86742,-828.313,128.80745,-473.76642,579.97644,683.64764,-776.1206,-378.17206,-922.1997,-366.02817,-563.47894,-887.5699,-736.74896,262.76077,248.22565,-657.2343,635.02576,-933.9583,-836.17566,-197.31377];-235.28127;-235.28128;False
[665.02673,945.40063,-345.38303,-372.1691,-384.14835,-324.03323,-717.88403,-722.4081,-818.58673,478.16928,426.744];-106.29744;-106.29743;False
[-549.81116,-836.15924,-693.4844,-110.884796,412.50293,-652.8461,564.7245,674.4924,-663.8268,516.67535,-927.38873,-16.512222,-639.537,-793.72003,514.21375,-187.19112,-320.71518,-413.59268,-390.95633,630.8391,530.4782,764.02814,396.89374,-736.63666,528.786,39.117115,613.0778,-216.44044,369.68924,500.75037,-837.2899,-658.8663,-652.7216,27.585238,274.89502,-46.63799,357.85104,751.6219,302.46494,681.19855];-22.333334;-22.333332;False
[-670.29095,-14.45537];-342.37314;-342.37317;False
[-2.9312172,327.69687,906.76886,-249.79266,-143.1706,-975.5741,-674.03937,781.47705,-472.44135,-198.97699,-972.9795,-410.18048,-881.80444,994.8695,-155.75635,99.8556,391.59448,372.98804,945.35895,521.0789,73.95067,-372.3243,-430.39752,-812.14545,-674.0816,-219.57358,355.85733,927.73175,-827.88763,-321.95847,-648.502,-493.771,-273.30026,-928.53296,989.84143,-590.8632,-93.69263,387.0393,333.87354,248.77748,-12.518955,-768.54156,706.18536,-581.44946,-155.54741,915.95197,459.81818,-729.518,993.98444,841.7304];-29.916458;-29.916466;False
[-950.2898,-773.2649,780.439,886.26245,473.0397,188.53012,132.65013,828.53534,43.587536,-501.72968,189.77458,-868.54596];35.74905;35.74905;True
[-579.18054,307.94452,791.7243,-567.4687,366.20917,102.41944,-644.5202,-283.71414,872.1612,602.40344,-764.7957,262.52322,51.981777,513.33496,-464.7574,212.80853,-284.94534,-182.06947,-494.8712,556.245,-253.43996];5.7139473;5.7139463;False
[-875.1317,575.5685,-457.17422,-376.26553,-207.02449,611.99347,-896.3445,-418.61282,-686.6645,-660.5169,791.2883,357.64767,73.18894,-110.26335,-988.5807,716.72003,-522.9256,-884.9061,892.406,877.012,34.70686,658.5346,-292.29193,187.1265,-247.05797,414.6936,355.98343,458.4021,-767.9643,934.9311,749.24554,277.551,719.91956,-51.360905,969.24817,-351.6688,44.234047,104.60453,-125.466446,649.0827,820.3711,280.38968,475.34244,443.3454,-375.20267,-635.6667,840.8519,-56.32911,926.4442,-716.08575];90.74657;90.74655;False
[613.8866,-79.58752];267.14954;267.14954;True
[808.1584];808.1584;808.1584;True
[-336.2199,-567.8016];-452.01074;-452.01074;True
[617.17035];617.17035;617.17035;True
[-538.31433,-308.6648,-415.80472,-27.112247,376.33087,762.6992,10.073491,-137.45583,-335.87817,-229.66287,-55.998753,782.5898,-339.39374,509.04953,-239.6716,550.4856,730.0812,964.31366,-719.967,9.762851,693.9035,-864.0857,120.71765,-855.2389,983.6567,601.27563,353.03433,-171.58952,-145.3174,-46.67664,776.58777,479.48456];102.28794;102.28794;True
[743.7167,694.7073,-569.7615,-356.58105,-502.9582,-784.5454,822.9454,481.02625,815.9372,-388.52603,191.83461,178.00438,749.05664,774.2355,274.727,323.98312,807.4847,702.9442,-377.53668,624.9608,511.4853,-33.90947,-994.55835];203.85532;203.85535;False
[216.46106,-767.6269,-929.6697,-98.749344,-250.82964,-743.2649,633.4983,-874.7817,-974.34827,-549.01166,182.14319,-219.12064,-614.17035,-952.84753,-509.02478,794.62286,-927.1038,809.76337,532.1504,-202.67284,-475.64227,50.271774,-774.8274,-10.989495,41.37955,-194.90395,-679.5046,-687.57135,-199.15546,347.30923,-578.72095];-277.64316;-277.6432;False
[-705.70734,223.20164,984.8167,-53.876495,687.7097,-542.4957,-162.41457,-259.94592,257.3839,429.1776,735.71454,-789.9219,-69.40188,505.0573,582.02057];121.42121;121.42123;False
[-887.82513,266.8521,-867.3264,-98.74077,78.9734,-561.8801];-344.99115;-344.99112;False
[-772.58325,-333.3815,-758.2394,709.1859,469.73718,93.05059,91.02922,-17.57606,-656.0036,188.96947,986.9214,825.72986,-458.5753,-621.0228,737.866,11.483935,134.9559,73.53171,-201.80704,321.75595,797.63477,-400.19324,-115.3301,-505.81534,445.89957,-574.88184,282.2274,-146.11359,151.3073,-221.31018,726.3839,851.425];66.13318;66.13319;False
[-273.78473,720.1934,-869.39404,698.9606,620.2488,898.3363,-377.7431,383.1314,-118.263794,721.0607,-332.9606,620.31366,750.82153,-732.6045,299.32944,295.20486,30.513525,349.8361,-340.48337,-294.38162,583.5751];172.94807;172.94806;False
[-777.1993,892.0289,856.8863,901.6548,-127.19076,881.8468,786.5719,639.0029,274.01358,-805.26013,168.03584,449.41824,906.20825,-951.5967,704.27057,698.7465,-458.97928,766.4728,393.63187,205.45923,-399.40903,534.6383,449.45953,-96.15282];287.18994;287.1899;False
[581.1997,-359.32437,-816.60925,-243.99628,673.59235,515.9935,-519.69916,-362.05945,-868.6097,-64.925446,-568.2337,651.5855,-587.23804,-323.96625,-136.58998,-356.1087,82.958466,841.27386,495.22513,95.43063,-340.68677,-842.91516,-250.20517,400.34314];-95.98188;-95.98187;False
[-964.4767,712.2009];-126.13786;-126.13788;False
[-12.746293,78.61973,-741.3194,222.97417,13.407903,-652.514,-257.4206,-123.98446,972.5955,153.2551,97.23513,-752.35236,-925.35443,818.08435,-219.2851,-576.10706,421.67252,867.41656,487.02103,-292.74384,208.52916,-389.40787,-147.28362,-851.26196,-85.00953,686.29156,-563.4377,-342.74097,294.90607,-471.0754,-979.43066,-325.16498,94.51107,-957.8416,939.0647,517.1756,121.53868,-841.6413,363.08463,-346.797,-461.27005,417.79248,250.60039,433.31927,69.79087,219.02055,-981.2073,75.074905];-72.38366;-72.38366;True
[-725.234,-606.71295,-311.60117,-179.8916,575.29486,293.3294,-795.841,755.15015,91.32562,-790.5188,96.20484,206.0713,335.79688,-918.8269,-287.448,-300.34906,-780.23816,-743.238,717.39435,749.0938,-556.4127,-86.31185,683.9147,568.885,459.2984,582.7518,-832.4268,-735.7216,332.98825,344.19876];-61.96915;-61.96916;False
[210.03358,-406.8996,-432.12207,-622.7672,-273.5145,-929.3715,-669.2598,43.179623,-110.942795];-354.62936;-354.62936;True
[-941.9956];-941.9956;-941.9956;True
[959.8279];959.8279;959.8279;True
[-699.04877,-532.1484,-810.818,508.66748,912.0903];-124.25147;-124.25148;False
[-23.358374,208.81793,-449.71252,-19.890377,-103.78179,897.05865,-717.7608,900.0103,146.95648,-165.34966,-712.3916,878.6811,-224.63364,361.5103,437.86163,-72.00442,-562.3947,946.2695,512.6365,-559.5848,-869.0181,18.222988,723.42096,170.63771,660.9502,882.26013,-623.19244,-817.90985,-578.21924,-417.44302,-9.1414,335.96655,-944.5768,-854.73065,-554.3007,-3.7908742,601.9012,-242.5854,79.53154,-717.9621,865.91174,128.58669,33.84154,420.33575,898.12683,534.09985];30.431799;30.431799;True
[58.380417,-55.53212,860.6626,856.81];430.0802;430.0802;True
[-767.89124,202.61697,-113.55368];-226.27597;-226.276;False
[329.26596,-841.7987];-256.26636;-256.26636;True
[-765.0738,831.69666];33.31145;33.31143;False
[115.9617,-640.3743,-634.12195,-416.1487,787.011,220.00783,-984.0866,53.89437,-964.91425,36.624958,299.37323,628.3914,-46.144737,908.04346,391.74274,-259.96622,-871.6256,283.54022,13.951329,176.16068,620.4309,789.3736,320.53387,904.10474,-611.13025,-732.36505,-687.2346,949.3575,475.76517,800.44525,198.45995,-864.5462,-325.9212,892.6548,161.14238,801.1157,589.7049,699.0924,854.8153];126.49025;126.49026;False
[-759.22174,-10.267746,-410.44897,-913.46436];-523.3507;-523.3507;True
[-614.6456,503.06717];-55.78923;-55.78923;True
[864.1794,636.50433];750.34186;750.34186;True
[91.1788,117.97665,-496.17032,-937.06506,758.6738,905.78796,-918.088,-671.9693,556.11884,-126.956825,-236.1853,-110.61686,206.49677,-739.3345,663.06287,804.21106,-493.20645,414.56458,787.0523,-630.51794,-22.424017,285.14587,605.85565,365.5182,447.1109,480.45773,-937.5629,-347.65894,-314.18976,-563.48865,-148.02779,-66.729744,771.2377,535.8918,-106.324295,-450.8823,-9.131958,-664.14844,576.73865,277.64798];16.501217;16.501217;True
[71.10476,426.3551,-415.3285,891.7103,-777.03345];39.36165;39.361645;False
[-774.1819,457.87225,149.5056,799.82654,908.446,-393.62836,838.59143,-261.6787,-381.58597,-129.78407,-346.86343,991.9993,412.6904,-967.6643,-118.74016,296.1292,-207.39484];74.91406;74.91408;False
[251.50421];251.50421;251.50421;True
[984.26935,467.97516,168.20662,-454.96375];291.37186;291.37186;True
[-87.71976];-87.71976;-87.71976;True
[-760.0379,678.2454,-126.70883,982.6177,-227.98727,-755.03644,-435.51883,-533.4261,-201.89067,229.36237,683.7891,25.71791,-679.2051,263.27878,274.4623,602.91895,853.063,-158.71442,301.0308,-941.54956,207.49063,-265.784,67.598495,-707.82056,506.47244,-361.11887,89.689804,-912.42505,839.88763,234.93942,26.64345,-681.77844,-1.5175371,24.95605,-185.24612,-856.1482,275.7062,601.26794,237.0598,-128.25932];-22.849373;-22.849373;True
[-104.86285];-104.86285;-104.86285;True
[-941.79895,-295.9028,650.86523,-632.25555,-772.36017,361.43546,-531.97626,-111.15612,527.7912,-301.55548,-686.7259,948.50665,434.31808,-825.12274,-969.83716,39.3595,-180.29906,484.2846,593.39124,-665.9269,-129.81635,-910.5455,-72.95827,133.07536,115.1707,441.23947,956.2575,466.50888,520.5533,567.1146,989.3613,315.09543];16.12786;16.127888;False
[-427.2082,330.8516,660.4981,961.6218,-663.33923,-304.53146,-683.3391,-959.6514,809.01105,-773.60065,-645.94147,846.5227,70.15302,-673.5004,35.16276,37.544144,209.9742,-269.47937,-972.92334,-639.5772,468.78934,745.06226,749.64246,-767.6424,-644.353,411.5534,-404.31088,576.77277,559.3406,224.40419,679.48846,333.0844,352.13437];7.0367703;7.036772;False
[-335.25598,-827.11194,-342.25262,320.5532,-317.9132,-50.45126,-819.93475,-708.66907,-10.705937,-405.4356,310.4867,-567.93536,-935.523,478.6902,18.269016,-54.172092,-582.0347,34.329266,482.3946,-660.3971,80.87317,158.87308,-631.2651,-558.54846,743.2646,799.57764,-100.08943,952.52576,234.84912,384.0987,607.06836,-691.61053,-675.6549,-502.86185];-122.70499;-122.704994;False
[858.4776,359.85785];609.1677;609.1677;True
[19.682413,-556.1867];-268.25214;-268.25214;True
[949.38947,7.058708,-334.75098,-852.46326,-681.3933,-657.56055,726.764,-297.98172,-101.46426,967.0824,672.8121,-195.64165,-775.6081,817.4557,-405.5422,-335.27237,-963.41565,11.53932,994.90625,625.42487,818.1585,-991.8984,-862.8689,464.33133,375.2935,506.4336,-289.16718,713.3889,457.2522,-510.32187,179.38362,-857.68945,718.8255,-987.8433,-119.692986,-588.75507];-22.328646;-22.32865;False
[-661.98035,362.57233,17.604,-341.4235,-998.9962,-902.9218,-333.1209,865.2633,164.36362,602.3839,-89.517494,-439.8044,169.46642,706.53503,284.01312,-45.34763,234.57104,-740.602,-449.92093,-967.696,-737.6328,-400.78268,-552.0696,-304.1229];-189.96527;-189.96527;True
[-428.07315,497.6593];34.793064;34.793076;False
[887.20953,-323.0799,802.9706];455.70007;455.70007;True
[671.76965,4.159946,-862.5747,-897.2261,587.08234,318.52582,-761.5272,892.00653,-601.70154,-26.522293,-909.8731,-334.6382,-292.28632,12.363715,-204.61784,-212.45074,-260.2832,117.84116,-803.00336,42.145527,-332.04175,-107.73532,486.34665,-395.28275,362.22968,665.64856,798.42865,-902.4962,493.10248,732.632,99.22118,784.3148,309.3282,-500.0463,579.8237,-674.3737,342.4567,668.5194,-757.5079,937.68427,795.0804,-720.7737,-603.107];-10.682742;-10.682739;False
[291.31848,-286.3232,-490.84656,269.7575,-930.8415,-809.11646,-581.32086,502.3172,399.63724,555.8351,394.79092];-62.253838;-62.25384;False
[4.653967,472.93597];238.79498;238.79497;False
[-139.472,586.9025,37.00827,-656.50604,191.04494,863.6964,-41.047886,-392.04663,346.5616,-59.37551,-192.32033,-239.49945,579.97815,-119.14537,719.463,806.48914,-681.80975,551.2205,-325.24426,-712.3132,793.35864,-669.5217,-623.75653,662.8272,-411.34485,-102.84567,-761.0881,212.60837,-166.10257,971.55804,228.51982,-53.7508,554.06366,482.23477,-166.3044,-386.3304,503.75568,-214.6619,68.2025,-883.1885,-286.7422];21.343302;21.3433;False
[17.04472,-727.5997,-300.09048,-392.16507,370.68903,792.5058,397.61124,-547.3746,786.62616,-918.70013,-959.5851,-504.8571,952.8388,428.78012,-431.91394,234.8913,-913.48627,-285.11935,-418.6556,64.19566,-58.59103,-580.6862,-54.262966,964.3093,-692.0699,-301.2183,935.12494];-79.324394;-79.32438;False
[799.5681,706.9919,120.28989,-638.25305,225.03114,619.023,551.3271,126.4316,958.17725,-100.95908,755.83307,-847.68414,-342.3268,-313.7245,-583.6492,42.88156,806.3084,-81.25258,723.76984,844.0133,-692.10236,-546.7555,488.64117,74.29957,-385.14493,426.3733,718.7425,-689.8398,-530.97815,933.89545,426.13684,-627.2622];123.993835;123.99385;False
[-994.0703,969.80096,-873.0533];-299.10754;-299.10754;True
[-560.92847];-560.92847;-560.92847;True
[601.2867,-864.79254,-322.37936,-91.81757,-363.91138,-979.53296,-619.6081,-537.7582,-769.8734,860.5073,99.965645,-504.0716,-519.2544,331.0025,34.813503,-17.90933,-976.6951,-276.77673,851.05206,913.03674,692.8401,-849.39685,-943.7546,360.42255,-998.92554,-343.1504];-201.33388;-201.3339;False
[97.80838,407.26782,785.01416,-552.6553,384.08817];224.30464;224.30464;True
[521.31946,-163.31097,-526.974,-301.86942,-33.996246,-22.734333,-834.2346,309.8168];-131.49792;-131.49791;False
[1.0279776,11.706755,613.5695,929.08673,-439.0189,-457.8037,266.96188,741.8838,-480.40152,786.0667,-991.38605,266.74298,-671.0208,121.85203,196.37929,-573.1541,276.28326,-372.5886,370.2932,-890.89087,-829.5029,-315.67,355.42337,-364.24164,-538.1519,-406.46344,258.3378,-273.11417,833.4812,767.6294,-610.03326,301.7098,-68.03857,895.47833,-694.16364,77.58004];-25.115278;-25.115273;False
[364.8739];364.8739;364.8739;True
[759.23016,-146.5362,-489.0849,300.17984,-308.93073];22.971622;22.971638;False
[670.782,834.5546,-458.32428,-480.7146];141.57443;141.57446;False
[-184.4077,750.2069,962.043,52.2671,-752.8454,-479.1006];58.02723;58.027233;False
[-108.18787];-108.18787;-108.18787;True
[-659.4902,557.73846];-50.875835;-50.875854;False
[-97.967804,-120.231255,-606.2081,-53.882393];-219.57239;-219.5724;False
[-508.329,732.4326,-848.91327,20.669954];-151.03494;-151.03493;False
[870.59265,-508.06955,-322.5937,515.5386,30.726912,-60.886223,-236.62564,-744.29565,-43.2878,-811.3691,156.96733,522.628,50.235508,-228.62585,52.24186,104.00622,27.324682,-910.88556,531.01965,-728.4599,409.9299,-646.4376,-964.5845,-57.472263,-955.5846,-757.337,268.06308,-343.01276,9.572462,-370.59058,356.28165,957.04156,552.153];-99.266525;-99.26652;False
[6.9183207,-875.53235,-251.09799,-789.2463,397.39005];-302.31363;-302.31366;False
[-856.6743];-856.6743;-856.6743;True
[-841.1766,265.569,670.2601,643.562,-941.747,892.71893,640.93604,-162.45006,166.98595,826.2489,681.3039,-638.52075,503.48718,755.3299];247.32196;247.32198;False
[383.8851,-482.14316,413.4605,438.86456,345.7916];219.97173;219.97173;True
[269.14032,-245.44405,-893.0426,15.352499,-479.07434,-661.0919,-300.38855,626.7254,975.5633,-291.9878,923.38873,209.81136,346.1988,-135.17688,148.93445,-701.5326,824.6681,-670.0018,326.5175,-129.93427,-89.40542,561.91876,-782.05786,-735.4108,-324.53638,-410.70886,-846.56775,-843.4536,792.5447,629.09344,-264.8194,-611.3929,-951.7011,-136.97481,-49.72953,-217.50519,-751.8249,-741.49304,-990.8076,-338.18048,-560.5375,-654.33264,892.19574,753.1692,196.1335,199.64713,64.22834,375.92328,-654.62213,527.93896];-116.092865;-116.09287;False
[-892.0653,-449.0698,-37.66524,-823.7336,927.4334,343.2772,777.3958,365.11365,-356.49908,-248.66544,701.9769,-839.4084,545.46344,-845.03204,398.00595,-92.2363,701.9376,-73.95738,483.8226,910.75885,805.6005,616.14685,692.1937,-582.06104,520.3804,94.74923,934.22174,-187.21956,-945.48285,-368.74112];102.554695;102.55469;False
[913.6477,502.03757,-658.9811,938.73895];423.86078;423.86078;True
[-327.91995,-226.8304];-277.37518;-277.37518;True
[-168.79428,-461.89468];-315.34448;-315.34448;True
[34.451584];34.451584;34.451584;True
[-388.12448,-591.83246,617.7708,-999.92444,144.83823,-22.97338,834.025,-80.94584,-132.20299,-95.83458,791.9351,-719.95276,889.07623,-228.6132,-596.0882,193.30684,-500.77927,-225.94423,-684.15466,425.88843,396.8457,486.15384,-348.85892,131.37016,265.99756,-597.84784,-21.999292,-470.84842,982.1867,-111.17835,758.5551,718.2071,-859.7322,-138.26138,110.71996,898.06024,-174.13979,-504.61603,-901.58765,-329.86432,593.0156,582.3766,-36.970005,805.5355];19.604324;19.604324;True
[454.44952,-44.605152];204.9222;204.92218;False
[-756.07477];-756.07477;-756.07477;True
[637.9826,-802.2133,585.1299,263.74628];171.16135;171.16136;False
[-383.9521,-789.11926,-390.28482,-623.20386];-546.64;-546.64;True
[-127.169174,116.38635,51.729465,483.8019,589.18555,598.20337,-959.261,191.3884,647.52936,-490.38004,-729.2585,-546.7447,686.20917,-29.194862,-126.35163,-418.62714,376.0131,210.13086,838.8657,199.99411,55.329403,-862.5274,733.28107,886.5792,668.3389,-497.33713,855.5407,195.38951,517.2892,580.3218,-815.7032,-388.58133,-634.71265,-11.696983,-588.2543,-195.40335,763.9409,725.50964,-402.08154];80.70956;80.70957;False
[-487.74484,-610.7316,-166.59673,-668.71533,48.133476];-377.131;-377.131;True
[-467.2511];-467.2511;-467.2511;True
[-578.8519,-993.0215,-482.6595];-684.8443;-684.8443;True
[-405.2151,343.8946,-596.0653,88.06215];-142.33092;-142.33092;True
[23.395527,-553.4925,-307.37677,866.5981,218.94513];49.61389;49.61389;True
[-411.09225,189.47029];-110.81099;-110.81098;False
[514.78815];514.78815;514.78815;True
[-748.9561,-622.93713,-777.0736];-716.32227;-716.32227;True
[-764.8677,-860.2173];-812.5425;-812.5425;True
[211.82715,776.41833,-281.91586];235.4432;235.44319;False
[384.0786,-698.2638,646.00726,634.1204,296.32028,-410.46594,149.20354,-245.55968];94.43008;94.43009;False
[539.4582,-429.50055];54.97883;54.97882;False
[309.75027,207.79404];258.77216;258.77216;True
[-607.2297];-607.2297;-607.2297;True
[313.01514,92.09556,82.87165,-836.3883,373.1275,-797.8854,65.50455,825.83734,591.37274,-920.0928,-995.8315,-166.23224,-644.41797,-839.45447,-109.37381,472.9065,-772.93286,419.96823,-315.69305,512.8825,-542.69464,215.05293,980.394,535.1143,-911.97675,-118.45894];-95.81884;-95.81883;False
[802.37366,885.6268,586.59735,634.0392,30.199875,-146.87344,-108.91215,526.6084,551.6818,-970.68756,-992.685,-497.43268,49.27816,-350.91534,574.6512,102.63477,909.23303,-608.5238,670.69653,-711.56903,-768.3662,557.9144,-747.24994,-664.424,312.68408,705.1958,411.61273,597.0595,401.01135,-419.59564,-696.9776,149.15128,-577.5937,925.70416,-704.16034,84.071335,322.46832,-995.8571,612.43964,528.09625,-305.7889];40.57115;40.571156;False
[-471.23355,-636.5149,-816.04376,-94.87932,892.24365,-659.61914,318.20923,-755.2871,-931.55646,-618.5685,67.01902,-153.971,-126.582306,42.688828,-491.83832,876.4132,578.8185,-369.20624,-667.9327,-12.39337,-645.6755,-358.57108,-306.52075,-637.06494,-601.69965,342.25885,-878.0163,-346.1122,295.32547,-36.69071,-742.4158,-339.35938,984.9317,-243.43488,-945.552,691.1543,-865.9103,-952.10474];-253.04453;-253.04454;False
[495.4524,-755.2766,-652.73566,504.42853,-871.97217,859.26135,994.52405,-309.65283,209.72574,769.7973,-621.263,348.57874,-975.7204,-925.81573,18.056002,755.65753,648.88135,57.955894,-184.93854,246.30936,-106.89708,295.78973,-670.2437,-380.36325,-341.88422,846.13367,-664.1963,388.37747,85.16551,810.78766,979.1615,413.533,715.7744,-849.6316,-131.96976,492.05536,552.16156];82.29749;82.29749;True
[-926.05853,-153.78955,-757.6724,-130.27275,312.9585,-706.16925,575.179,364.5137,-120.62686,966.1219,-145.71849,-669.7858,672.52716,-341.45792,-620.0829,144.4674,501.7548,-832.356,-166.22485,-556.27795,807.4053,690.84265,-463.86493,390.65506,205.36089,-157.33603,621.91254,712.2749,-92.3973,-663.3945,75.81559,265.85153,799.8899,-124.11493,-548.3771,-209.79622,-501.36438,602.99054,797.86176,-287.23206,-937.42206,577.0868,-178.07071,-591.741,-799.14124,179.97505,646.9668,-857.3707,797.6412,95.44133];-14.652448;-14.652439;False
[61.372505,-1.6855719,33.293484,-758.9041,406.32733,-448.33762,-281.73264,756.35626,235.55992,360.5512,-880.0578,289.94522,-529.16223,-35.358498];-56.559467;-56.559467;True
[352.9388,-558.8576,-516.1468,689.875,-404.5135,-422.0231,-458.02557,-843.3286,-218.16322,243.20522,-209.06769,-917.231,-563.9276,-646.9667,107.4352,-440.3849,365.57172];-261.15356;-261.15356;True
[-674.91235];-674.91235;-674.91235;True
[408.6553,608.4023,-218.70361,217.29228];253.91156;253.91158;False
[-416.6071,653.3982,-369.5288,-543.48376,991.7637,181.73775,345.54337,-41.74898,-117.8029,-688.22815,883.6941,86.69533,-885.2305,772.8264,101.9776,-804.659,-889.20966,680.3862,388.48904,-251.2618,367.4382,-584.97144,396.38446,860.3048,94.8957,962.43427,547.40326,554.67084,-260.77127,761.411,389.4269,-963.1545,-312.5426,93.19387,457.06082,518.0725,-453.02994,94.11468,411.1795];102.87878;102.87877;False
[-967.5764];-967.5764;-967.5764;True
[-120.005104,-60.706688,-888.6911,293.55307,715.4271,-744.6925,-732.5271,-817.62103,-601.6827,743.35394,-591.47815,-459.06845,302.38898,-241.33826,89.95783,319.14124,63.524628,-411.47055,953.48724,-83.32223,-68.60035,430.25595,-212.28008,820.2716,-894.271,363.83163,-374.3643,227.64716,394.34662,8.660717,-216.57886,422.5345,493.22726,657.09875,614.41925,-75.011086,463.95172];21.172153;21.172174;False
[-449.49985,211.75504,724.99384,-299.94012,594.3817,501.65234];213.89049;213.8905;False
[-844.58417,385.76578,-846.584,195.42313,-207.6753,-754.74115,276.06433,-950.6966,300.35678,-679.3953,-68.35371,468.63654,-162.81737,-373.54636,-522.80743,330.8694,790.30255,-595.6449,-345.213];-189.71794;-189.71796;False
[545.4482,184.77025];365.1092;365.10922;False
[-784.9497,384.14447,571.78937,523.8514,-802.98065,174.64125,-24.20891,-738.2204,476.31778];-24.401724;-24.401716;False
[453.78918,-672.4762,-810.1286,-9.572573,-486.39334,321.6604,951.964,-784.8052,981.07935,-461.79285,-431.09302,-50.969307,-485.61002,-123.75065,166.34685,-120.75036,665.3073,105.70228,440.49695,156.82,-631.2939,-685.9002,224.78102,375.11664,-805.9248,50.566746,-949.2061,406.16632,814.39667,-236.52895,366.97177,-968.2975,641.9198,-986.9812,978.7534,-152.63821,386.99454,-362.6809,486.9043,271.8706];-24.229643;-24.229649;False
[-115.509,-56.458157,994.2974,-758.59894,211.70914,-848.7474,447.40347,-374.5955,79.27998,65.794014,-116.0242,-785.07434,-368.16208,-403.24652,-777.1085,149.36491,909.2889,-232.95807,-51.835823,309.28275,639.3892,-189.08427,-786.67413,-630.94507,-561.5694,-125.91006,-482.11438,434.19247,144.94528,213.22012,201.28726,-686.07404,130.48685,-698.2038,525.1795,645.6661,-136.81744,-428.2424,-47.29837,66.47158,743.8931,654.90424,-616.12085,417.6682,-708.54205,935.44385,-430.8856,-427.7196,122.64199,984.78143];-36.358562;-36.35854;False
[287.5863];287.5863;287.5863;True
[26.825058,313.79614,887.5092,-770.09326];114.509285;114.50928;False
[680.30347];680.30347;680.30347;True
[-231.11896,-264.79654,347.35345,-153.98663,83.35002,-478.58923,696.4904,-144.8449,-811.8281,824.80365,-306.51572,-639.1852,699.4895,-787.0214,79.23419];-72.4777;-72.4777;True
[-465.9446,-797.461];-631.7028;-631.7028;True
[-251.74222,477.8883];113.073044;113.073044;True
[-615.4118,786.1543,209.04779,83.485954];115.81906;115.81906;True
[-775.75116,-134.5061,-450.27457,-50.22516,-534.4642,519.7242,-414.22052,871.8599,-609.0632,721.01733,461.74643,-738.9172,955.6496,-895.79,177.84334,789.70746,-738.6852,-835.09485,-389.29147,819.6214,-872.3499,538.1148,970.59875,708.6395,267.07443,-751.8051,753.08813,-37.723495,632.94196,626.1789];52.8548;52.8548;True
[-259.06277,185.48317,17.50418,-170.51949,-575.69836,-206.37248,-473.2845,309.5388,781.0585,714.0932,963.8838,-808.7826,-760.6357,895.6921,756.1199,993.8623,229.12234,-125.2643,44.744343,475.85034,-337.59338,-18.133305,765.6385,-353.26157,-814.03925,-874.57764,-811.6538,347.55267,526.8758,898.7061,-330.39877,276.47598,-175.18,846.43317,605.4725,331.33273,-771.0435,-873.9937,607.33514,446.91043,-765.0473];61.344963;61.34496;False
[-291.83334];-291.83334;-291.83334;True
[90.466736,702.93604,343.85132,-681.4413,818.1692,-936.6554,49.131355,744.24744,533.9848,-581.00854,-7.1082406,155.36967,-823.62726,988.73285,288.19836,986.2903,-500.47717,-589.9268,835.5131,-483.8364,148.74629,-469.7874,-660.9997,-801.2572,477.75833,338.9037,-754.948,-290.8973,-60.299385,918.423,291.3281,-990.6614,-950.23254,717.603,676.86865,-426.80478,-104.184654,-798.9889,-1.3962877,-940.0309,-35.649406,981.0018,46.851063,-809.07916,-347.19434,909.51154,312.15775,356.82092,-744.969,-711.8973];-35.80987;-35.809864;False
[786.5896,774.35834,909.7219,-391.45404,-2.9203672,415.69513,-264.87167,925.3033,-404.9751,66.56787,-607.34045,-991.57684,357.60165,-135.32506,626.6198,327.10754,718.7812,645.9671,-292.31674,903.5108,351.2668,-317.88956,-353.69455,-70.26895,324.68857,144.73474,-710.0816,-332.59528,398.95502,-237.89502];118.8088;118.80881;False
[108.18533];108.18533;108.18533;True
[-844.2442,-436.01227];-640.12823;-640.12823;True
[-171.99475,-111.27995];-141.63736;-141.63736;True
[-839.7172,666.3007,746.089,-781.6015,288.14612,36.602642,-365.97427,-276.11685,315.63135,754.08545,-175.43535,-853.8312,-998.8538,216.84047,34.032726,759.58826,-499.2711,-604.84216,-5.588228,633.1434,556.32227,-43.353012,-726.2682,-646.7633,-49.379383,808.27454,182.40356,774.92377,969.2732,-756.1425,218.18785,-758.80023,175.68138,153.12833,598.2039,758.6641,930.5789,-921.4359,-915.42126,729.2312,778.039,-701.24725,-468.9537,-988.6115,71.50378,-427.8528,-638.99426];-27.43785;-27.437857;False
[155.19855,-163.77126,-935.4968,636.0823,-258.60184,-832.17944,-998.47034,-260.42688,508.72052,18.647106,-797.61066,-337.5661,317.4292,-209.01352,891.99493,-326.71823,184.44254,242.81372,-306.83487,268.2214,-716.71356,-762.2108,-780.6214,735.74854,-712.925,-337.4928,-581.5775,-144.37993,732.0685,-814.86017,-767.81726,-886.1685,807.87787,23.74834,-977.4131,716.23376,-478.60397,699.1782,-89.02124,-103.788,-464.9445,-133.40816,687.967,537.23846,146.02591,-248.6651,273.05826];-124.35332;-124.353325;False
[452.91046];452.91046;452.91046;True
[647.9884,173.11183,468.774,507.86057,-30.95504,-651.3105,-246.63069,148.32544,810.2959,838.85333,-587.24506,442.98828,-332.46292,164.87332,-808.203,691.05707,-894.9517,-37.537853,398.84122,157.6551,613.3257,214.7734,221.53075,103.50469,-908.9921,960.25543,-467.67374,-128.96024,-290.15463,-189.12912,318.55496,339.99667,439.14142,-38.10463,-829.35675,442.48544];73.95903;73.959015;False
[672.35864,-814.83734,-528.99133,-24.461332,-571.5936,-336.47324,-618.1161,888.5465,-769.1691,558.92377,965.0693,-281.34555,429.97266,-227.91046,-611.35974,300.0137,87.47431,-618.15607,-933.176,-42.943016,955.2228,-597.6341,672.6763,-836.2593,-769.78864,-635.5022,-809.4978,119.01011,45.098034,-470.9969,-878.88226,-354.9561,-835.9961,-934.9114,119.06743,-753.5273,675.3618,365.39557,319.4264,-87.0914,-391.61224,819.05426,-597.16797,-696.23694,-652.98224];-193.08676;-193.08676;True
[-455.66794,161.39828,848.0056,234.84084];197.14421;197.1442;False
[-356.23566];-356.23566;-356.23566;True
[483.7729,-927.06287,-839.2944,651.85443,-229.10625,-622.1819,-527.6607,-974.45404,265.14767,-608.80927,-654.3249,216.76791,421.7818,-601.7699,-617.7788,903.8514,-618.0648,-980.1274,513.8285];-249.66476;-249.66478;False
[-256.98898,-213.30835];-235.14867;-235.14867;True
[-473.54102,179.43993,-491.01825,-17.592165,72.64029,-855.4299,193.51027,-138.09084,-544.78436,32.23781,-307.54837,677.8716,939.6798,588.21814,-103.31849,-670.35614,-373.76266,-194.15495,781.5098,417.52515,-574.72504,434.61493];-19.412477;-19.412468;False
[-378.37582,-641.4035];-509.88968;-509.88965;False
[389.88663,942.97314];666.4299;666.4299;True
[-821.3843,50.914967];-385.23468;-385.23465;False
[346.09207,-774.07916,-656.91504,-55.348114,947.4077,-882.6179,865.80383,-10.160296,-937.80804,-79.99307,731.0427,828.77496,-460.09824,364.40128,90.498604,-965.4381,-40.034225,-229.71881,-367.47693,17.040525,-700.8047,572.18335,-523.3807,732.86707,-830.1009,-229.97896,-220.82327,-157.92496,-68.25897,904.8872,-876.01117,314.8423,599.521,170.27356,-203.50533,-841.79926];-72.96222;-72.96223;False
[-994.77954];-994.77954;-994.77954;True
[132.76978,870.5677];501.66873;501.66873;True
[-540.3733,-131.25133,708.8269,620.9056,259.48392,809.78467,-357.9856,42.23883,-301.1923,828.0983,-853.0095,-656.01166,740.7521,-35.5914,-373.34454,35.889782,934.61426,639.6695,-787.68097,84.15918,189.10796,303.38562,-599.88586,-169.26715,-577.248,-405.93167,541.2421,370.35742];47.133675;47.133675;True
[-694.3044,-101.21029,-658.83514,-567.5277,343.97928,-172.89337,-852.36755,-117.36451,624.76715,353.6266,889.4224,698.8369,868.28577,418.49533,824.84515,54.942825,-577.3406,133.63736,545.3243,-116.63722,-615.70514,-16.878206,325.99933,606.20886,-487.66455,-781.8131,240.64316,-234.9988,768.7885,671.593,787.537];101.9804;101.98041;False
[737.7029];737.7029;737.7029;True
[658.911,-328.39145,987.4431,470.7254,-299.1027,617.06464,-698.444,707.8081,764.11145,881.6361,-213.10902,-247.93318,-972.9848,209.10924,-419.34497,96.8762,-917.3411,-798.31104,455.0434,146.59146,-576.2497,404.7755,-878.4919,-531.8423,-643.33386,521.4422,189.8293,-909.09174,-660.4173];-68.380066;-68.380066;True
[311.8496];311.8496;311.8496;True
[714.1532,-662.01154];26.07084;26.070831;False
[595.5266,807.5964,-602.8845,562.45044,-439.74384,-238.5587,-835.8024,38.23892,793.79254,-955.94165,856.8986,-542.76715,451.73196,-194.93196,651.65155];63.150455;63.150455;True
[-365.69498,-670.18555,-742.70605,777.262,-374.22763,-141.89671,357.74057,447.52588,925.2412,613.4462,216.60965];94.828606;94.82861;False
[-700.8572];-700.8572;-700.8572;True
[47.315403,572.3227,-930.2373,581.07385];67.61865;67.61867;False
[-696.55585,293.37164,759.4581,582.7754,-274.02197,-348.10614,-828.8898,323.43332,-90.12556,-140.18619,23.241646,146.83032,-517.56866,83.53048,29.22822,450.6148,-994.82513,719.4299,548.69904,597.068,-795.99835,-902.21515,854.5527,885.72687,384.28983,128.90157,489.26962,-499.2444,-448.9402,906.22327,911.26514,-582.49817,756.21796,-513.8214,165.23186,239.00177,-240.62953,-667.8603,406.12106,982.026,-784.3526,239.93494,764.6179,-56.412647,-706.5707,-45.06309,-737.3324];38.294533;38.29454;False
[-42.902966,-959.6927,-35.57806,240.2675];-199.47656;-199.47655;False
[951.6948,702.4873,-668.9377,-555.87036,-870.11304,-522.99786,-554.27515,290.54788,-203.03557,507.7494,-864.28125,-587.9895,625.53674,-597.266,579.4068,317.6898,582.74567,-570.9486,-869.7885,468.57028,101.83125,-888.5386,891.9142];-75.38556;-75.38557;False
[-449.15582,-827.65173,-768.1962,786.0243,172.3107,-717.2553,919.3552,-471.04297,-14.3953905,-953.882,559.0265,981.18854];-65.30619;-65.3062;False
[313.86188,200.22963,-391.1445,-960.68567,-245.63332,920.27814,-409.98212,-815.9295,-701.7361,93.150665,945.69293,-167.37894];-101.60641;-101.60641;True
[-143.02281,41.100742,-458.4659,-430.09326,151.58519,214.02792,-729.40857,201.2569,-895.8477,835.3568,-730.9409,866.41296,-207.29836,-860.12805,0.91015804,612.7689,-849.3949,-27.98527,-260.4961,294.70032,-21.333776,362.3798,306.18655,319.67096,-305.56625,822.96387,282.72507,159.50844,-742.717,-936.1364,-612.91174,182.08641,-24.619263,929.82495];-48.614716;-48.61471;False
[43.403538,-798.3568,-274.96927,232.36511];-199.38936;-199.38934;False
[-207.94826,-259.00092,-15.1888895];-160.71269;-160.71269;True
[-254.95456];-254.95456;-254.95456;True
[-265.5822,-482.40347];-373.99286;-373.99286;True
[539.56287,-821.2196,-685.68146];-322.44604;-322.44608;False
[210.98506];210.98506;210.98506;True
[-377.07318,-973.31226,-132.86526];-494.4169;-494.4169;True
[581.29645,-432.61435];74.34106;74.34105;False
[710.9499,-154.8169];278.0665;278.0665;True
[293.01004];293.01004;293.01004;True
[-303.14258,441.5073,875.046,-645.1736,273.3628,-934.535,-979.47687,-126.54661,668.84393,864.11145,-977.774,725.66376,-79.63913,845.43024,-136.30441,961.0338,-802.7803,-988.18085,-706.0426,141.5617,-636.58856,-865.54553,-615.36786,916.43726,612.84454,-476.43896,-826.33545,-565.0907,637.1499,-897.491,8.769283,503.8076,-704.3998,-380.94904,369.70673,-172.08632,-921.04584,664.9036,927.0186,415.51797,-206.20021,325.2666,-614.1315,288.13953];-70.344185;-70.34417;False
[376.74615];376.74615;376.74615;True
[-158.61958,492.83896,67.9475,-898.3487,-813.4482,455.84995,83.048386,-855.9372,526.4576,-388.8765,597.03625,-942.826,-771.75854,-701.04095,928.428,-942.43536,-88.69643,-974.8063,300.42538,-313.09497,-754.76385,835.0669,-936.53796,-225.62054,682.50696,-210.30685,-627.57416,-890.2187,-866.968,-423.7869,-888.1688,902.29364,488.16754,-176.29794,-331.14484,797.2313,114.54677,50.436787,273.29333,732.7896,-36.429214,334.13263];-132.26688;-132.26688;True
[-613.6022];-613.6022;-613.6022;True
[598.2822,701.77496,-72.13443,373.1661,-674.91895,-135.1654,588.5371,-977.5738,125.82868,863.1411,-132.02219,948.3302,-156.48572,881.28986,-904.3182,424.21866,350.99753,157.92976,-177.7486,-387.13144,-275.27924,-695.92194,-497.16266,311.07843,-61.007694,-57.502945,-188.95546,-117.71057,-323.88397,-921.64984,812.36676,835.3111,5.8466005,222.68272,-584.3313,-600.20074,408.35287,-35.89882];16.635021;16.635023;False
[-73.90008];-73.90008;-73.90008;True
[670.8267];670.8267;670.8267;True
[-729.8734,-887.6513,372.7741];-414.9169;-414.91684;False
[-65.6592,-703.42865,333.26263,-401.5872,-427.81787,-914.2994,-990.857,-251.88419,-795.78906,-637.2739,-110.169586,694.69543,781.85815,-712.06555,266.55927,-115.98409,-895.671,602.2347,-730.45197,103.479546,-662.75287,188.19328,-598.15063,567.9497,-626.87213,106.15389,-827.12726,632.4003];-221.1091;-221.10909;False
[432.19946,462.47064,-168.09563,-549.9488];44.156425;44.156418;False
[-798.05505];-798.05505;-798.05505;True
[-434.69843,-275.2615,353.94122,-192.9086,456.39877,-377.36044,562.2709,973.5694,-972.54694,-468.5597,-286.15988,-364.41345,-680.5965,-117.28522,-316.20673,426.99313,-9.802512,744.0097,-383.12817,703.5085,318.79242,-642.3216,794.8006,-996.8858,-971.83344,340.78088,-755.28784,-628.9646,234.7744,-142.12173,111.86228,-477.7293,466.64526,-271.05847,-889.09235,-628.726,139.59074,397.48373,473.53076,327.52966,140.75223,959.41656,-273.7862,937.40533,-759.0153,41.02238,-639.52234];-64.89775;-64.89775;True
[642.20544,-817.83386,735.7168,352.0031];228.02287;228.02287;True
[-619.55493,954.2504,327.81625,-206.33896,-707.5303,-697.61115,-965.3188,112.1844,-991.8438,-250.5327,862.7848,271.72842,717.8842,937.0115,-219.78256,393.87112,-780.9577,-459.28912,125.66901,-709.1861,-667.4127,-224.10301,83.47618,-158.90726,-452.07758,-626.3949,-737.73676,442.83652,330.72678,319.7599,0.28480116,127.152405,670.9437,-379.26953,944.4065,916.1731,-346.7821,891.70215,-564.01276,574.752,-900.3553,-339.98398,285.75595];-39.85609;-39.8561;False
[-163.26984,982.4003,-288.57242,976.3853,833.2954,-143.44177,546.9299];391.961;391.96097;False
[-138.15576];-138.15576;-138.15576;True
[-442.7669,946.7383,-593.49646,-640.11127,914.46173,311.9267,785.83105,-97.73277,-360.50977,727.05676,341.1502,-869.78204,174.9725,922.00476,116.241455,93.92148,-396.74203,645.41736,-623.02216,-361.49377,929.15594,-392.91068,-577.29913,-904.771,451.67612,-458.86874,-695.7707,-849.394,-627.7333,535.98553,690.7505,485.83926,-757.8492,560.55,364.16943,-406.66116,368.9388,-538.6274,118.3222,554.0931,-117.22659,-385.91592,201.78465,499.09195,-195.1583,882.9378,-133.16081,979.9626];45.332832;45.33283;False
[-775.9832,147.07466];-314.45428;-314.45428;True
[-208.0541,310.5476];51.246754;51.246758;False
[-683.4359];-683.4359;-683.4359;True
[666.4505,-631.97675,859.00934];297.8277;297.8277;True
[-836.97217,10.197422,934.56335,-413.52234,643.69556,-466.94946,541.1843,-410.60568,640.48535,-222.98654,719.8352,437.35153,-190.87047,-70.78153,470.32837,765.495,939.1053,650.037,486.78256,-734.03076,-578.3981,-419.61734,-505.35992,-786.4599,-592.9807,-550.0015,211.57182,652.77826,25.105133,-880.6906,-740.51996,260.04968,964.66833,-110.62613,559.8859,426.76083,696.1312,978.92065,-987.4319,-793.99164];43.053406;43.053413;False
[791.46436,-17.183907];387.14023;387.14023;True
[934.8072,-791.843,287.4137,-254.43124,775.0549,164.0017,-667.59106,726.991,-159.4546,373.8495,-512.02924,651.9095,-462.61115,-182.89154,-838.5442,-258.39914,-555.07184,-802.64056,-166.61873,-813.49115,562.3743,-899.6806,-95.92142,-646.4869,-444.27408,909.18396,-43.20003,838.86536,706.93805,214.95924,-832.43774,-421.96542,-472.92798,734.78406,-491.96933,405.3454,-932.5786,339.13278,116.25849];-77.05616;-77.05617;False
[66.38664];66.38664;66.38664;True
[-9.782505,-540.43976,-460.9821,727.53973,152.76079,438.49506,472.90378,-809.35486,-929.25836,407.77988,518.08484,458.95386,-647.414,-797.1194];-72.702354;-72.70236;False
[306.5717];306.5717;306.5717;True
[-356.18866,-479.95734,-154.02432,710.73224,-828.29596,14.037298,498.60156,-652.0833,906.78827,-62.548943,879.1678,-222.59409,372.70523,-728.66095,-184.03912,-719.9473,-550.0188,-845.422,-116.08965,-63.47925,-894.3808,-880.6104,-50.22531,422.61255,-184.155,585.7084,-462.41187,800.16583,-819.15063,-976.121,291.52917,-63.362774,990.13184,-29.441847,229.38701,-131.86873,569.3175,-829.4131,-291.68213,-585.227,-375.9158,517.99146,65.598465,663.965,-5.8970385,-817.842,750.60004,556.20764,-260.34,-669.37885];-89.31053;-89.31052;False
[-30.672344,890.7265,-499.07394,-664.7547,-72.55213,662.5404,-10.279163,814.88837,-981.0723,-94.50394,-899.78784,287.07767,-18.183237,-600.0672,794.08563,-151.85841,-863.7657,512.33093,63.436005,943.11334,503.516,-402.60846,348.64792,-106.848434,256.4255,686.274,-433.69788,-859.33276,857.6687,-497.68817,-132.95891,836.4861,722.4654,-910.3314,-121.9057,43.765358,531.9486,-102.96467,-367.57278,-203.7249,-572.3235,-972.38727,-353.7534,-475.9558,-766.44073,548.26135,678.8573,-52.737293];-25.776829;-25.776834;False
[-279.4963];-279.4963;-279.4963;True
[-641.9682,-431.0358,13.537439,842.31305];-54.288376;-54.288376;True
[-459.17065,-978.15015,246.72261,757.39825,-353.58313,185.20529,-331.77017,378.56613,-418.62524,-137.41034,-603.646,-841.7575,-167.9048,634.1104,-211.71342,-348.72592,-596.9927,-543.4806,861.35785,428.25226,597.64,70.84453,505.2337,455.851,494.4268,897.99084,135.10179,-288.37445,-739.3751,507.5789,-979.9628,-845.3287,-167.51479];-56.278973;-56.27897;False
[988.0455,313.89008,-28.175219,-86.10007,-646.1327,-64.7837,-989.2933,-521.6895,730.52856,87.73726,251.15302,-950.6137,228.43488,439.3218,874.54675,-403.4753,-16.601076,504.41968,555.9433];66.69244;66.69244;True
[131.33784];131.33784;131.33784;True
[214.57764,-518.4686,679.9902,587.93085];241.00752;241.0075;False
[-380.81015,-158.77287,609.97906];23.46535;23.465353;False
[-116.63413,-652.6956,-640.72327];-470.01767;-470.01767;True
[507.62735];507.62735;507.62735;True
[727.706,739.0483,565.9835];677.5793;677.5793;True
[667.1746,-879.79987];-106.31262;-106.31262;True
[-693.0433,970.3706,179.70747,691.19965,-707.6924,566.9329,-37.930996,805.44165,911.2884,301.65198,-540.18524,324.93277,-497.52405,795.3669,-700.7009,-408.05646,773.4881,971.55115,-470.62708,649.06177,117.27896,858.67334,-211.99652,154.15286,856.08704,586.0945,-755.6457,-100.59058,-615.4685,-388.1061,628.6435,-740.9848,68.1204];131.56035;131.56035;True
[-105.94161,-490.1437,631.3151,-381.6212,-248.26031,-639.52454,225.07808,779.711,940.22473,-246.95921,511.66006,-684.22565,942.8165,-612.4691,-876.97626,-326.65616,281.47995,-271.4473,124.672226,-898.3307,960.39594,-548.2908,960.83606,952.5049,419.14542,54.458893,769.91785,-286.492,916.4835,-11.538501,460.87845,953.292,470.74026];143.23436;143.23436;True
[450.93777,914.99884,390.2782];585.40497;585.40497;True
[707.45105,-369.5477,514.4276,477.35257,579.0645];381.7496;381.7496;True
[-348.41586,-637.2049];-492.81036;-492.81036;True
[-424.3798,-580.36444];-502.37213;-502.37213;True
[-783.7518,675.2252];-54.26328;-54.263275;False
[272.93307,-438.05923,-822.9008,-419.22192,-947.6638,-784.9075,-492.43713,245.74626,-643.1686,-196.11914,-399.93677,-690.8238,3.8615322,-950.2891,-511.61554,352.3633,-757.69354,-456.53708,-208.54166,902.7343,-868.02954,-45.757786,-93.97204,-242.94987,754.3319];-297.54617;-297.54617;True
[706.8338,415.34717,318.3896];480.1902;480.1902;True
[-827.62634,-811.6236];-819.62494;-819.625;False
[-631.79016,331.33002];-150.23007;-150.23007;True
[608.623,270.6472,-315.22064,314.18484];219.5586;219.5586;True
[-190.74622,776.1973];292.72556;292.72556;True
[671.78625,425.84818,304.7579,91.62825,581.23083,-576.68976,-780.24994,173.73877,-680.66125,-578.68365,854.40594,-817.5771,549.7672,963.2099,627.0992,-381.07544,555.9089,184.06148,-501.4642,-765.0661,88.32419,-908.1642,-842.31506,411.233,329.30905,16.003557,-553.4207,126.54496,-248.24025,-643.28516,-217.4078,-798.5366,-934.48975,449.2927,909.06335,590.22723,672.83453,-647.0539,-310.09045,-106.50139,-904.1785,679.2413,-138.87651,978.1902,-308.15536,-804.9879,-338.1703,-384.21924,639.3669,866.0301];-28.609137;-28.60913;False
[720.1663,407.65567,-20.726152,223.726,24.707775,354.69672,-746.7286,-714.2324,-444.1396,-682.40027,-868.04816,941.40173,-925.1905,-639.75745,338.27625,127.37475,-776.2582,239.7302,-411.1295,908.8516,-888.8497,-381.3218,-296.26257,237.38512,-325.88135,927.7205,-435.24362,727.0596,477.31357,56.03733,747.7381,455.70737,329.11838,721.5268,-595.2441,753.17224,-621.4579,108.57186,-712.0715,-43.827095,202.24258,-839.8176,682.7801,189.39891,-200.79442];-14.822732;-14.822737;False
[100.65984];100.65984;100.65984;True
[-373.16916,668.3708,-174.7212,938.4375,-369.25323,-984.245,10.090289,-254.39754,-764.64264,325.95767,-92.42183,-750.80273,-399.63074,-261.35187,-531.93866,-673.2817,351.11514,-606.90314,-346.5204,618.23926,642.34937,-182.75134,-308.18246,-58.217022,500.777,143.45744,-614.0713,-316.66388,587.98016,681.7063,119.39743,794.8669,-707.01843,976.83795,750.90735,-339.33868,893.7647,634.5249,199.9107,-718.2536,-580.35266,921.4117,-799.7768,980.1209,-198.51707,428.0637,-565.5055,138.96843,914.2448];25.501465;25.501484;False
[57.4113,366.31116,338.07733,-954.29535,272.12585,-847.2728,-981.88214,444.55658,-698.7087,-97.83793,-721.14734,-473.70694,112.324745,-876.49695,-830.37067,-974.58527,-495.73547,951.4103,748.38306,-394.69293,265.87592,873.5662,577.0391,480.62488,-794.36896,1.7507017];-140.44785;-140.44786;False
[82.91793,378.54718,-314.61066];48.951485;48.95149;False
[-150.02411,499.0975,-155.49886,-245.00822,187.1563,907.75244,212.99939,-148.92975,273.52603,-414.89572,389.2184,-869.1597,-519.75574,151.5517,462.04376,-562.0834,-578.46454,-819.71106,-2.2085469,-910.7044,988.0431,959.7209,-248.20335,-865.811,14.928005,-149.6448];-61.310223;-61.310223;True
[-636.3232,-1.6428692,562.64307,-722.65295,-975.4841,-363.50497,177.76843,-768.133,162.62486,629.6026,659.3043,-365.76007,24.895016,555.1299,-621.7946,767.08746,262.5749,473.64926,691.4735,-462.5401,-468.22137,159.03752,252.16678,525.35187,-337.39206,-317.55756,155.2634,587.0829];21.594603;21.594603;True
[913.6383,599.6445,-785.68134];242.53383;242.5338;False
[168.89244,-367.79004,-830.76227,-177.95662,-357.43988,241.36137,596.2286,-396.84805,-965.8566,-410.2296,629.3681,148.31198,591.9029,-476.73608,-427.59305,783.34106,-246.0934,16.41072,588.0361,890.9551,541.48395,-895.9394];-16.225128;-16.225128;True
[-878.00226];-878.00226;-878.00226;True
[-759.95294,250.17676,375.02725,-902.1334,-254.27345,-337.88394,16.724066,9.834508,-483.88757,-169.5724,-391.40033,-438.4115,830.96826];-173.44498;-173.44498;True
[772.37585];772.37585;772.37585;True
[-223.65111,-204.10712,616.8096,113.00778,250.38684,851.6666,-160.79587,939.84216,137.56093,-53.923374,444.25302,180.32059,974.3282,-721.4032,-187.4025,-146.61642,197.47194,-851.32404,-542.62866,-511.94577,-499.3651,491.4766,142.37703,438.8637,818.1583,184.0618,246.00731,110.916084,-502.18866];87.31574;87.315735;False
[227.99132];227.99132;227.99132;True
[100.819984,-416.15085,488.7877,765.91956,-999.9367,-947.2589,-223.5964,-833.4129,-932.4782,31.84783,-988.53094,-214.54185,-813.94446,294.49915,-33.398865,229.4667,923.61664,-759.879,785.2227];-186.47101;-186.471;False
[-747.0069,-121.72374,769.0968,647.3386,-760.58624,-415.0542,-859.6172,789.38464,-311.53,422.03442,708.8082,708.07904,326.34634,-891.75903,-882.5939,-330.21136,712.34314,752.63776,-289.5074,-815.04474,908.72943,-612.63525,-462.02914,-148.03679,762.2612,589.4825,968.40063,-436.12238,-762.6314,-201.50969,250.25186,623.0373,-819.5345,578.5944,831.4601,-267.68777,396.79327];43.52049;43.52049;True
[233.43222,698.0385];465.73538;465.73535;False
[-948.6697,533.6937,275.04544,978.13635,-693.06305,849.5595,491.517,-692.3413,254.4013,-582.42786,-835.69916,-99.32646,805.65515,932.6128,-241.72499,809.65265,-230.01706,640.1681,176.69038,-856.03406,-148.2839,566.0407,313.7517,-927.0389,-766.6984,769.987,374.48865,657.2015,197.90872,966.6052,-82.94409,-46.277847,-986.6868,-547.4997,121.43033,-531.8787,128.8788,436.95364,-600.2006,215.75269,630.03296,-405.96933,-862.23425,406.2425,-150.2889,937.2608,91.81875,-919.99634,53.823563,-36.271275];28.474743;28.474743;True
[671.29614,-970.11816,856.4088,237.78058,-193.84326,-815.6955,-55.809975,880.49506,-262.1934,-757.5105,-598.2959];-91.589645;-91.589645;True
[330.91693,609.5092,697.22125,378.07974,-973.4684,513.53925];259.29968;259.29968;True
[-38.01275];-38.01275;-38.01275;True
[-997.4298];-997.4298;-997.4298;True
[-734.24164,277.03314,811.5726,808.84686,721.5055,680.7723,569.93414,21.09757,-271.0055,414.61148,-389.02057,-172.09245,-367.6747,-496.30557,14.74295,784.0328,-386.08157,343.6374,10.43501,-819.0612,464.67255,45.626945,-462.81537,-697.69604,-625.54346,-27.722427,-820.72644,697.33856,-796.3101,-625.2898,855.56055,371.64047,987.78174,597.95404,90.06155,758.19617,529.7147,-809.0861,950.4165,-393.47266,852.0736,-561.21313,-186.76048,-484.12408,8.337193];56.474506;56.474518;False
[468.86404,-105.21943,-992.1147,315.87152,525.7814];42.636562;42.63656;False
[-161.84694,-822.2945,-997.6906,-888.8497];-717.6704;-717.6704;True
[-16.074615,394.02618,-414.25494,-198.51476,-620.96655,-202.48392,122.51374,-864.4021,-535.97095,179.2296,177.82533,6.823637,-954.2685,440.15222,-555.68066,446.92212,421.35602,-555.18774,608.49756,-873.6727,-454.5172,-131.01309,-637.41565,-162.17036,917.52515,177.34656,701.4925,-215.57886,563.53705,15.522071,657.0537,179.42067,-754.03406,-923.5296,-962.30865,348.6388,607.2227,588.9051];-65.211426;-65.21143;False
[-35.295723,-298.6064];-166.95107;-166.95107;True
[576.1845,-989.334,-380.96268,-360.38574];-288.62448;-288.62448;True
[619.2993,-485.5655,-405.99533,-315.65982,901.4166,-220.20824,198.28204];41.652725;41.65273;False
[737.5284,-820.16815,-191.93863,986.3759];177.94939;177.94937;False
[698.48126,-393.63055,718.53577,-630.5587,811.00134,-969.047,-11.671964,-330.9669,734.1075,-129.86414,-248.80835,-320.11578,-483.31494,-690.1528,339.57956,824.1921,722.12427,-281.94452,-908.8627,827.8383,-959.24,673.4535,-329.72974,-428.8766,-627.6001,-223.8643,-601.7199,-222.20224,-29.936264,589.6942,-186.92082,529.512,-676.0474,292.67395,673.63257,977.5723,865.0526,658.3465,-69.08424];30.298407;30.298412;False
[873.65955,0.2914865,-833.1538,26.871119,862.642,592.76196,-696.992,254.48755,-218.2478,-442.6772,187.11066,-366.13333,912.7452,72.772095,175.30716,-778.39746,-282.67154,324.94495,-95.12011,655.2322,-165.05627,469.6103,288.79956,528.2615,402.18253,-249.24294,624.0637,-13.592432];111.08781;111.08781;True
[-896.4914];-896.4914;-896.4914;True
[358.5972,902.46204];630.5296;630.5296;True
[-746.29724,-931.4342,963.6258];-238.03522;-238.03522;True
[694.7283,-786.5958,984.21484,498.5029,-724.8498,-156.39409,-135.5317,-835.4202,621.5799,-202.4691,505.79517,-199.83508,-347.11887,937.59216,949.63525,-834.79926,730.4775,232.10797,252.446,-336.55667,194.3689,-886.29736,498.41635,98.283134,499.95685,993.95135,-796.8198,445.55814,-359.93384,-173.82394,-960.0112,977.64905,733.8159,-678.8102,-326.68527,-307.71304,-326.24228,-553.8224,-849.12463,931.14374,-455.0343];13.3252325;13.325238;False
[205.88358,-264.4217];-29.269058;-29.269058;True
[-187.0621,415.2312,502.55344,188.30733,134.44809,954.70355,-548.6565,282.2339,-804.3204,-945.7028,465.24808,-645.9726,688.95844,939.3106,699.26324,252.42313,7.446583];141.08313;141.08313;True
[-596.24744,-202.39796,744.3221,-78.41847,982.55023,206.03967,743.67487,-270.00882,-306.10263,494.13174,288.90372,350.42203,829.96484,-432.28818,-995.54016,322.98404,-358.82794,-501.52603,-939.47516,931.00964,-969.1779,601.8141,-505.449,-20.645401,601.1566,47.50181,-472.07288,-414.5817,-401.5021,-460.37766,-514.9893,274.20554,127.41398,-59.884422,400.27975,912.8905,638.6045,-639.3676,690.3745,576.98505,-857.5257,210.31778,371.3147,309.3541,860.12427,-37.478348,217.19337,-85.03877,95.757614,-8.672303];54.033905;54.033905;True
[-568.2243,-12.739069,-335.94183,913.2196,-910.15765,796.06824,619.5588,520.2718,576.1039,359.01254,-402.37366,-120.24504,917.45874,630.22473,633.94617,-412.4947,878.03644,-171.93677,942.08124,-486.1516,-64.31283,-846.36346,-848.77673,785.1922,601.5661,859.5779,-34.072437,352.2303,57.48498,165.71526,801.6034,947.06335,-740.4725,770.23303,404.6102,14.749018,892.7571,519.3737,-16.61177];230.44267;230.4427;False
[219.5521];219.5521;219.5521;True
[-69.47767,-856.54193,-601.1225];-509.04736;-509.04736;True
[432.0222,-311.52164,-986.7922,504.65826,919.04724,-581.463,646.9108,577.3178,268.37866,-695.86035,-167.65378,698.5313,-383.15738,-755.6214,-906.12604,-183.92561,736.0144,131.30086,786.5196,176.13655,-36.62589,-245.0408,430.12344,205.25533,932.0177,858.5339,-14.369935,-803.1058,675.6448,305.50296,737.1535,-609.3843,999.9971,-661.5884,-710.8431,-169.37013,-111.12457,-11.125319,596.28796,251.82498,152.3154,-158.98088,914.1144,165.21828,526.4558,555.6562,-907.7926,301.08908];105.67824;105.67823;False
[867.36395,508.2614];687.8127;687.8127;True
[671.9586,-801.2204,-922.2018,347.1648,340.96222,562.84784,-11.037561,821.2281,-498.30405,362.01324,700.75336,286.07388,801.7307,493.74066,346.38577,846.39636,-845.56915,-903.04846,-712.97345,439.76108,758.5234,-419.739,238.8371,278.84036,-468.58008,-701.765,-627.2425,-348.7055,-333.4449,734.8587,-866.5681,230.43454,425.40057,94.42472,-169.68633,247.07033,987.6998,-946.4372,-326.86737,882.7125,-791.1365,-905.84827,855.54266,-933.4384,471.353,315.36545,534.9127,493.48425];42.430473;42.43047;False
[921.4608,-992.25836];-35.39877;-35.398773;False
[-955.38635,-856.5855,573.49896];-412.82428;-412.8243;False
[-880.09735,233.71248,130.40218,0.81768507,-760.1335,-505.61368,374.51584,-794.8412,-487.38364,650.206,-804.6018,215.4948,804.35657,-652.49805,-510.89795,394.3655,551.34894,-5.668165,-192.40999,-400.0951,37.759712,98.03233,-191.74464,34.001812,-380.16385,-430.13336,-984.84106,-186.18613,684.3144,757.81586,83.20532,876.3132,-861.2719,993.9524,-577.5028,-242.81409,-946.44836,-219.27693,518.62177,-970.4532,710.87726,-609.13776,575.6397,-255.42992,761.5918,618.544,-787.9377,-914.7195,-547.2158,694.77454];-85.977066;-85.97706;False
[697.246,612.41284,-31.556812];426.034;426.03403;False
[964.7626];964.7626;964.7626;True
[-600.1369,-175.49266];-387.8148;-387.8148;True
[315.34662,431.98813,350.8915,-843.4169,-398.48117,148.6696,20.236698,747.0063,-41.62745,-359.69638,-706.2167,621.04004,143.45195,917.74713];96.20996;96.20995;False
[850.90814];850.90814;850.90814;True
[80.55073,168.67934,505.75375,593.34174,5.407601e-2,52.13675,59.65824,-40.418976,92.970695,-376.27902,-780.0807,695.4921,654.9484,28.001923,972.2723,-301.2605,10.518168,-58.530422,-478.297,-334.54904,-521.147,195.53146,456.00348,-158.25522,68.57121,301.66534,152.19656,-980.39465,361.36108,-813.35114,-961.07336,683.6626,553.971,-28.820463,493.9309,-352.92923,950.3742,463.08893,-865.7795,258.82324,330.6817,-813.2554,-952.3841,321.48022,570.64557];27.990225;27.990213;False
[-935.38947,-873.2875,181.11519,490.3056,140.34862,409.57565,316.3656,912.8243,-396.95065,118.08302,-683.6647,-578.82697,-646.2078,728.07043,-883.8926,350.92056,740.32104,900.12537,556.4748,765.9847,390.89932,78.72604,465.103,-867.0019];70.00091;70.00091;True
[513.4479,910.0343,-254.83508];389.54904;389.54904;True
[411.20282];411.20282;411.20282;True
[-250.83636,-664.68616,52.236977,-991.5555,-620.7459,638.2316,-999.26294,135.88828,-744.8766,-669.41583,186.46988,-210.16139,575.0081,28.571249,-320.70746,547.3504,726.0634,969.639,166.59175,291.77316,-695.93335,396.5329,-670.33417,-853.7606,735.7151,855.36194,-940.5734,-807.10065,913.00226,-315.16595,144.53702];-77.16592;-77.16591;False
[117.578026];117.578026;117.578026;True
[-606.87555,923.12256,-182.03154,671.5558,-212.06534];118.74118;118.74119;False
[-305.28995];-305.28995;-305.28995;True
[-71.74385,-643.3516,882.992,572.9797,622.3322,-656.3163,674.08307,629.94135,-576.50336,391.25525,-711.43677,299.98868,-380.8498,440.74048,620.3412,444.3293,-51.6054,-912.3177,378.75223,-154.87698];89.93669;89.93668;False
[-980.15784,-772.6412,-365.43164,636.43976,276.15778,-414.31088,-617.5529,742.6806,799.8439,838.22864,-962.8586,937.27594,-995.3247,835.76495,-311.06802,-878.54956,-582.7481,-473.7829,170.56375,-31.164423,-897.03955,517.17737,605.46155,-704.0881,268.83313,69.088234,599.42676,-692.54724,746.489,509.83835,514.3509,-580.3322,-955.3268];-65.06982;-65.06982;True
[-174.70358,-10.090686,795.23517,-48.63324,-435.38968,-827.5113,521.1042,-902.1806,-461.03757];-171.46747;-171.46747;True
[-67.15637,-10.384169,192.887,64.47134,-44.25378];27.1128;27.112799;False
[926.08856,116.8339];521.46124;521.46124;True
[12.735469,168.92166,406.38254,-39.823322,-705.4812,107.723236,-429.88834,886.329,842.0307,36.24613,108.745445,-399.72534,-942.1273,589.5064,240.37167,-478.4035,-34.48843,-244.97862,-61.20014,-247.88751,523.3752,-188.16698,-694.30164,-304.30948,304.74045,-891.5159,752.52454,777.6661,-378.64264,395.09668,-135.8642,843.27026,-790.23474,-268.65823,-986.7657,-472.6336,452.77478,-388.76926];-43.037525;-43.037525;True
[-846.8584];-846.8584;-846.8584;True
[865.3048,-299.9786,-455.117,-897.18744,514.65125,-444.9188,-230.36647,-916.67084,157.59413,299.51346,-2.254565,-419.38013,686.51965,962.33887,-924.6291,681.2136,712.9547,-530.8692,767.54926,-119.516045,-287.80698,445.83917,-677.0836,-592.2103,-100.90598,-402.5093,-914.9531,-172.06003,505.5251,467.49078,407.81366,-149.3171,444.3725,-599.1687,977.8549,78.74996,-778.0028,614.584,-944.562,-713.6872,-599.53284,-578.35974,-884.28345,-256.46167,912.8493,-141.26563,905.5776];-55.846;-55.846;True
[996.2671];996.2671;996.2671;True
[-823.89813,668.8894,484.34058,-299.29803,-836.19037,307.00266,-955.30084,-930.6133,487.72165,-988.8551,280.9749,889.0472,238.56306,108.48262];-97.79526;-97.79524;False
[-995.40326];-995.40326;-995.40326;True
[-418.63834,234.7416,-697.33936,756.0766,879.53564,-349.52435,606.5889,10.914607];127.79442;127.79442;True
[76.978325,-227.39706,547.50146,980.20215,-99.9749,-153.93987,-251.68568,-23.445072,-364.9037,379.96112,-626.58405,971.00446,945.33417,84.01239,498.93768,670.4141,320.6309,312.76715,-958.2897,288.57404,-278.65396,946.08844,568.64667,925.5581,-57.9585,-881.38666,-306.39575,582.73517,989.24146,325.1345,-705.7877,-619.61273,409.80157,-100.48132,-795.02765,-953.15533,-788.4497,-102.01464];66.53631;66.5363;False
[172.97441,-138.387];17.293707;17.293709;False
[489.78668,-469.46265,417.61774,505.31775,-696.5448,647.5905,-458.31955,-717.0051];-35.12743;-35.12743;True
[315.3247,310.80603,-796.5451,628.7448,-241.48026,-594.57764,-136.46307,-502.14856,853.75757,452.50183,-516.078,347.12637];10.080727;10.080722;False
[846.8408,878.4028,326.47833,300.96945,437.4872,560.03265,-748.4805,-863.5,-191.97705,-24.572071,202.17815];156.71452;156.71454;False
[387.82297,875.02405,-732.6129];176.7447;176.7447;True
[-484.5976,426.47748,902.8293,-794.94116,255.27977];61.00956;61.00956;True
[540.57007,-61.16768,32.829147,834.25336];336.62122;336.62122;True
[-913.8637];-913.8637;-913.8637;True
[198.60075];198.60075;198.60075;True
[-39.984573,-354.77612,-963.56116,-185.21701,456.04495,745.34705,642.8571,693.91,-668.3566,-773.4793,-510.0259,-159.8963];-93.09483;-93.094826;False
[846.2874,-465.00244,923.1792];434.82138;434.82138;True
[-277.70694,-639.5188,890.9817,-804.8705,-798.55634,852.2417,32.77435,532.95386,-344.29538,913.2182,-431.77792,-351.29523,-148.28668,-243.81561,-962.6636,944.34204,891.52783,627.1945,-971.0524,247.03094,92.71561,-383.8596,688.7,993.8603,-362.66614,565.25543,-741.3329,678.84607,211.05528,713.3239,269.24994,-361.54715,793.14343,355.9288];102.09114;102.09113;False
[513.40454];513.40454;513.40454;True
[961.34875,-690.41595,-8.936812,-547.3535,-788.9878,-129.99068,137.4845,-952.17957,-212.01306,477.908,942.83875,-478.7518,-655.28394,347.07278,417.23123,535.87665,-786.6323,-314.03476,-265.25473,720.641,393.64926,97.685844,28.160925,-528.2927,739.4687,906.7112,18.660187,-9.306177,693.38007,-667.8627,584.33795,242.30492,255.64305,905.68353,-384.51855,148.5769,525.1148,-176.27312,-938.7804,784.202];58.22781;58.227802;False
[709.9808,948.71436,-911.6284,-815.8215,197.64146,-358.73468,788.9302,-400.1605,-683.05884,753.02405,-399.88757,-222.96544,-11.106077,442.6544,942.0016,422.95346,-968.5315,-719.6142,-71.95105,535.382,-490.54446,-480.99182,-558.35455,-658.5509,370.82797,-130.48473,100.169556,359.82733,-914.2797,255.82208,452.51935,-301.4922,92.04263,-748.501,750.27747,85.03735,252.13684,-57.520096,-60.700695,-676.62976,-762.22906,-186.78343,-862.3464,881.2532,-213.8389,919.7701,-202.51257,-865.6724,107.59917];-68.700554;-68.700554;True
[-744.91986,598.7009];-73.10946;-73.10947;False
[-747.50916,-434.0133,-337.29483,682.21387];-209.15085;-209.15085;True
[383.66034,-261.85324,-182.82336,-422.07336,845.9961,-558.6422,-276.7545,-710.5664,-873.4734,-309.73215,-348.9007,-429.11972,205.32535];-226.07364;-226.07362;False
[605.97546,908.7723,-381.4334,91.20759,-350.1811,-108.62912,-858.08124,785.1455,-288.4221,-848.6018,37.230667,398.388,-921.32666,-13.241985,127.874825,-540.0357];-84.70992;-84.709915;False
[175.68375,-6.3211217,-497.52505,-538.4893,-632.6799,246.85458,695.49884,734.30164,-80.66258,-299.2331,258.8317,47.509056,-981.5984,457.68924,883.6563,-976.4037,-183.4055,637.0324,210.0746,275.19638,982.45264,768.1161,-563.0037,-366.09882,300.3243,952.709,-631.8055];69.21126;69.21125;False
[966.1564,192.5442,156.34625,-725.01044,518.34216,405.52026,687.9736,-852.38025,673.6934,-529.5735,-349.04614,397.22162,-962.43494,-340.15625,-948.31866,743.9528,-429.11044,-440.86606,-123.737144,-271.847,124.892815,-539.9164,525.282,732.58923,100.262955,420.70224,-448.73065,-284.43555,556.5165,-899.3886,345.9122,-0.32296795];-18.667698;-18.66769;False
[216.90416,-699.86206,524.65094];13.897671;13.897685;False
[285.10004,-178.44397,896.05414,53.613216,-977.9998];15.6647215;15.664709;False
[-440.32825,-694.19006,-311.85168,-202.16238,-63.725315,802.5414,687.28485,-423.0964,-38.757473,-591.14923,-518.382,-68.7479,586.2229,-162.52002,989.6602,-928.4643,948.5203,525.6498];5.36135;5.361352;False
[-198.74873];-198.74873;-198.74873;True
[265.2769];265.2769;265.2769;True
[568.83777];568.83777;568.83777;True
[-971.6583,-638.00336,795.8187];-271.28098;-271.28098;True
[109.572556,441.70178,196.03165,766.9135,-872.2267,653.8707,-796.75195,733.8436,594.64374,198.86758,-404.86728,-413.85507,-486.36478,131.15111,-394.11218,-188.66782,-132.58847,289.5358,54.905487,549.30444,-42.584255,118.26185,373.35898,-667.3145,286.38495,443.86993,-149.34807,749.18616,629.1376,-1.7748609,-631.87915,-366.28415,884.2235,-59.075138,-509.09863,767.1103,58.792797,-590.28406,204.88487,739.9843,-688.6952,-784.56244,-185.79338,634.35864,361.4651,-801.60394,-444.2761,482.3497,-225.9576,-524.03];21.834301;21.834291;False
[276.7861,-790.92035,-233.19405];-249.10942;-249.10944;False
[-68.72699,398.46204,569.31256];299.68253;299.68253;True
[280.77982];280.77982;280.77982;True
[25.628973];25.628973;25.628973;True
[-296.43207,-398.27454,-533.644,422.25232,727.92084,524.18365,-61.87659,-424.24875,606.7559,-182.33601,671.4173,-35.96406,201.20154,-769.88135,-279.0729,-709.0965,-7.7189307,104.24607,-567.0154,-751.215,151.11536,-158.0859,508.49655,608.99384,425.28934];-8.919572;-8.919577;False
[489.0034,726.8425];607.923;607.923;True
[-657.1783,729.11554,-471.9057,308.3719];-22.89913;-22.89914;False
[355.07013,146.74147,-948.22424,271.6247,-156.21353,-959.62994,-62.35095,980.1385,747.5075,-239.99336,-229.48671,-703.8109,-640.5897,-985.4952,-760.85834,-879.9621,-117.47649,466.5636,948.6601,819.06366,992.54285,10.366158,702.1368,37.689102,668.4091,637.98035,833.6558,-285.00244,-485.16785,339.8957,-486.65228,-634.2364,-915.85516,-778.60315,259.30084,-301.79865,550.5763,-184.69435,-231.77032,721.81177,498.23532,-567.0529,-383.76706,-358.71158,554.79877,-680.97284,382.9232,-962.4811,136.10303];-38.34822;-38.34823;False
[601.52625];601.52625;601.52625;True
[-329.55124,218.32504,234.59277,19.972282,975.71906,705.9746,-365.10645,39.7704,723.5171,953.29254,-71.28561,-407.5405,125.475006,-705.57214,968.55646,-432.8476,73.45106,-137.27269,-940.81415,-927.4477,694.8781,468.73535,-298.42245,922.6842,702.0055,-794.79205,-169.38712,-24.474434,-281.55426,-431.4909,211.38629,165.66292,182.4515,-432.60223,231.24306,159.9886,-345.13443,-715.6459,709.43555,-34.154186,-599.2991,-338.76523,-456.4501,-466.08087,966.82367,900.1876];35.835594;35.835583;False
[307.26376,-160.3511];73.45632;73.45633;False
[-297.06625,252.76028];-22.152992;-22.152985;False
[810.0472,-179.94356];315.05182;315.05182;True
[331.33435,285.4486,-927.3938,136.8043,-888.8315,-410.4987,-643.6529,23.191536,808.3353,279.91528,-336.048,-619.7592,292.90756,-918.36255,205.30151,-996.00354,-96.18491,407.90665,765.9355,-57.284225,-157.69376,-191.05153,-647.03253,-265.04874,536.0908,-711.41626,832.3422,-424.48602,-193.00974,-33.404312,12.330608,704.5454,-377.8152,-972.4094,231.67296,684.0651,968.9139,-327.52322,-73.2035,-91.997025,964.7511,876.5791,-118.95051,-314.13605,-299.6585,158.79446,899.9091,-453.1836,-491.24695,-720.91327];-47.02248;-47.02248;True
[790.19775,192.96555,-545.7878,364.0812,-354.81543,-605.9369,-978.1424,985.19104,253.84944,286.12827,-821.5395,512.9458,528.8112,-145.73044,-961.52435,424.78064,593.6884,690.485,-161.59619,430.89984,-148.70264,117.03447,99.8088,290.46817,508.34952,-120.08641,110.92526,-329.41034,-871.02515,662.9767,-559.2156,-333.2126,88.22519];30.15414;30.154135;False
[141.75887];141.75887;141.75887;True
[531.5773,628.6923];580.13477;580.13477;True
[255.76062,-585.6893];-164.96434;-164.96432;False
[-3.729694,-814.64905,-74.5827];-297.6538;-297.6538;True
[905.9798,151.13771];528.5588;528.5588;True
[-314.5157];-314.5157;-314.5157;True
[-314.85202];-314.85202;-314.85202;True
[92.07288,394.44086,-578.7099,493.33908,-181.4363];43.941334;43.941322;False
[760.9092,402.40213,366.45242,805.24133,-815.8902,296.4936,-300.86673,270.19717,159.56738,-383.89597,338.56137,542.5526,-29.217712,67.025055,255.11166,-660.919,328.87613,-710.34717,182.83612,-912.6718,-115.76538,762.5627,-978.15295,-347.66083];11.808378;11.808377;False
[-622.16693,803.6214];90.72721;90.727234;False
[563.19006,-372.81247,404.75986,-609.08093,388.08524,-464.36432,555.9719,-506.58737,859.1658,246.74637,-616.5218,160.06094,325.8312,-630.13806,-46.177868,943.98773,397.24832,-100.80011];83.253586;83.25358;False
[-304.09827,-671.82605,-679.0219,-740.627,895.98956,-787.9905,459.92026,-27.551142,97.42489,-387.4944,-344.67218,439.7147,-335.6721,508.31644,750.47424,57.87595,380.73965,9.650041,-308.37192,-564.3898,-364.46167,-464.11002,264.14825,-536.9571,950.2076,-307.16595,308.91296,469.54276,878.81415,-911.6192,902.5412,-110.66836,-766.61865,-672.5518,-810.0551,-612.39343,-425.82794,-8.639459,-174.67303,-504.42487,953.22375,-466.10654,307.81943];-84.94587;-84.94588;False
[-472.42175,-209.19919,860.3876];59.588875;59.588867;False
[-858.0798,20.42655,433.0986,-951.48364,990.4265,-90.06426,290.6886,989.0867,420.35995,818.58514,246.68948,496.21695,-946.82587,-607.2601,469.4008,-964.4797,186.55437,480.24475,-418.9368,556.80835,206.20255,-89.5993,672.57996,-899.5072,-977.8867,-454.17398,-113.5387,720.8234];22.369877;22.36989;False
[-322.7876,689.5389,-963.0968,-992.1169,165.59225,238.85985,593.4382,617.67664,324.5608,-809.4087,194.79245,62.458355];-16.707718;-16.707712;False
[433.68933,-925.79114,-500.10806,-552.25433];-386.11606;-386.11603;False
[-874.78217,772.86816,826.37396,-450.9769,826.1255,809.16785,348.0013,920.3745,-602.31665,205.54105];278.03766;278.03766;True
[962.78455,848.9194,509.10266,712.4541,-453.32745,606.7215,843.18787,413.09348,-993.6332,639.09607,-407.55795,-22.465815,701.234,-452.1705,105.67659,-608.9971,783.6493,-951.74207,681.18915,-296.14838,-257.87402,-714.97015,949.67365,360.63065,256.52753,-152.82639,903.83716,4.7424154,-525.4461,-521.13184,-22.138048,119.3317,-140.29076,788.95715,-222.88525,577.9603,-385.52496,881.38617,68.27228,204.00452,-651.5738,760.3837,-537.70306,-224.3977,139.54538,-391.6516,-142.53775,-436.62787,-571.99426,591.0425];86.555756;86.55576;False
[186.09464,-149.65228,-310.15494,291.68002,591.217,911.84955,498.02484,101.449,-806.9516,-453.04825,766.62604,369.51385,-856.2682,999.7409,897.61646,183.71074,795.04926,-857.714,-200.69789,50.690292,510.41196,303.20752,898.3345,-230.27368,-760.0023,-116.0548,-631.1254,30.89907,554.6534,583.8313,826.2907,993.33,515.8206,-372.66107,820.6542,327.65915,-247.11586];189.63878;189.6388;False
[665.1353,237.5241,25.719885,-964.9777,990.018];190.68391;190.68393;False
[999.19135,692.1243,881.4923,-986.9699,-314.35184,139.98634,-490.1931,-72.50957,315.96222,825.24866,8.047477,947.2102,-925.0493,843.6559,-438.20453,288.86786,254.42162,-566.6447,-910.4301,-353.39612,-498.7167,561.44824,-221.82346,273.24875,663.46454,676.178,-961.8357];60.386024;60.386032;False
[943.177,888.9962,-936.5702,698.09894,-828.0902,-243.19954,-715.60065,-79.269226,568.82635,815.75745,-384.75177,515.04517,-563.4557,-761.0653,-530.56525,-386.48575,679.74316,-574.2565,-833.7067,-73.96703,-77.94123,898.9906,947.9989,326.56985,304.4819,413.29614,-711.3356,-29.937967,-613.7777,-868.12714,386.25348,617.8391,-225.92583,261.8648,-285.6734,414.31216,-626.09906,-365.85468,559.46014,484.61835,-512.06964,-628.3208,-418.48953,-587.6366,-625.86566,-988.74365];-81.55332;-81.55332;True
[-443.51343,282.4746];-80.5194;-80.51941;False
[-653.8878,61.23635,475.15582,-309.58624,-200.98752];-125.613884;-125.61389;False
[-981.65924,-422.14523];-701.9022;-701.9022;True
[-691.3363,-809.4487,-47.084854,-935.28143];-620.78784;-620.78784;True
[282.22614,-506.35092,-556.5417,212.40817,-392.86118,450.0285,40.273712,524.82806,961.9433,364.60657,72.85634];132.12881;132.12881;True
[622.9402];622.9402;622.9402;True
[742.41675];742.41675;742.41675;True
[372.89368,-362.51184,320.46588,-676.27594,715.0586,-290.55203,-195.48907,487.74847,-434.50424,-532.82745,834.2929,282.6832,-73.30789,823.1586,528.64923,-595.7619,-376.29733,-904.9727,-856.7915,544.62244,320.62732,-707.8242,372.0926,-193.86429,-885.73083,589.42725,0.26929408,594.0229,-630.415,178.16997,-435.67123,961.3126,-911.5061,-484.44547,837.6639,-10.316087,293.06073,-115.10431,676.7366,464.233,-343.97223,135.5044,48.315502,-163.65552,926.1162,-512.247,-96.72711,-732.3054,-427.52286];-13.13213;-13.132128;False
[-269.75443,622.50464,721.66974,496.31873,-687.6199,-390.51694,872.84314,-916.4968];56.118526;56.118515;False
[-197.84253,-228.46812,635.63043,927.29474];284.15363;284.15363;True
[-412.0298,64.23541];-173.89719;-173.89719;True
[-445.21262,185.62608,678.696,903.62604,-578.77716,-57.535885,-936.3583,744.7322,377.7475,-934.10297,-910.7627,-868.83936,-249.30583,319.98843,285.77933,560.14185,801.7278,-313.11642,23.260569,-184.76448];-29.872492;-29.872503;False
[313.8963,569.0392];441.46774;441.46774;True
[-773.11414];-773.11414;-773.11414;True
[-485.80292,444.9912,-714.3743,-140.17488,-760.20123];-331.11243;-331.11243;True
[-930.3475,-630.1489,-667.90375,839.0103,-745.8409,797.4249,400.97266,899.2969,-815.34625,776.23584,-861.6561,-402.36896,147.40425,-609.85657,173.91069,936.9504,-542.5943,-159.3444,-676.53595,346.69708,154.27325,874.52277,-999.35956,-114.086205,-872.62695,-866.00635,-475.1338,789.32056,286.22104,-856.0932,594.83826,-830.8217,-98.058075,-824.8197,-637.09406,-882.6151];-180.04387;-180.04388;False
[-852.12634,436.21103,11.316606,-6.3109345,810.4903,735.7184,453.82733,-713.53955,-116.64613,-786.1002,-434.61426,-517.8129,325.37106,-9.63014,-158.23103,380.38498,-838.74347,621.9949,-793.8859,691.16364,736.62164,789.08417,-414.7831,745.82104,329.79272,665.71967,-288.14728,-442.01102,-21.426004,118.08206,539.6567,352.8208,-360.06375,150.02516,-426.88754,863.3541,872.87805,603.0386,-856.2819,187.32385,119.471565,-981.86865,-795.58887,804.33923,356.37054,780.05817,-432.1496,472.4799,-601.1755,189.7018];65.90187;65.901886;False
[-150.56801,-825.80817,-954.7517,-35.70522,61.555775,-762.52594,-467.3014,32.335503,870.53424,791.4839,-246.24069,-979.64996,477.29803,-300.2106,-711.4731,-694.0098,391.74496,-608.9087,-567.75146,998.5972,900.46844,731.14014,-770.05396,587.58673];-93.00891;-93.00892;False
[139.50099,-682.418,-233.57889];-258.83197;-258.832;False
[-744.23413];-744.23413;-744.23413;True
[-853.7052,-519.6283,284.66034,673.4353,-375.02127,-120.86538,-253.84187,-189.11174,-756.2425,612.8767,990.0588,-582.47363,-362.21356,659.77277,-121.72467,434.87982,-287.69696,43.927616,797.4433,-95.185875,-174.94449,-117.25034,-215.45421,635.03467,-769.79987,248.90935,-479.15088,-86.78538,105.26215,-104.47282,-166.87305,-856.412,-54.35561,-503.24777,710.28955,-960.3874,886.5594,471.9072];-38.205994;-38.205997;False
[397.12625];397.12625;397.12625;True
[695.1619];695.1619;695.1619;True
[378.80676,-489.94415,921.42236,236.36586];261.66272;261.66272;True
[7.363993,5.9571524,488.5532,-131.84384,-981.2964,-702.8478,-776.5409,-752.9522,-348.12216,-444.07257,976.238,2.766217,-53.27147,-680.30347,62.229595,-229.0277,178.40485,856.3292,-682.3285,204.44122,-225.7672,996.90186,-245.53789,290.93628,-177.03639,-342.5401,-566.69104,668.96387,936.71576,-710.88727,339.99197,244.20477,415.37808,-611.6443,770.1736,-916.7546,415.19662,-845.4032,11.390619,-702.43945,137.71758];-76.03547;-76.035446;False
[295.18637,-914.1919,-759.8667,-949.83777];-582.1775;-582.1775;True
[708.7281];708.7281;708.7281;True
[91.23807,386.18744,-345.3962,699.19855,-122.19857,-855.703];-24.44562;-24.445618;False
[411.8764];411.8764;411.8764;True
[-437.3816];-437.3816;-437.3816;True
[-690.8515,-413.10385,-880.6509];-661.5354;-661.5354;True
[-75.54388,677.1393,603.65,662.11194,-769.36346,-20.102163,258.07028,-341.5623,-88.93549,118.89917,-228.92336];72.31273;72.312744;False
[275.38342,-310.04312,234.76514,208.87318,966.71576,936.2696,803.22144,57.205906,-788.56995,-434.52448,-347.65356,902.4374,625.8655,-378.80148,-785.7571,-172.4453,621.50964,245.20146,332.7735,-279.4581,-264.77216,612.94727,408.6292,-243.15645,269.91113,-863.98474,713.6121,-162.19878,-397.7059,671.4238,110.765755,612.8088,102.58335,206.42667];132.06644;132.06644;True
[234.2962,873.0316,242.68115,376.14728,-141.39442,946.47614,-796.3506,-577.9836,-309.529,991.6012,-511.77042];120.65506;120.65506;True
[-935.72046,-700.80945,-279.5715,-254.62746,593.39795,-984.5046,-982.1693,-31.538572,-591.7564,857.45856,-521.5202,963.17224,13.492028,877.2499,749.9271,-572.92523,-462.71683,-984.4887,581.48584,295.28204];-118.54415;-118.544174;False
[-996.17316,-384.83228,352.27853,-482.8817,486.66565,13.6117525,-513.56665,-324.35434,-934.2343,-109.83414,-792.6455,960.2179,-859.764,-167.87386,533.52545,877.885,19.036333,845.77045,206.62529,607.19977,-109.532684,-574.95447,117.441536,-568.8593,936.6989,143.0525,989.88727,-981.94055,-566.7605,-887.41675,85.87929,-703.68134,-965.4207,601.4138,336.41086,-861.0089,871.06964,-409.9875,9.232884,-891.8092,568.42664,-876.2246,-208.86714];-107.21614;-107.216125;False
[736.7462,613.1263,595.6314,598.36725,716.72217,382.6475,595.4362,783.93427,951.3057,-634.7741,-189.73792,470.24,-46.265938,752.8606,-328.11465,176.5533,420.9547,-615.6244,552.2043,-157.61882,-425.30234,-422.95712,914.53406,-95.06851,474.02252,-59.316948,766.60895,423.90228,-545.5677,-510.02206,848.7007,292.9662,608.40857,-853.8792,406.28085,258.95755,-205.50981,806.82,625.1677,463.91196,46.78296,564.0635,-151.88414,-468.25348,-545.94745,-638.0596,545.3223,-159.4875,-412.6806,-587.79114];166.78633;166.78635;False
[-804.21326,-278.1181,-724.5375];-602.2896;-602.2896;True
[-623.0963];-623.0963;-623.0963;True
[928.3355,-562.52515,-540.29474,513.78485,-968.5112,-12.795824,566.73315,777.994,-804.5764,-45.31927,635.0373,999.5549,178.98563,534.8137,-762.6745,-717.19775,687.6954,713.16724,-212.67046,-599.66583,32.111916,-319.93857,-4.905958,13.689972,110.10407,-540.8999,-232.33577,-119.42002,-451.7039,-265.68378,426.57056,326.80292,238.34386,901.1426];41.874954;41.874958;False
[-997.6483];-997.6483;-997.6483;True
[-21.483969,-5.421407,-741.2119,-80.01306,603.9928,601.5174,-264.59454,391.71442,-794.10205,47.824104];-26.17782;-26.177826;False
[435.5548,-575.09235,967.17413,88.389565,13.206584,998.2857,499.0081,904.61755,425.5657,-649.2348,-741.83374,-185.37015,-191.56593,-883.01276,116.83237,-497.70822,355.028,-906.74835,-236.165,599.97455,960.66614,205.90549,-665.3233,590.901,848.46967,-122.37107,-561.01245,-151.6893,819.935,678.15485,-797.10345,-570.574,-950.3712,-938.02704,-874.547,-685.534,931.1471,724.0854,-957.6267,-334.281,-618.1302,645.8961,-702.97406,-621.04663,-773.0668,256.83353,-662.2879,-290.79117];-84.95536;-84.95536;True
[17.373331,-36.96351];-9.795089;-9.795089;True
[-75.03912,-262.86813,-743.7266,-55.397743,898.63806,-55.93291,836.422,-949.91187,-799.3777,-428.574,-404.7517,-229.84213,-857.4647,-52.078693,-743.8464,-925.39233,-19.836163,-431.77368,135.86548,550.1532,305.53076,834.83014,-935.8079,420.70908,967.3097,839.60626];-83.94451;-83.944534;False
[-235.00253];-235.00253;-235.00253;True
[314.9384,901.7806];608.3595;608.3595;True
[-123.72755,446.46317,639.1648,493.51926,-23.257902];286.43234;286.43234;True
[-776.80145,-147.63048];-462.21597;-462.21597;True
[-710.8958,96.986946];-306.9544;-306.95444;False
[280.9321,-613.4488,10.105126,-889.5266,-597.82635,-734.6595,-202.08781,959.1382,-33.109173,-825.9186,2.4770122e-2,127.01246,827.89557,-253.10329,744.0222,-217.27441,-100.96845,794.7958];-40.222042;-40.222054;False
[39.260155,811.26917,-2.8985934,-749.5827,564.1323,252.7931,-360.65274,-932.364,-917.08,-290.23807,346.541,196.61522,-176.79117,-683.9622,244.49344,94.49765,490.52908,377.6548,465.35596,752.59204,-801.5842,-642.3624,-936.02875,-853.47534,497.1647,-114.99295,-607.18604,-172.44817,-403.44077,-301.81006];-127.133316;-127.133316;True
[-729.25165,766.0179,-514.5484];-159.26074;-159.26073;False
[-88.61898,-280.32843,-293.11234,120.12862,288.3186,33.2661,-70.85046,-53.10307,-896.7254,536.9692,204.62941,-56.070972,-496.54645,379.02344,-420.18896,313.20578,581.62695,686.37427,-144.0209,-468.65585,35.048733,949.68896,-960.4522,-148.92026,991.4412,650.96155,284.44226,-878.46204,406.40952,747.5343,184.99057];68.96784;68.96784;True
[-29.701279];-29.701279;-29.701279;True
[732.1505,966.9019,-758.24976,339.37457,104.22417,574.40356,685.6639,-415.68802,-640.54407,612.5917,928.6113,-949.082,372.81036,559.9036,496.06253,-733.9737,-981.4297,699.72516,316.09213,-743.547,-722.16174,-514.84106,701.96906,25.129229,-995.3844,-983.51166,668.77026,202.33652,344.41904,-471.873];14.028449;14.028444;False
[-334.199,916.232,-995.5497,15.952288,360.50613,579.18,-378.82623,-398.17358,-132.26614,448.3842,-588.4436,919.2795,721.26764,677.8547,702.0514,-446.40024,-882.7321,-441.7621,-298.90598,-87.5134,-338.37537,-912.70984,685.9584,-926.1958,507.62473,727.4335,763.91846,-844.9578,844.199,-540.4147,204.11276,-392.37863,95.406334,283.47046,643.1523,-963.55304,-95.297676];2.6305044;2.630506;False
[-876.2702,-326.6724,-260.31888,-415.83957,935.13794,-677.93256,387.98505,860.5392,-873.2281,826.9409,-948.90436,506.50967,860.61176,777.8332,-178.32304,-726.5576];-8.0305605;-8.030567;False
[241.33586];241.33586;241.33586;True
[158.66121];158.66121;158.66121;True
[933.25824];933.25824;933.25824;True
[-959.57855,-598.331,198.22812,399.26944,166.37268,925.6824,500.68994,629.4119,-981.7273,-175.7162,841.74023,-616.6214,118.51437,-785.5203,662.16925,750.52094,759.817,-386.7359,819.1257,583.2903,-466.4841,-794.9187,-251.81866,774.4292,417.89767,-370.14157,-53.542446,-835.3737,54.5711,-113.1146,-812.96844];12.875398;12.875392;False
[932.8922,668.2357,101.52845,798.30054,710.08124,324.52914];589.2612;589.2612;True
[-5.7996817,-681.9506,500.9617,-962.4111,-51.43908];-240.12775;-240.12776;False
[-637.9066,-218.0763,-636.9487,988.8583,-990.30005,-954.7029,-469.80063,985.96204,-860.5138,-128.10373,-561.88586,6.756456,-765.6656,-971.3633,-905.9224,794.63513,988.84094,121.83759,731.3492,-118.40444,379.2503,845.56586,-479.69833,-360.15924,-942.99365,-328.22324,669.24506,853.21173,-908.8704,-839.70776,390.34225,-243.002,-61.856876,-314.2047,215.78433,-479.936,184.28516,-689.3371];-150.30682;-150.30682;True
[-861.57715];-861.57715;-861.57715;True
[695.2989,-731.59955];-18.150354;-18.15033;False
[901.5247,90.0814,-731.13336,-780.55005,220.20715,-325.82175,252.14352,-690.00214,676.4153,-782.5057,529.4137,216.64384,-990.3677,753.2528,922.37506,-427.47668,-897.2878,862.3891,-285.46594,633.1573,242.22812,377.61786,864.89777,-359.3424,-399.7185,279.31274,-597.9809];20.5188;20.518797;False
[-945.1009];-945.1009;-945.1009;True
[271.93243,861.207,-962.8838,-610.7323,884.82745,-758.0984,-882.1782,-407.15714,29.61828,-560.4913,-478.38156,815.1606,-554.99225,983.6005,338.56522,-833.1024,-371.8621,-953.26044,474.36267,283.21658,-984.8676,464.68253,367.44464,248.56897,-544.97107,-358.3367,445.1698,-778.32825,-351.69403,98.387245,-598.5512];-142.68208;-142.6821;False
[584.2981,214.47644,906.2719,-516.09814,873.1666,-267.37903,183.49695,539.1327,-932.3494,675.65796,-671.05414,115.80113,-303.6831,967.7339,-370.6436,-620.63446,406.0005,118.863976,-42.36584,-527.3492,708.7372,-322.87296,747.4975,-180.33594,525.5053,174.8277,390.3277,-394.3414,-567.6457,-64.37036,-879.0649,-780.6034,-835.11115,-599.31903,-984.40576,890.8251,-100.030525,-264.73413,-405.1609];-41.203396;-41.2034;False
[989.85767,-987.2014,-817.53644];-271.62674;-271.62674;True
[-537.7341];-537.7341;-537.7341;True
[978.452];978.452;978.452;True
[335.36395,-934.89996,707.6676,541.9054,-105.237076,898.60376,-854.16956,286.75995,900.11865,24.18566,246.81789,640.38855,-503.52518,862.641,-309.1307,-705.2789,-727.97504,-128.07059,713.3651,122.89163,423.29935,-854.6255];71.868;71.86801;False
[-601.2563];-601.2563;-601.2563;True
[612.5595,968.8314,780.1706,724.3337,-44.644627,-726.7312,-789.3555,363.86572,553.58704,727.5355,735.2779,-340.70285,-90.74419,-475.17633,-78.43033,-983.14404,852.1106,723.728,-478.38382,900.75946,-173.10815,128.24663,48.84606,205.92929,-444.77356,612.5769,735.0513,-878.5682,-521.5156,709.6165,-740.62195,-734.5344,874.2371,346.52957,408.51718,-531.57837,87.78355,-762.3051,657.4139,-261.2534,931.54065,-365.19754];101.62569;101.62569;True
[996.1948,845.1769,-515.9809,-212.45477];278.234;278.234;True
[448.94565,-841.4397,845.1719,-579.7602,-493.62814,-736.32776,-560.6216,989.6492,-798.73676,-58.06926,115.71633,716.4994,586.95807,233.48747,876.482,-809.59955,470.0494,473.33987,-47.566776,-341.30524,416.45694,347.8526,308.15582,-295.2206,-645.0797];24.856375;24.856367;False
[-0.7231611,-299.13162];-149.92738;-149.9274;False
[749.32526];749.32526;749.32526;True
[652.6735,-360.8943,-689.3848,-85.70521,536.331,-209.29327,-704.43036,385.81058,209.57693,101.11492,-385.54706,523.6858,-834.31726,653.9617,960.2832,-984.34717,-647.038,-252.1357,-665.4402,617.50885,-578.7787,562.6007,277.86554,581.4035,982.4874,-127.83146,47.75804,-386.9036,578.6992,-181.78192];19.264397;19.264395;False
[115.64926,972.4625,752.54535,694.2399,413.4848,-461.24496,-462.9943,271.282,-501.8277,362.8683,551.371,411.5799,-85.24522,996.8857,605.7078,937.57587,134.05075,-631.7087,229.93875,-791.104,-63.726643,-4.9808923e-2,-203.02426,-851.9244,-155.07845,204.93694];132.56348;132.56352;False
[930.83466];930.83466;930.83466;True
[-538.4788,291.14307,862.9537,-950.157,-416.69348];-150.2465;-150.2465;True
[-889.444,639.15155];-125.1462;-125.14621;False
[312.38684,-182.76273,-580.0234,-921.75604,203.67294];-233.69647;-233.69646;False
[769.7263,-126.78522,-678.84607,943.2193,301.86285,581.7527,717.18866,-665.6008,-267.248,-833.61127,-505.68884,83.785164,653.631,727.288,845.5156,-746.53174,115.888054,-805.3576,355.95422,971.0456,-946.5528,858.52313,-64.64866,-811.129,-439.75055,731.75073,-258.34637,86.53372,371.76907,665.52136,-800.2635];59.051456;59.05145;False
[743.8088,690.27795,507.98938,-318.68747,-654.19385,-130.30891,377.6208,-390.85297,33.16199,-702.8591,-864.7446,120.935875,764.72815,-678.91504,-783.6322,801.9443,-34.863678,760.8731,621.4807];45.461224;45.461212;False
[-617.089,-857.6918,-397.67493,908.88025,632.8275,39.521286,-210.45454,61.780613,568.91547,-520.84607,758.48486,-222.70142,605.17773,428.33417,-430.36917,-43.10701,-668.9499,-167.29738,187.76175,74.669,293.92438,414.5094,-215.30336,-620.95966,-196.29349,-804.41864,822.41095,-227.82675,-973.43854,702.25256];-22.499052;-22.499056;False
[6.71972,117.380714,411.839,-751.29816,177.94923,533.7403,-696.81055,-809.31635,-283.55072,-624.87036,560.6876,-670.387,-243.43289,263.15665,268.52887,919.79456,666.2745,97.02101,430.1625,-617.6657,-336.9177,-159.5979,-600.97375,588.099];-31.394484;-31.39447;False
[229.07195,-159.13277,-426.0255,406.4228,569.83936,-222.01154,-466.51004,60.855743,893.2089,474.11816,-895.2302,-412.59924,765.75793,-816.1366,-562.66534,-350.44745,-128.05946,-623.23145,280.98645,921.87146,866.55414,-62.811184,24.975193,-154.99644,878.57605,262.80234,-393.17252,-971.8514,462.81635,-204.9763,-560.17725,348.84122,891.5388,-436.5881,-364.94186,129.98856,-663.5966,-562.507,483.4937,-833.31146,711.78754,-46.754536,415.32608,-169.57416,733.7466,-182.17386,468.4876];13.012444;13.01244;False
[-886.1562,418.12634,926.8476,886.6336];336.36282;336.36285;False
[-910.9279,-809.41425];-860.1711;-860.1711;True
[-658.59814,6.4940987,-643.0221,-821.68176,164.2192,-360.25708,12.11635,-375.72208,-385.76743,-522.0401,-211.17513,79.717865,822.28735,849.9964,978.13544,565.8217,-388.12265,-198.8218,177.96027,-314.67737,-24.19,-718.6218,-618.68896,-397.62555,-692.32745,-122.78869,-848.49695,836.4734,78.34542,595.4939];-104.51879;-104.518776;False
[533.3179,310.4707,-919.6376,-478.73746,507.87323,416.0831,-171.29695,-209.71509,791.2378,-563.26196,-438.4728,661.1717,-34.937687,442.03116,48.070995,296.16364,-639.5742,-573.26996,-940.71533,-687.67065,530.1279,345.24124,-403.13712];-51.245106;-51.245113;False
[485.5685];485.5685;485.5685;True
[962.57184,-626.0251,-156.00743,-67.50651,-704.1411,-44.825783,-97.43405,141.69968,-714.6175,785.0452,-814.38184];-121.420235;-121.420235;True
[611.582,371.74988,546.99475,-262.9795,574.2129,828.25665,-376.18207,-490.78635,-3.29599,306.6224,-398.0851,-960.7509,-337.44644,-453.11636,-81.5989];-8.321537;-8.321543;False
[439.38422,586.483,-768.1849,-701.63116,965.5868,-183.66437,-471.0539,890.1951,753.61633,-449.1536,702.2668,-802.34143,493.43695,689.32074,-447.45444,638.1478,-738.2103,-565.4991,-448.61142,-358.12225,516.07666,-631.18445,-578.419,-363.28326,34.856567,-749.9775,-100.82227,395.01593,592.12213,335.3866,43.61557,857.2465,326.3576,295.49005,917.1967,-669.54364,-998.29614,-406.77545,972.8717,305.2582,657.3846,580.46606,69.32866,-956.73285,502.87766,-495.60968];36.42213;36.42213;True
[-798.2276,433.3464,-130.87314,410.78098,-383.7251,145.07932,543.56506,113.08772,580.65405,-16.02496,-430.26877,-154.7161,-780.59503,681.67523,923.1656,887.51483,205.54248,-479.0571,657.0104,13.268923,-251.10904,2.5904734,-858.29926,-860.1684,-69.36446,300.58063,-217.58282,215.0616,-162.92201,-404.55292,-538.8118,294.89627,986.55347,-317.17398,-852.2053,478.88364,396.98184,873.0276,133.3949,-603.57135,-692.4572,129.21922,163.05501,-725.6671,-953.52216,-364.0692,378.13312,266.5962,-171.95932,-453.76477];-29.140482;-29.140484;False
[126.38985,856.46063,42.099464];341.65;341.65;True
[349.88605,746.6877,244.44063,881.3444,276.705];499.81274;499.8128;False
[-349.71405];-349.71405;-349.71405;True
[497.24295];497.24295;497.24295;True
[-105.586006];-105.586006;-105.586006;True
[252.13805,793.4112,969.773,761.32605];694.16205;694.1621;False
[856.12195];856.12195;856.12195;True
[382.1107,822.67145,-670.57043,972.1346,-979.8574];105.29777;105.29775;False
[271.7389];271.7389;271.7389;True
[-761.2421,-222.9068];-492.07446;-492.07446;True
[-747.61615,514.2204,879.9866];215.53027;215.53027;True
[-305.2525,-946.4004,-171.29604,430.84933,253.21967,-507.0705,-266.97977,227.68063,-118.09508,-531.78894,69.117805,962.3867,544.01666,-357.62823,631.5616,-933.65717,-289.38065,-496.80167,-289.74786,880.3883,758.91315,668.42126,-983.0402,-257.07065,-360.504,-987.5962,185.91891,-50.886627,952.55444,-409.18585,-100.43056,726.40173,-276.67093,130.67514,-252.82822];-42.0059;-42.005894;False
[-277.9823,-14.432765,-669.8854,-652.64343,-701.0686,-42.818256,-30.980003,-862.3648,150.33948,914.5771,-282.174,-746.2827,-386.85684,456.12878,-411.65094,448.5954,868.5926,975.0876,-490.7122,-740.85474,-91.414215,-778.2747,819.69904];-110.75548;-110.75548;True
[432.3893,-812.1772,558.1502,958.12555,-732.3201,541.9673,822.35205,-908.62213,690.97125,820.0805,-223.88712,148.88287,-447.9434,435.15967,488.86386,-536.91376,569.2857,515.1557,-387.94382,648.67847,-438.82068,531.0134,481.75577,-606.9645,-654.3207,-828.1089,-46.64321,-657.2544,-290.07407,-822.4188,-823.02875,-109.02829,-894.5903,293.23096,305.2537,-93.27476,-462.20313,29.044386,-528.8738];-52.180794;-52.180805;False
[87.849464];87.849464;87.849464;True
[899.10986];899.10986;899.10986;True
[-815.2229,532.9374];-141.14278;-141.14276;False
[-632.2122,-434.40555,759.7944,2.504258,-668.71497,-879.9427,382.77246,926.9747,435.3318,-300.84732,-400.10486,-291.33533,-979.8541,32.89771,310.8288,84.393295,110.962036,292.4673,-434.18793,874.6188];-40.402977;-40.402973;False
[517.84247,-361.6019];78.12028;78.120285;False
[-939.033];-939.033;-939.033;True
[378.61487];378.61487;378.61487;True
[373.86865,598.46155,-711.3679,-968.19763,-958.11273,533.79645,-830.85614,-521.5452,-803.8488,-32.641937,490.71857,-199.50204,20.054382,-405.55515,169.13771,488.20792,198.7677,528.8668,-269.55267,507.73938,-651.09125,-751.0915,177.89627,566.9942,-566.9455,148.0229,-534.0601,210.24991,-179.95424,121.22513,-885.6712,-760.09924,99.29876,-418.9543,-401.1813,832.80334,-982.8945,572.2941,71.05218,-99.63981,-24.831314,-757.22626,688.67944,-264.38376,-583.61633,827.4798,-622.19916,797.28107,120.145515,516.70264];-90.50551;-90.50551;True
[756.6743,-965.4627,-181.45258,-751.3402,535.1454,-951.464,574.1049];-140.54213;-140.54213;True
[-960.4515,648.5822,-405.2824,78.23978];-159.72797;-159.72797;True
[-851.1153,-824.5884,-674.48285,265.06387,798.46063,-75.904335,785.88513,0.35602158,381.29526,-672.3277,230.87762,-818.96826,-363.96942,-969.7142,905.227,953.6252];-58.14248;-58.14246;False
[196.73395];196.73395;196.73395;True
[640.43787,-275.90103];182.2684;182.26842;False
[-475.61102];-475.61102;-475.61102;True
[192.29175,321.85855];257.07513;257.07513;True
[649.5906,307.05984,765.03186];573.8941;573.8941;True
[105.3028,786.0788,-403.58026,-747.0299];-64.80715;-64.807144;False
[391.56406,539.6925,-399.19513,65.02209,441.7434,394.6472,-214.00345,-81.622314,79.02476,-949.6896,141.95738,-394.9039,653.54474,-100.64677,-163.53181,655.00055,-56.58532,-538.3547,315.0867,-364.9316,-277.12128,-100.387474,-897.242,816.49194,-145.35709,451.51822,-124.76687,-120.43207,195.01228,-4.3776655,316.4692];16.891163;16.891165;False
[441.09125,592.5119,-0.75656366,-493.1464,-844.4848];-60.956913;-60.95692;False
[-764.29816];-764.29816;-764.29816;True
[210.73602,974.16205,364.4055,-139.98431,800.0128,534.6983,-297.5405];349.49857;349.49854;False
[-758.6703,161.07529,765.6819,524.39856,-483.98795,-752.92834,-268.4846,100.94702,-280.4261,664.3423,197.75052,467.3248,176.21555,-924.84283,226.54056,530.13837,63.553967,789.8582,-246.50484,937.7039,-834.63934,-811.2147,-604.3131,-208.03952,-506.1152,588.32684,850.7083,511.56808,-177.16191,-979.6068,-430.54105,-816.3437,-529.05396,-228.43317,-34.582207,-350.11203,37.298595,467.63354,-934.2643,43.208553,-786.4388,991.1542,214.56099,524.8539,-715.5645];-62.831673;-62.831673;True
[22.477577,568.99304,-429.31876,20.841507,406.24142];117.84696;117.84696;True
[-788.3598,-442.3093,20.602962,-616.535,-437.56494];-452.8332;-452.8332;True
[994.35516,-258.33496,-790.2191,300.1998,141.95407,-244.21608,350.12677,24.342882,-40.786545,914.2164,973.36786,-695.26624,-730.4386,466.0415,-534.8879,394.86087,676.39374,82.94487,-640.54535,-987.33276,-105.738144,350.3,-53.729214,-348.7373,671.77606,-821.6508,-56.96743,-154.712,527.7194,-578.1253,-206.53386,967.45557,-593.36395,897.1419,696.38196,936.4307,57.420326,197.78726,-178.47354,-663.6411,-551.79846,236.71329,-664.6813,-120.01551,853.08215,278.94495,-162.14848,891.4477,381.05475,380.7913];69.21815;69.21815;True
[-738.447,-476.48502,588.08655,-607.1281,144.99696,920.0347,-443.87674,-975.02045,-21.699362,351.06265,-922.34546,-227.1069,286.80344,-537.79095,580.99365,-153.65524,443.96872,145.65608,-801.92554,-462.54105,426.24088,-891.24524,950.82404,-221.32661,-453.14566,350.78888,-797.7154,-741.85126,898.88116,759.149,334.21625,105.6693,153.81755,-782.2014,-314.8234,-250.07652,-909.4732,115.05711,-332.16043,448.4478,770.37085,-55.634895,681.58167,204.40582,627.8789,810.83466,-53.871567,-690.2351,-87.68348,-911.9665];-55.233315;-55.23333;False
[-925.3749,145.88222,-56.037106];-278.50992;-278.50992;True
[-1.526618,-610.88306,736.16003,655.70575,771.0958];310.11038;310.1104;False
[52.71049,244.03362,868.73303,110.58928,-776.3208,412.4137,416.74353,-996.8481,-779.5395,-126.13932,-853.19714,364.9221,-651.1806,-973.83545,432.96002,-603.074,-644.8973,-211.19345,920.99054,759.42523,250.32706,672.25995,90.426674,258.50143,933.59265,-949.07086,-487.937,972.51605,-918.56305,165.42255,-219.75497,677.1475,748.25714,-876.00415,234.01694,-421.89804,-86.052826,229.64235,-471.53262,-176.51958,818.4093,-671.5511,-122.61961,-956.82074,338.6166,-443.52527,360.56247,-749.4103,892.4186,856.55225];-21.705898;-21.705896;False
[-680.47894,356.18695,881.6348,-326.4197,581.6642,-407.9982,136.67566,-983.654,449.0861,-45.07181,-436.7735,-867.6625,883.0731,551.64435,-142.62125,-384.2979,-911.28064,-80.42066,443.00354,214.80821,485.54352,-403.4745,364.86673,-141.63959,-821.6707,-215.0276,-387.21658,402.6081,143.82594,-215.68228,839.5201,-284.81198,-453.7878,-422.99622,288.66702,-669.71893,-396.00827,980.0163,414.72003,-158.59723,253.2543,-888.92474,-843.87415,442.29117,-512.9974,-430.76373,113.061035,-417.0084,-302.4903,-307.48743];-86.29412;-86.2941;False
[536.08563,-257.4968,-987.42584,583.1623,-678.5244,-26.712303,-612.0945,-210.37563,387.98224,-548.8498,510.03613,772.23926,-165.88763,-244.35468,20.125107,-871.4631,-585.35535,223.6493,-916.4145,73.37597,514.3376,256.74625,948.724,-411.5597,931.4087,-332.7794,392.08572,641.6228,910.2976,367.8933];40.682606;40.68262;False
[-902.7166,-445.69513,-797.6501];-715.35394;-715.35394;True
[-290.75137];-290.75137;-290.75137;True
[-626.5148,-411.81207,-304.15527,896.82715,-77.28341];-104.58767;-104.587685;False
[-564.0502,-985.00836];-774.5293;-774.5293;True
[-543.4448,692.95447,932.51056,824.289,315.01456,-90.876625,614.9026,142.01584,391.65714,-886.20575,67.547905,584.7016,-705.2063];179.98924;179.98926;False
[-962.98706,802.93243,-122.61662,348.63425,-256.4086];-38.08912;-38.089123;False
[-627.49304];-627.49304;-627.49304;True
[323.43585];323.43585;323.43585;True
[-986.03735];-986.03735;-986.03735;True
[-129.44458];-129.44458;-129.44458;True
[733.1791,-594.6935,808.71967,-402.50024,-639.6842,-351.7462,-968.001,585.6668,-883.33386,-741.9333,717.7473,-728.86804,609.74414,848.76776,844.19,-318.15802,-60.322838,-247.6143,622.2571,341.8481,-991.3525,553.9827,218.40361,465.69342,437.93234,878.7058,120.58431,153.51128,380.93396,-6.822089,721.9031,693.098,420.98294,324.56308,-496.89627,-227.51353,-44.415154,-645.8479,314.20657,916.3149,994.1751,-491.66608,-312.76343,781.5497,134.33446];121.53029;121.530304;False
[460.8652,-507.34583];-23.240301;-23.24031;False
[-696.8652,55.598625,-967.9848,-986.93225,-561.21674,-445.24304,-917.28625,793.9504,79.74677,-24.546246,-590.2511,-207.60857,-10.33831,228.54373,248.31383,772.9367,691.948,-674.0303,-645.2371,-890.9212,-388.60956,568.8072,19.855274,-46.55448,-497.9096,914.63934,-1.3499599,282.2964,-94.74133,-130.21677,167.90346];-127.52591;-127.5259;False
[529.2502,-572.04913,970.94037,-528.82837,711.31946,-862.134,166.82779,-407.79315,267.5373,712.49615,-49.841454,-565.13153,-423.60052,-152.7247,-961.34174,716.95636,-705.2835,-10.409639,-383.62204,643.6632,-319.7896,-566.2542,789.25653,-642.96027,791.6308,-994.3177,-264.6277,-268.8959,-169.87633,-814.345,-982.28235];-140.20099;-140.20099;True
[-624.7045,21.054276,653.6778];16.67583;16.675842;False
[813.40125,-936.12775,-920.02466,738.86993,251.9776,454.34818,603.23267,8.92561,732.673,795.09174,-673.5488,293.04947,56.933186,790.6207,878.15454,112.81864,17.70155,763.74304,751.0924];291.20697;291.20694;False
[-523.6321,302.3917,-349.49313,599.5035,229.44469,-604.46027,895.96844,769.55695,-705.74164,114.62429,385.33652,185.44327,-26.504414,246.1371,-875.964,991.94183,-33.702087,719.10583,909.0326,-182.68248,-668.24347,193.19994,506.26022,492.8477];148.76546;148.76547;False
[-489.79727,1.640496,-218.92085,404.7581,-941.2642];-248.71675;-248.71675;True
[881.05597,-358.5991,181.91719,547.12445,-884.0711,-201.7638,615.97906,-499.5177,774.82135,-871.68964,-127.74293,740.6742,-884.7876,502.86472,-123.77406];19.499407;19.499397;False
[-626.9887,30.652466];-298.16812;-298.16812;True
[945.5976,677.7375,642.5417,609.6496,-875.63965,-681.8616,827.8053,913.3434,105.499756,-631.74335,-468.29263,-251.62631,245.84653,719.98096,51.008636,-167.87015];166.37358;166.37357;False
[631.07745,-754.73004];-61.82629;-61.826294;False
[369.55167,-341.9456];13.803029;13.80304;False
[-407.89615];-407.89615;-407.89615;True
[564.58716,-664.1513];-49.782066;-49.782074;False
[170.508,898.21204,187.80853,-685.6518,-907.49615,787.0632,219.79266,309.272,-50.270477,-647.1519,475.70847,701.8236,826.6088,-517.30914,850.35956,-437.07166,204.3334,-662.91046,886.14685,-115.66402,354.07782,642.25775,-762.3888,960.5166,-534.95135,-683.13586,307.36545,521.2456,-642.4725,106.08278,365.48676,288.76566,-304.48105,663.4451,60.147377,182.24435,-759.43146,351.06265,-614.5393,-996.4283,-122.23079,921.3666,893.2262,-887.62787,-103.073204,198.5902,-781.5418,-665.56854,-673.6904,-104.202835];13.484565;13.484562;False
[633.89276,746.24817];690.07043;690.07043;True
[281.91373,111.43933,306.74573,-624.3793,-561.68494];-97.193085;-97.19309;False
[-903.6579,543.5901,752.7594,794.9407,525.0458,-414.93085,-710.0438,-557.12103,-137.1795,792.43756,-238.20651,471.3143,839.4609,-558.327,794.6925,46.87363,-348.0798,-857.7052,227.82594,362.20383,351.83246,-42.03004,-96.877945,-628.8051,590.7475,-165.87204,-366.43082,695.9889,-826.6631,265.7506,-761.4457,178.97934,511.40393,609.2071,958.79614];77.1564;77.15641;False
[200.55037,-97.22547];51.66245;51.66245;True
[848.39655];848.39655;848.39655;True
[924.598,48.881325,-467.34314,-684.68115,60.15119,669.0675,-996.7899,-5.306053,-823.97723,-242.8636,-297.69287,276.9516,-220.02795,-245.28462,-374.1654,-671.3165,747.37244,-130.55511,-12.671691,-387.4142,552.7377,466.65524,-587.9224,-448.43225,-506.5632,645.8143];-104.2607;-104.26069;False
[-903.6836];-903.6836;-903.6836;True
[617.02106];617.02106;617.02106;True
[972.304];972.304;972.304;True
[565.34607,-560.6496];2.3482497;2.348236;False
[-902.90936,-81.9127,-558.15204,412.8602,-268.9896];-279.8207;-279.8207;True
[305.01233,-68.29107,-299.28427,936.5385];218.49387;218.49387;True
[224.27853,505.99814,-858.23376,999.9457,-835.2315,-397.68134,561.02826,110.35348,-943.77374,482.81897,-220.75594,-850.71295,746.41046,649.18604,-346.66452,927.22656,-663.1558,382.5186,262.48077,-998.04675,13.577392,598.3394,390.72903,-279.23874,416.71506,515.292,478.70993,-598.54254,-119.43898,-487.17313,-767.2683,454.21298,42.240196,-15.176527,401.82745,-915.7808,295.17917,-259.76636,368.07343,365.49274,-645.16,-441.5256,-857.2295,-60.93497,807.61774,-123.56317,-879.1559,-635.8199,-70.17213,265.6205];-40.086605;-40.086605;True
[298.1244,951.67456,28.633661,-32.223087];311.5524;311.55237;False
[880.14496,-510.3701,-536.5315,197.1649,-715.26935,-607.3425,-710.2348,-117.34689,-253.63554,859.72455,588.67706,-342.86426,624.34576,641.0676,-218.90193,-815.6642,-33.361477,24.638119,138.43214,-78.93446,681.8389,-995.9693,-814.1797,-408.6882,-148.89423];-106.88618;-106.886185;False
[164.941,-650.00854];-242.53377;-242.53378;False
[27.450142,88.970314];58.210228;58.210228;True
[295.63434,-577.5591];-140.96239;-140.96237;False
[831.79675,806.0421,-574.4814,-358.63278,661.92303,-658.49274,-321.1038,-231.97687,572.4076,957.07,776.0639,813.87866,132.6466,881.69495,-168.73453,914.8415,770.6395,18.017845,382.44278,796.42346,-262.8569,287.92813,243.08257,-180.2938,478.70953,-345.85995,-134.84958,75.274605,845.2066,36.8088,-4.8444915,670.93097,-276.5658,775.8862,727.6552,196.89389,666.96564,-965.9467,-804.7252,-497.42413,-116.63996,591.7061,81.58162,-618.0756,-456.59497,-145.38626,-97.07933,539.7023,-206.9329,576.50433];173.66455;173.6646;False
[-16.69917,-225.20702,519.9109,572.7036,651.1337,606.4315,-924.5252,-717.28516,297.63028,648.526,-633.85736,-916.5023,-627.1454,-377.70172,-295.40686,406.39435,48.84325,-41.84219,-115.11259,656.59186,227.87196,701.5825,-770.3343,-132.70909,777.5847,-993.8937];-25.88528;-25.885283;False
[-890.7853,-451.12872];-670.957;-670.95703;False
[-160.35536,-260.66656,-286.3862,-125.98429];-208.3481;-208.3481;True
[-124.73034,-305.06726,-888.7236,297.2104,704.1603,-485.8242,-556.1311,447.13785,793.3128,-478.06006,734.9117,656.0273,718.95514,698.4405,-600.8332,704.5326,-656.4152,-634.14954,-304.59164,-962.8202,-286.42368,-812.3803,-212.44408,557.3607,592.38837,39.49254,881.9894,445.78867,520.7877,-617.5878,-107.96663,-112.51193,117.77555,-894.6105,-440.88303,-163.47235,970.66486,456.8067,251.1274,504.3509,-89.97566,-354.4856,761.99445,-873.30475,-275.02948,968.4738,-647.44403,745.73425];35.074116;35.074116;True
[-51.45277,-452.91568,190.18172,282.16226,-823.38116,-373.12878,-134.44373,877.45215,281.15375,-537.359,126.38797,116.084076,109.85771,995.5872,-977.30634,-231.43861,165.23018,-249.00398,863.88184,-620.1028,-891.4989,704.2553,-992.1118,191.39949,190.85338,-635.5515,-486.70294,919.10846,665.45996,-272.7951,-638.7034,139.19318,743.62775,-726.1293,-879.6688,462.25214,-19.391735,31.952806,904.83154,-577.3958,-888.6003,-137.81902,270.41553,-934.7026,-695.8699,-399.57755,-708.52734,582.7031,558.37885,-541.9252];-90.10187;-90.101875;False
[703.76483,-947.537,634.0485,-448.10748,-655.1665,-371.18573,258.99603,-742.8968,484.9565,-36.71088,8.773227,-934.24005,572.95905,966.73425,-376.294,689.4844,287.22134,935.2982,888.16296,-227.8294,464.72787,-658.1496,-361.93753,771.52765,-713.15967,-204.72768,145.86133,-171.2854,-268.624,705.03424,92.802574,683.9902];68.01536;68.01535;False
[667.6936,-81.3265,878.69916,-661.9076,151.04044];190.83983;190.83981;False
[28.318605,74.41737];51.36799;51.36799;True
[80.42202,-698.28577,823.08215,-504.15805,-221.968,-954.97144,192.83022,678.9903,333.1663,-468.88596,-380.1667,-394.1813,674.08374,21.680975,-787.45374,-725.63464,-841.66174,596.1395,-410.80664,-98.791595];-154.3285;-154.32852;False
[-494.81332,-916.6146,373.08954,554.1724,-281.69315];-153.17183;-153.17183;True
[-496.49844,524.25104,-526.0211,-470.50156,-166.2489,393.59143,-248.96317,-573.56537,-399.78888,-784.5415,-824.146,61.876698,-90.91421,446.9172,400.55963,328.30307,6.3964324,465.79565,313.605,-838.15326,-682.6018,492.2248,817.8095,-88.97095,-3.0981739,70.16995,986.65155,-273.18066,-686.44183,61.40743,-112.31678,837.6071,-674.0687,254.79138,-847.03625,-370.6858,-744.5503,156.54483,979.9224,-179.98671,-278.90802,-697.29926,662.07697,-299.9371,-427.0712,-477.29047,977.5501,402.9061];-54.621418;-54.621426;False
[482.2391,427.97778,920.57556,756.5169,856.66626,-295.22888,423.00916,-808.5336,-144.40881,-718.36,-232.77345,-979.7001,-546.9835,56.611168,640.6656,998.6169,-196.40211,817.35474,-202.35336];118.70996;118.70998;False
[-906.3607,686.90283,31.683931,-512.1702,-38.38677,-716.8237];-242.52579;-242.5258;False
[-558.438];-558.438;-558.438;True
[-767.53394,62.93685];-352.29855;-352.29855;True
[-309.29306,643.32544,-153.42848,938.7078,599.53894,365.79208,717.83716,211.759,492.49265,-623.4757,-173.61293,455.91687,244.52509,788.17456,582.4191,-379.12463,-927.08417,61.869705,-767.38776,874.48395,169.50722,-197.87836,-827.78094,-795.4672,332.74045,7.8481956,-209.6898,869.62244,410.82776,1.4883773,-562.1695,144.73642,127.16698,-966.41125,524.1444,488.77426,-568.6303,-351.8745,-23.738827,-744.5555,904.04065,-705.7798,335.94852,375.55728,-59.28923,-617.20386,-376.54306,57.895485,-549.9077,-987.8874];-3.0214648;-3.021471;False
[-290.55472,-731.56506,781.8303,795.5491,-869.781,-524.5598,959.09955,-816.6693,-653.4436,-789.0815,-636.24756,-222.88565,-376.54797,-631.2079,750.54846,661.32556,-79.020195,-868.3618,885.6575,668.1812,-254.01472,-393.80484,46.35121,-67.43492,-227.97784,828.56885,769.8058,323.10425,-468.4516,-657.9205,-308.83936];-77.366066;-77.366066;True
[-340.4891];-340.4891;-340.4891;True
[656.4913,-920.7209,166.58981,33.835793,552.8518,-352.05148,274.5614,-216.6191,-710.4989,-767.5394,782.66705,974.5509,-137.36476,910.3602,882.61163,-934.3258,960.8695,849.85333,-360.63983,233.86667,-708.89545,-882.82245,-990.8872,653.1756,-794.1382,900.9975,227.87166,400.71515,-69.021965,693.4366,-363.90897,523.5716,241.37622,-405.68967,-165.02142,957.45483,-956.042,-905.4214,-37.404255,708.78064,0.49146554,-553.011,832.98175,-4.9328437,-940.30457];27.615574;27.615568;False
[117.338684,-914.2686];-398.46497;-398.46497;True
[979.5915,-99.955826];439.81784;439.81784;True
[-520.35626,106.81752,-6.840182,-15.875322,-270.15662,-132.2177,438.5995,263.5109,413.0757,-159.68185,561.215,894.6454,-570.0321,-999.3074,582.50616,-233.56073,-156.60661,379.77972,386.21738,-994.4583,-387.9835,-666.08984,710.5014,467.13907,-54.075764,-321.14697,-416.94955,-265.5762,-735.1246,798.80475,-847.4239,388.0227,601.025,281.71725,212.59814,277.38107,211.80975,-365.75208,-81.42125,59.299286,155.00891,-805.93097,467.01895,-635.4771,-373.17706,484.22562,835.2105,-388.50925,975.14014];11.174261;11.174259;False
[-7.6260877];-7.6260877;-7.6260877;True
[-109.88254];-109.88254;-109.88254;True
[-405.44638,-974.3995,724.31555,-45.789116,-369.30783,791.2186,779.203];71.39919;71.39921;False
[285.65207,533.43195,-240.04364,916.70306,411.65747,425.99252,-162.75336,991.0116,930.51,-834.2585,682.68726,454.35822,517.3454];377.86877;377.8687;False
[14.066494,992.5459,-528.14404,764.1457,909.2472,438.30884,11.67726,-408.13232,-247.38663,-840.48706,718.1952,788.82605,-455.16476,-832.5728,-515.5248,-511.32587,-356.39618,430.5736,372.60153,693.3226,839.99866,268.31348,-603.4159,-404.08698,-42.00347,-82.50637,508.7366,151.9549,-191.02945,147.45668,-522.1828,-799.3116,499.04315,230.36221,-330.50717];31.691368;31.691376;False
[-558.5162,-770.8261,718.3664,-312.00635,795.6006,659.69714,-975.85333,630.24316,-496.93176,987.12286,-996.93494,607.1746,457.28912,188.08739,-179.23323,-144.42558,27.770597,-257.39655,-82.00021,381.57916,117.21356,-349.62607,-637.9729,-649.7605,-775.8044,-644.2088,845.388,-341.41946,-476.03973,926.65436,841.58954,729.5731];8.262298;8.262293;False
[-90.47284,879.9957,-901.07184,-768.6549,-576.52167,992.90027,-815.5589,-175.16127,789.21246,973.7676,361.42792,-93.4416,-670.4638,-253.71594,-696.8866,-276.55115,-605.16907,-517.5169,-491.5743,-28.88661,-321.29855,-818.69464,539.22327,378.82953,658.9009,109.2057,-386.7021,437.15927,54.70706,-917.6392,-937.50836,654.935,-931.12317,650.10834,-426.5304,593.7282,621.75916,381.82776,99.393135,851.73706,787.1012,664.54956];-5.254157;-5.254171;False
[-885.97784,-502.44482,533.24,923.1955,-458.94498,635.9715,689.5611,-273.0219,246.5495,156.49788,-991.68555,268.10678,996.6387,828.97205];154.76128;154.76128;True
[-96.08517,-1.1061612,42.241375];-18.31665;-18.316652;False
[174.42624,535.4453,846.2435,354.00363,69.25429];395.8746;395.8746;True
[-446.55185,315.70923,-49.88848,-354.80573,221.85925];-62.73552;-62.735523;False
[47.103954,-124.18945,967.8007,718.0303,-735.8925,-500.80368,-65.93369,-732.9432,-947.27826,72.2727,863.1095,667.167,-497.4365,-232.5081,108.20773,276.20297,607.8499,544.4141,-462.8557,-926.1506,381.2121,-661.786,775.558,65.25469,-620.0214,480.37326,-770.6288,-73.73019,142.30458,857.23804,513.5538,-466.3243,-881.588,540.6306,-91.378716,-591.4632,82.598145,-334.27502,772.9078,298.08325,-275.43994,-815.0924,457.79294,-868.7092,143.97186,792.364,204.70496,405.59113,-689.855];-11.836448;-11.836442;False
[-244.9205];-244.9205;-244.9205;True
[43.081154];43.081154;43.081154;True
[33.49207,633.526,526.6426,-20.07703,213.38776,467.4466,-271.80612,-158.25145,27.102219];161.27362;161.27362;True
[216.14452,31.943691];124.0441;124.044106;False
[855.7351,-927.52795,946.66473,-566.47437,233.94576];108.46865;108.46865;True
[-834.02045];-834.02045;-834.02045;True
[-506.4666,608.7086,525.8975,403.50693,-167.25732,964.20404,-120.458435,-169.44969,802.3948,-731.2939,879.9496,-942.948,431.70374,-476.8185,-443.64703,237.37924,-158.588,-914.8745,614.2164,58.819263,-650.6248,927.37256,-960.2024,768.23224,374.8322,-607.3719,-196.65057,80.56445,-498.47144,-707.3392,-919.29694,-426.9567,882.1278,538.9829,891.4866,413.0151,801.1097,-857.76196,343.24954,-175.97198,-339.37848,380.40707,774.27795,-436.09747,-86.48735,-788.6686,-996.0977,870.1731,-459.95038,592.94604];8.528553;8.528552;False
[-232.86404,-214.33237,-677.75903,-269.90918,-760.2266,-19.49535,646.17194,-730.3568,749.2031,956.0872,92.884605,639.4256,-197.1874,-857.1404,-496.69818,-188.43365,171.27773,-806.1095,664.67804,228.3184,-402.51382,-859.9029,-142.05557,351.43826,765.7545,228.87422,-320.82773,737.163,-8.882997,754.0506,-251.74704,-456.65878,-401.77005,710.48553,-916.09174,806.9136,-718.30005,-55.49056,902.66034,574.0789,874.4117,621.8025,-609.5933,22.123802,-102.30552,-702.8039,-401.23987];-6.444527;-6.4445333;False
[134.1805,-4.652968,-884.6823,811.0027,-702.4408,-961.236,771.0512,-928.26733,360.2744,-922.2714,-926.02826,-509.80417,-102.63522,-364.157,-582.235,-702.13354,-782.2815,692.0514,-977.1621,-377.55188,-142.00645,852.83325,-294.67847,-244.83635,-213.43065,-241.63174,182.9184,-892.0184,-713.9032,-46.55136,-69.89467,205.80957,-975.77075,260.5518,292.47174,-728.4225,-824.3674,811.6295,79.73473,487.5239,-375.61185,-673.1908,179.24162,-146.11197,-745.58215,972.3434];-216.5637;-216.56374;False
[778.2762,-967.50366,99.65916];-29.856112;-29.856108;False
[379.29056,-956.8371,848.3657,937.1412,-889.04755,516.4902,-580.6493,109.92658,-593.12695,-826.6013,-377.57623];-130.23857;-130.23854;False
[-172.33553,292.15158];59.908024;59.908028;False
[64.35308,-633.0858,944.1639,-103.35868,815.7265,-415.7986,-523.6821,786.24304,73.71772,360.6162,78.20477,-810.2659,37.480984,643.0184,-71.50573,-788.74133,-405.57632,-462.0621,36.441948,-131.85036,-475.08624,731.9131,316.32156,328.9964,829.57074,596.5601,473.80307,-14.96406,-138.91425,363.9347,219.2284,706.24585,-313.34305,892.50946,-526.8692,424.53397,163.76797,491.3585,692.2315];134.76508;134.76508;True
[609.8576,642.27844,409.7121,-526.2063,944.52686,883.2276,323.2179,-449.2071,899.73016,638.66644,-341.232,742.3455,529.1394,620.8232,-562.4614,883.4773,193.12701,440.97195,650.02954,-712.14984,17.172949,-359.6816,940.3338,699.67694,-881.339,-523.1017,67.37033,-144.80453,-688.8906,-925.49066,181.22856,315.3852,-331.2916,291.64453,907.849,-485.1888];163.90964;163.90964;True
[290.94724,-424.87344];-66.9631;-66.963104;False
[-231.31256,-860.675];-545.9938;-545.9938;True
[563.4092,939.54016,-438.91675,903.68677,-58.44338,418.5149,308.06912,308.6785,167.23184,866.8694,-944.8507,778.6718,-822.40796,928.58276,-206.4995,-879.0745,227.26656,431.97928,-490.95157,207.10977,-620.1624,60.656555,-918.6143,-535.29553,958.92487,-630.2241,571.6456,-63.67632,523.14526,-72.68437,538.7981,-917.92334,-967.2686,229.03185,283.5971,-224.53502,791.6125,217.5078,991.67755,-468.7914,-522.7277,-270.1822,632.0631,-96.21948,-888.28156,-995.0309,164.61322];20.853657;20.853657;True
[-732.3263,226.75703];-252.78464;-252.78464;True
[751.4778,-118.06423,-580.9258,943.72076,-54.907833,-602.1143,823.1463,370.30508,-711.86084,-13.179518,-944.7546,-674.06366,-93.089775,-734.8731,190.30235,626.94904,-264.66663,-928.33936,-352.27118,939.9795];-71.361496;-71.361496;True
[-622.29565,-810.85284,-819.20654,60.67652,122.30296];-413.87512;-413.8751;False
[-845.1232,695.9371,185.12512,-888.2592,497.71008,110.60161,-711.54456,-765.6499,740.9839,-995.72156,742.78613,242.92517,32.639412,-124.22977,743.89044,653.49554,694.88074,-57.39971,-719.6113,-834.5157,-366.32166,-656.4724,-288.91946,-872.6647,-890.2369,712.57684,-569.51733,-930.6355,662.92,295.78763,-119.79892,-113.82776,116.1548,932.27686,954.7833,-692.406,533.57654,-315.9015,454.21103,-333.6936,765.59906,-325.22205,-348.79095,-348.153,-212.66458,784.2847,-729.93677,734.94745,-579.17944,-751.39764];-61.994026;-61.994022;False
[-758.508,91.55606,938.72455,-73.239296,809.86035,-497.57346,-592.65936,-897.8534,-12.722871,-701.40173,-613.8984,-590.9697,-831.0423,79.45037,-793.3801,833.38385,267.57516,965.2345,-584.20337,539.9744,-788.80273,-525.7569,-696.45844,119.34848,-967.27527];-211.22551;-211.22551;True
[505.98096,296.97906,181.5178,397.74527,301.8311,942.6592,-782.8656,94.88775];242.34193;242.34193;True
[743.2329];743.2329;743.2329;True
[-780.12305,-447.31705,-250.16216,-64.252,-525.05316];-413.38147;-413.38144;False
[-443.8032,760.6427,695.98395,-611.2782,253.70496,648.25226,-862.3566,977.61694,-384.5388,-853.7711,-772.02454,-565.7458,59.477875,436.86264,-688.3823,-698.55066,-317.10196,363.41406,-159.02904,526.49255,65.540886,753.3286];-37.0575;-37.057495;False
[193.64009];193.64009;193.64009;True
[-415.2208];-415.2208;-415.2208;True
[-952.2878];-952.2878;-952.2878;True
[366.82,-680.7823,-354.7812,-121.9403,-573.46295,797.0943,292.95096,449.06317,-257.6306,-724.90326,-253.86014,-853.8615,737.81384,-316.12656,368.6264];-74.99867;-74.998665;False
[-63.136635,-774.62634,-807.1045,710.65076,464.20453,-791.73486,-181.38177,-302.31207,-826.445,-437.18814,419.38266,340.26758,-728.4801,-497.8775,-808.71497,-610.1098,985.06903,-180.781,-798.1774,128.26874,-602.6293,260.51108,574.22095,473.64163,-352.9298,475.86414,293.16904,140.6386,-154.68115,778.96375,452.09268,498.53537,-800.3676,-897.92773,553.1106,829.37445,-219.08488,992.1605,-925.6659,56.569763,-870.24146,270.79196,-64.813324,-303.7466,-529.61554,-931.97614,718.9348,-222.23682,-314.62952,-659.0163];-104.82419;-104.82418;False
[-18.41246,13.114894,9.685852,180.19067,-304.32568,-739.54236,-266.11957,369.99243,934.7168,-394.95813,-994.03534,-967.2105,410.55093,-522.8927,297.39743,-23.572332,-930.4178,618.3617,419.59735,-877.3403,134.66878,575.94836,821.94214,-449.97818,246.10535,298.21454,189.2155,565.6652,-231.09412,-80.50054,777.77277,460.7463,-219.1477,784.05316,33.209526,473.11578,515.53876,-965.41486,-51.664288,662.69226,-893.09094,-321.1647,348.77118,899.0425,-633.4516,-52.052563,834.4958,-32.665615,-977.74146,973.31934];38.02663;38.026627;False
[-937.855,-354.4968,187.50137,-11.853169,856.47876,651.6471,-626.8574,-601.5739,-746.9286,-14.858881,-792.099,265.16425,15.279907,-399.70865,-327.3144,-550.6125,-726.3409,888.7675,-853.232,991.48267];-154.37047;-154.37047;True
[992.24347,-663.75574,-701.14166,-413.4397,-123.013466,-470.04263,-182.26004,-426.0584,566.58264,0.10381511,-877.4456,626.5801,195.14018,-717.50916,470.9955,735.90704,717.63556,-180.56183];-25.002222;-25.002241;False
[192.90083,792.53827,718.6393,-34.691193,-358.78735,-784.5636,491.68698];145.38904;145.38904;True
[960.6142,-537.51044,-118.640884,925.7519,897.7161,667.7011,-962.2437,430.49585,-461.63535,245.80283,-393.24408,745.7504,-423.148,-283.0657,236.51598,-73.90098,608.75793,-283.81055,-793.7306,-37.736378,-246.21892,713.67365,-747.219,163.59622,-129.65437,-182.68178,946.7409,120.79518,-930.1905];36.526928;36.52694;False
[-442.4702,530.5831,48.635174,645.8183,777.3812,-245.96324,-982.08405,-444.50067,322.73303,259.35724,-744.5106,-897.26276,404.9124];-59.02854;-59.02854;True
[-395.8879,-797.1522,811.9905,-688.0532,-480.1947,527.2143,-206.17894,-473.97137,883.3908,-773.9091,-146.884,-746.7474,-677.14966,0.8516542,-734.22626];-259.79385;-259.79385;True
[866.6244,954.8343,644.8386,134.66748,285.65494,807.08026,973.3593,-697.8066,-358.76025,349.1297,-82.60984,-593.8083,-971.2995,743.43677,-468.77237,17.47605,505.04684,875.38995,-968.1319,-686.5582,-102.63504,83.11234,91.76429,649.4501,-82.51817,113.658325,478.41605,-556.6904,-319.8645,420.9024,-696.9365,317.2519,442.58228,-405.7563,892.70337,-603.124,666.77686,-556.4227,-385.8964,-315.88486,-649.0364,-935.18744,855.44226,501.35745,985.7202,71.54678,-189.34682,-853.5709];46.82512;46.825123;False
[-284.2159,928.4508,868.8089,-606.37537,-964.4136];-11.549031;-11.549047;False
[-353.9791];-353.9791;-353.9791;True
[270.29388,87.82002,-841.1845,786.4162,459.96915,-181.75745,-63.77921,171.77144,-792.6728,557.8005,-851.45807,-392.00906,944.9734,407.36353,-671.82294,368.11252,-383.04272,9.240224,953.2214,-761.6233,51.89848,303.20645];19.669863;19.66986;False
[90.739815,-818.687,87.65421,-99.70615,-537.4209,137.1458,606.1698,-883.35657,-589.57086,992.20215,-76.61968,514.04095,-689.1862,-512.99695,-805.3132,445.13077,578.7226,650.6704,-682.1732,804.03046,-785.4967,144.34386,14.149369,499.9639,-90.169174,542.962,-349.972,-603.7343,370.2837,877.48975,148.32414,-762.96405,-275.04843,113.19073,-541.04175,-406.51187,418.8859,405.55804,-510.71658,184.29973,822.0972,-45.967392,139.09755,59.039722,-60.805367,64.65489,141.7725,-918.9862,66.6501];-23.003561;-23.003553;False
[-130.91402,628.0518];248.5689;248.56891;False
[-664.28625,225.41762,527.54816,313.13116,-9.258526,946.0146,993.49744,229.02133,-776.75134,-492.56845,175.01875,581.276,789.92834,243.01817,-235.08281,-708.42084,503.28232,9.781464,-735.6743,955.69934,60.584797,750.685,-114.630844,-181.29953,-644.53235,244.9689,-470.98904,110.078896,992.89215,882.97754,-924.55365,318.47717,-222.9004,-571.0658,-445.51166,643.82947,53.460495,-575.44293,-844.03357,85.49485,958.97156,138.36115,495.23898,-591.8608];68.631645;68.63163;False
[-296.36676,241.08879];-27.638975;-27.638985;False
[572.94653,-84.80575,-40.07061,557.288,-514.1379,-144.6497,374.90207,793.63824,-745.80676,-192.50815,915.2746,-129.53333,551.0666,-65.71533,-311.149,-870.8448,948.512,221.59686,-522.7333,855.5531,-699.2969,689.48706,-105.07798,712.6492,691.96576,709.47986];160.30887;160.30887;True
[16.17373,-628.5706,-395.467,-398.49713,-18.364952,-289.68027,797.60077,344.17978,-481.1723,-686.389,-724.1808,-789.50256,-494.93527,608.8378,-95.73536,-234.1985,-382.85788,610.8797,-869.4085,-452.09244,409.61218,-605.1808,27.26859,-497.2905,86.92903,-261.11584,-392.3249,-745.9128,-317.33765,-395.71674,462.25848,-659.2569,-896.88403,253.50883,911.35004,343.61166,549.32806,-244.05179,334.1214,431.0034,-799.42914,389.40915,-891.441,-735.3408,-275.89218,-981.56934,-314.77863];-199.54262;-199.54257;False
[100.73981];100.73981;100.73981;True
[-949.74274,25.184921,-515.57135,-866.6643,922.462,744.6434,815.91943,494.47815,951.5183,-28.60522,-510.06287,677.9541,-432.66147,-680.8105,-742.0704,944.84216,16.751461,-411.4394,-278.40955,254.30118,191.51796,805.372];64.950325;64.950325;True
[-685.6035];-685.6035;-685.6035;True
[252.50008,220.28734,824.9137,-466.4148];207.82158;207.8216;False
[-92.119965,873.25214,-330.9242,-966.63666,-11.789041];-105.64355;-105.64354;False
[781.7598];781.7598;781.7598;True
[-530.5363];-530.5363;-530.5363;True
[-729.7763,-860.45764,-497.28604,129.01561,533.5474,803.25226,185.93608,-52.931374,-277.89127,485.85876,811.8851,122.471245,415.0773,-488.2624,193.45776,-84.532295,-947.4649,985.7494,304.25955,-489.01486,209.7288,-948.91614,807.9464,90.6875,995.89703,-861.4237,-138.90184,865.03796,-123.92707,-554.16205,371.8126,-398.4357,872.46655,995.87225,585.6636,-421.90198,322.73355,-201.32648,-877.3809,344.8388,155.64116,-124.36316,-597.03076,196.67099,990.3442,205.43187,777.2655];86.87579;86.875786;False
[91.10989,-320.1448];-114.51746;-114.517456;False
[17.593975,-365.99225,-57.26994,461.1496];13.870352;13.870346;False
[258.3663,144.38873];201.37752;201.37752;True
[-805.29,-651.305,-227.00111,-556.42816];-560.00604;-560.00604;True
[638.1501,-6.4801664,553.3641,-512.3216,400.69415,941.8331,-221.71306];256.21808;256.21808;True
[-323.60583,10.913361,484.81464,-97.07612,-408.218,-929.55066,-454.86615,-451.7792,712.21405,-528.97095,-431.35007,-934.2905,-416.3169,-101.18662,-551.38654,-43.729107,-501.59473,939.4914,-120.75677,953.5268,498.44305,609.39276,645.51776,-807.06573,-111.49133,851.484,-671.695,-741.97327,-657.7627,-372.09854,779.6284,638.7729,305.35977,250.43935,-251.74345,803.0446,330.84583];-29.584307;-29.584291;False
[-168.8912,-983.00586];-575.94855;-575.94855;True
[275.66037];275.66037;275.66037;True
[-350.0913,765.1671];207.5379;207.5379;True
[611.271,337.61438,430.1012,256.92807,-622.6004,749.97534,878.37354,-523.8038,-858.85187,991.7773,-753.168,-182.27689,-927.776,-816.53046,-282.06726,-616.7665,67.38588,642.1412,-906.8789,-826.6357,385.94727,874.22394,-278.6186,47.951347,188.7705,369.22263,165.53575,787.66656,-822.89923,467.48285];-5.5501595;-5.5501566;False
[802.40265,704.1319,-983.9043,-224.76045,910.97076,133.86182,396.0504,-97.92953,364.7757,-665.61786,-466.263,359.03986,1.9739317,624.88684,-100.44819,-344.07498,-296.15613,-368.75256,865.31366,168.08829,-571.4583,-379.67636,-983.01013,-74.78945,560.99066,330.04938,708.3902,-418.37866,218.12523,819.7686,581.9651,-281.32214,463.16403,882.8753,628.54663,428.47168,-740.4607,643.88776,766.0727,989.4717,434.56348,-895.3323,888.04004];157.75682;157.75682;True
[-678.13306,560.13513,-241.63216,-123.85068,96.4607,-493.61896,-595.1062,-191.27347,10.066746,-43.153038,-942.3967,-595.8775,415.94525,-231.10326,-245.15337,-232.4644,-513.5769,795.8005,-97.18663,416.24088,-707.7018,375.1325,-269.07443,-221.4333,-548.4407,41.52903,665.332,430.3234,86.49526,-902.1011,481.64722,20.16033,-224.46582,-857.9263,701.59717];-110.25153;-110.25152;False
[-689.7553,-35.963734,777.295,-572.48975,40.969746,200.97504,296.6053,-770.35547];-94.089905;-94.089905;True
[264.73984,430.71875,548.5467,858.72534,-489.0696,-362.4182,782.2911,832.1142,-440.2138,-116.0479,290.22003,70.72119,70.02638,955.9531,745.68427,430.24475,129.95102,344.0766,428.04733,-400.98856,-315.6038,953.3753,-238.027];251.00291;251.00291;True
[932.2845,-145.82387,-452.4126,601.6217,93.297325];205.79341;205.79341;True
[-410.4799,512.9814,-94.9163,995.11835,133.40286,-208.51778,831.871,155.12825,-331.29636,-129.26205,-58.986153,279.8205,59.99906,-652.22003,797.40405,217.84949,218.7169,-403.93088,536.7295,-404.4484,-847.02374,964.1836,744.2338,-914.13715,8.045184,970.81635,497.70837,356.1934,527.16486,775.9278,-635.18427,312.0195,-401.18347,22.353832,-337.57513,598.6558,855.33636,-480.8797,865.71216,231.87534,649.11084,177.17078,697.365,698.74524,-843.58636];167.51138;167.51138;True
[-446.7342,-179.65065,543.2678,-635.3085,-600.48846,-746.89557,-134.47385];-314.3262;-314.3262;True
[669.6294,-685.74133];-8.055985;-8.055969;False
[601.3546,360.16364,299.73145,576.63916,-244.91196,403.22754,831.54474,837.5828,191.7724,460.45358,552.4714,469.18973,-742.4112,-576.39215,-275.86716,400.0677,-791.8196,-602.7054,-88.290146,-21.060354,-567.25964,-232.75938,-163.31003,-580.17554,736.8852,-65.68524,-585.9589,-254.13013,-468.21124,230.21298,-72.268715];19.93807;19.938086;False
[-397.6832,917.6762,172.30882,-579.1167,464.4342,-619.47015,617.804,612.79114,-579.145,508.01788,-96.0175,-606.891,652.4465,-640.6262,-912.97266,-917.765,436.5103,299.84622,156.02036,-577.88055,325.78702,-77.33419,949.59955,342.88596,-929.21356,935.301,-97.96731,-876.17303,546.00397,399.95566,845.08624,249.8575,-924.6536,868.6535,-116.91445,321.15594,-500.64227,416.1443,962.0761,742.85876,-913.3975,-650.74365,170.012,603.31757,-36.1746];54.794853;54.79486;False
[-956.0701,-802.9633,262.35428,-375.14728,-489.72552,76.42292,93.31555,-840.97174,-923.251,675.3587,-840.5166,680.124,7.5299053];-264.11847;-264.1185;False
[579.0884,178.68842,-964.0552,-699.4656,902.21576,440.6415,999.0476,205.44362,-413.87543,182.02748,-166.92789,-275.873,-415.29233,778.49396,-833.91064,711.52795,-683.8737,688.92145,344.04395,902.0196,-781.48444,-713.499,128.28769,-289.00797,-144.58687,700.732,-506.23065,286.03763,198.65689,614.98,996.44806,538.5069,601.2644,-135.37244,-280.48724,-307.14835,670.07117,-106.260765,-838.49493,-989.692,-242.32805,653.555,595.4611,775.1174,-884.52594,-635.9855,406.6993,375.6207];65.52541;65.52542;False
[-285.30798,-867.4853,-97.54185,-101.988174,695.1521,-835.1081,932.5395,-6.7163486,-876.8417,648.9093,46.63065,933.84534,867.0631,-746.53455,360.8947,373.16525,599.1919,-33.45505,-945.28906,-146.6327,-854.3832,616.50665,979.406,449.22394,102.3963,525.63745,-246.54758,-152.33266,107.99027,871.7154,703.571,759.85254,366.6387,866.53046,-2.4997492];160.23419;160.23419;True
[217.67674,439.01065,-303.47955,-440.56204];-21.838541;-21.838554;False
[61.58792,269.76788];165.6779;165.6779;True
[68.42538,-801.4014,815.2955,10.113373,374.51065,629.70905,-724.6479,934.2968,-63.151745,340.7465,-738.66095,524.5982,-533.44855,711.256,-981.5123,-432.32355,-678.34906,-660.8794];-66.96797;-66.96797;True
[723.5553,-874.19965];-75.32219;-75.322174;False
[-764.84344,446.00293,-943.1338,-318.27246,-96.80005,-708.3763,175.10115,946.65436,143.87651,-696.3252,-550.945,-407.71323];-231.2312;-231.23122;False
[856.29376,-176.66689];339.81345;339.81345;True
[137.15211,-229.98419];-46.416035;-46.41604;False
[-453.72028];-453.72028;-453.72028;True
[-828.43933,-572.16095,-618.06104,-172.19409,-437.84662,928.05914,618.8274,154.71848,-78.12922,-183.00247,822.1744,-317.66138,772.7715,-523.25714,-717.16754,572.7625,-821.1995,897.2833,-206.59161,329.75742,-606.1852];-46.93057;-46.930584;False
[-163.83041,-935.1686];-549.4995;-549.4995;True
[-821.47516,-705.9388,718.3506,-738.1497,-86.71441,248.1895,-746.7999,-178.09178,696.7204,-170.04874,-759.1187,-733.46985,549.6306,921.2735,51.535187,-612.5557,54.283703,769.6935,559.4821,-389.27414,-81.93498,-4.4348445,-777.09204,234.9502,525.69525,126.176384,380.78372,597.0436,-193.0219,19.386332,-877.69574,-997.9251,6.810645,814.78455,0.14818914,434.87164,-983.5489,638.26166,587.3745,565.4837,809.8076,186.275,-581.21014,367.15994,225.77518,528.97943,-788.86664,784.6424,-152.5855,996.78845];40.408096;40.408096;True
[610.8804];610.8804;610.8804;True
[627.7045,519.5846,849.52386,408.5858,767.13196,-660.4431,-439.7746,241.28899,-12.079358,947.4158,518.67804,35.129856,443.72934,136.29593,864.73816,-482.574,-864.0235,381.88013,-24.202415,286.4161,-745.4761,638.3447,-464.82208,-41.174255,315.16815,-371.72867,-977.26904,493.68146,-0.48115954,993.5305,-305.64523,-521.67676,253.23311,965.1568,-326.2216,-390.16928,161.4663,-686.2494,-350.89185,-135.15633,395.78845,257.9587];88.151726;88.151695;False
[789.35846,-956.00885,605.6984,-670.7411,-472.40155];-140.81891;-140.81892;False
[-963.22504,-661.91864,367.59076,-583.6376,-246.00237,-111.09519];-366.38135;-366.38135;True
[766.3015,499.42844,770.8986,870.4976,279.02036,828.447,127.698975,-375.4575,-544.12946,298.0574,-649.4452,-758.2161,-975.89703,1.2567241,-727.0187,304.31592,227.38579,-907.8517,-521.2209,651.7815,-983.5253,-203.9489,118.174774];-39.28026;-39.28026;True
[521.9351,-632.8839];-55.47441;-55.474396;False
[-391.8671,-619.6915,-801.893,794.4257,782.3239,520.25037,568.41504,424.8184,-769.21594,-622.86945,-830.9342,208.13493,-502.0672,401.44437,634.0614,-99.238594,-905.5724,-201.4712,-50.360542,384.9327,804.30444,432.75504,502.30502,-951.34344,-441.611,-156.52185,-39.990417,-497.4764,-892.56195,542.2391,-310.33698,-375.81375,-66.450836,293.9155,-599.5072,485.74362];-65.18681;-65.18682;False
[309.52948,886.87];598.1997;598.1997;True
[11.917047];11.917047;11.917047;True
[-532.60333];-532.60333;-532.60333;True
[968.74774];968.74774;968.74774;True
[950.54376,-492.9801];228.78185;228.78183;False
[-830.0516,-900.0006,-92.55148,24.704168,866.551,-733.50183,-777.6783,-176.845,264.9436,-352.2302,202.57959,-975.93713,685.3651,-310.5221,-360.65414,-98.84336,-695.60803,-965.0083,361.48853,312.08487,-965.40063,-302.03293,-960.97015,662.002,356.6552,-532.1071,-160.46729,-952.2177,524.5622,754.9631,-113.50179,762.8546,-175.47131,-643.9761,384.82608,524.2903,640.215,211.23906,6.905071,-722.0809];-131.2857;-131.28569;False
[-660.9163,-939.0297];-799.973;-799.973;True
[-31.684908,-615.0234,701.6832,-290.12335];-58.787106;-58.78711;False
[154.41728,-918.4839];-382.0333;-382.0333;True
[154.09203,125.42489,36.9994,-315.5163,-676.37604,-950.40106,-530.49475,749.3446,386.57568,963.19104,722.743,-754.4071,-589.6298,-950.41785,585.68945,-24.194096,504.26404,678.2636,-750.7477,774.57306,-804.87164,-764.7519,726.6301,143.2901,-470.7559,-216.30194,802.9404,384.87912,475.85803,-85.79278,-588.8494,833.22156,741.4453,-869.49963,-104.20323,-960.32983,-800.6691,-834.85803,752.93164,-890.9158,797.52295];-38.880585;-38.88058;False
[356.8586,196.22006,-559.8969,136.82185,621.4054,692.1359,-817.5054,427.6101,920.81665,106.27253,-152.83807,-74.44978,-540.326,-254.64127,-807.61523,368.9922,-985.24146,-801.42535,-325.61176,-170.87967,-231.00417,-323.76825,-96.492165,265.03815,-513.2809,-38.730335,-740.30347,724.78186,90.61444,843.01746];-56.114162;-56.114174;False
[510.66428,652.84094,-663.7748,347.68616,-983.28986,-55.56368,-989.864,738.98596,455.34158,-371.79788,579.9444,-251.16525,-74.09459,-21.945663,-755.2305,-942.0358,-273.17804,544.6496,56.809887,-512.25494,-262.96756,-411.72592,446.28244,836.0355,-173.67392,474.70938,-921.3855,-828.9689,-158.76245,967.9738,884.5289,881.27405,754.22363,660.4783,300.9222,492.86816,-582.6585,400.27722,770.2073,-709.6614,-972.3331,-493.26376,368.0514,115.46433,-109.792015,-189.92395,-935.788,368.8017,355.08398,106.8964];8.518028;8.518035;False
[-544.50354,-91.28747,-268.1944,237.17482,-881.1941,-507.5315,94.524086,-727.9937,-45.577255,739.7292,600.94476,-86.920006,322.59595,509.06287,-522.7537];-78.12827;-78.12826;False
[-580.7447,-337.16833];-458.9565;-458.9565;True
[-366.362];-366.362;-366.362;True
[-889.6496,868.9015,451.22626];143.49272;143.49272;True
[445.71063,497.22702];471.46884;471.4688;False
[153.6169,207.60771,-889.8755,961.95,-971.7221,765.35803,47.64733,-735.7555,-584.718,-773.00757,-624.173,-172.27534,-867.8023,901.4174,-123.46952,-575.58356,-45.59831,90.477844,-958.86206,-949.81165,162.20764,-938.59344,521.1872,766.8488,605.91797,285.01376,779.71094,391.4367,-460.40747,-695.8185,-496.3689,-597.8499,-203.40694,435.1161,-683.91016,-825.49976,14.728379,654.2024,118.61099,-282.0824,-433.90936,486.19543,-3.4955266,-547.82275,606.4382,484.87442,36.937912,244.65286,231.2469,-14.824467];-90.06484;-90.06485;False
[250.57504];250.57504;250.57504;True
[893.90717,-610.47034,618.15094,-883.2373,-972.8343,-34.98015,312.23846,437.0901,-291.85574,-508.9702,-658.68463,-327.65216,484.28546,157.37157,-206.89928,589.70905,835.23047,-712.77185];-48.909595;-48.909595;True
[109.21948,-916.5929];-403.6867;-403.6867;True
[-899.07794,476.81836];-211.12979;-211.12979;True
[-623.03595];-623.03595;-623.03595;True
[497.72943,997.8425,155.12735,310.44196,986.3785,-974.8328,-490.6927,-124.14021,-676.1748,-618.6359,871.77765,271.5201,236.55919,832.08704,328.583,-509.6047,-949.5884,134.15755,768.0579,-687.53766,236.17195,979.6696,-205.69975,-414.88385,585.1585,-234.13652,316.16016,754.06464,-79.19113,859.0429,761.7573,427.23892,-206.62668,827.4506,-434.19522,967.1396,958.30914,-762.84393,86.78183,632.4329,-395.01022,-963.347,-566.7336,627.5004,280.85776,300.00162,-186.50012,569.0355,247.1672,-845.0066];129.61642;129.61642;True
[-730.5032,-975.2735,-385.85123,122.72343,-875.13,-662.11115,933.1932,-700.28906,843.6643,539.76227,-698.95154,-957.06836,-909.621,16.435097,-893.3177,530.19775,-983.921,-136.82448,-66.68448,824.21344,927.067,270.6961,-670.7236,572.36304,595.3118,191.31277,496.03094,-16.26175,410.40045,666.8942,-351.1769,310.02716,324.73596,-844.42255,-911.4403,-206.7821,858.1546,211.80275,-130.72226,-158.10417,-694.9098,954.2984];-56.20965;-56.20967;False
[599.80035];599.80035;599.80035;True
[-883.8044,-868.8482,-668.17126,-864.851,938.62805,-713.7013,300.5554,-841.8873,83.46118,945.9686,-990.05066,679.46204,865.4799,919.0346,-459.3997,-326.99197,891.30493,565.1965,-171.89787,-555.86444,-248.32018,-384.45502,-657.3738,-430.92932,44.242912,734.0267,-732.89856,-381.58612,463.90475,248.8245,-498.05896,-369.91275,82.71903,883.06146,-134.72476,-396.514,138.39938,-972.8753,711.16174,-94.236,660.4005,120.29742,854.2631,-587.1756];-47.821266;-47.821274;False
[810.81287,495.5545,919.07556,-632.3324,178.34169,-706.34186,619.1544,256.55704,176.38516,-692.61884,803.08746,75.68932,-463.87277,-799.48584,300.0094,-505.56943,459.0559,-100.71001,-906.35986,-508.35345,646.4509,-947.34174,-171.12578,291.01056,770.94403,614.21246,522.5571,-544.2849,-243.33386,311.21152,381.0985,-298.0275,634.8906,807.1534,934.21075,187.95947,454.96777,217.87407,313.2041,44.6222,755.7394,307.16003,-566.09186,-262.97278,440.513,166.37952];120.588264;120.58825;False
[-948.2472,225.60419,850.3553,587.03357,-602.0446,897.4021,12.693952,-999.9918,839.18774,-606.0245,-600.35034,590.68286,694.0166,-487.1462,426.86865,730.8307,766.8434,-265.29236,109.105034,286.19128,747.99133,-669.3221,966.2411,34.732933,756.4723,-290.18915];155.90941;155.9094;False
[782.3229,580.5899,420.1956,852.2901];658.8496;658.8496;True
[26.658178,498.3874,-960.2383,-475.74072,-96.69789,314.94058,120.13719,494.5022,-393.26782,160.25676,364.1944,858.9457,-846.67224,-38.80071,-245.21275,17.445677];-12.572648;-12.572641;False
[656.9778];656.9778;656.9778;True
[-451.8264,-74.41331,-587.7732,-597.7581,753.04065,-825.7635,-758.1648,428.82785,-817.3359,-211.01756,421.75134,690.0955,894.0843,986.04724,790.94904,300.0824,119.23598,-615.8541,-767.40955,-619.1017,-556.9169,608.56616,423.55383,429.18597,294.90414,-558.9194,225.38925];-2.8348408;-2.83485;False
[761.5767,-449.77176,606.12585,-233.8593,-3.9187462,-361.96664,993.86884,-352.35236,-247.44183,-479.0293,56.750965,-369.21268,-849.5426,-842.9749,521.7151,905.7318,380.7629,-611.5693,479.99606,684.8374,33.218204,-127.354454,-691.357,-66.32718,160.6829,467.75687,-347.92117,-897.7147,-21.125116,-79.71967,280.89673,-306.0753,390.76804,259.95355,92.360275,471.33505,-371.56894];-4.390961;-4.390965;False
[933.5551,616.89825,-598.8715,-165.5592,915.51794,-437.42053,977.49774,701.78,163.4338,-626.5753,942.05286,980.7228,-32.914448,411.58844,-852.5244,391.41714,-363.0284,929.585,-967.703,-436.76312,783.48615,-39.084553,-982.60034,588.45264,728.1587,-851.8108,324.7707,874.14734,-268.66022,-599.35345,-850.037,-373.33743,-82.01409,985.87946,973.2385,-77.99206,792.96185,685.939,-539.6196,247.30315,-940.45496,985.90735,-117.31914];133.27094;133.27094;True
[-535.3831,58.295452,-563.9338,115.660164,867.23944,732.6686,-164.34424,-640.0405,-681.05676,1.6180869,764.65936,-435.40332,916.93054,-932.5776,-418.45847,256.3137,71.87513,123.88516,992.0189,-584.1291,24.563568,-920.504,-850.49286,-955.7005,-216.1139,-820.3806,-337.82153,-153.89288,-255.70341,-588.68414,-683.49506,347.61224,922.4986,146.66736,415.05438,997.10004,747.25653,865.24475];-36.077732;-36.077736;False
[179.43192,-414.38818];-117.478134;-117.478134;True
[51.910885,-949.2464,-187.14381,657.7588,475.97504,297.0473,-29.150738,427.0704,811.039,-492.15308,57.247627,-151.67451,-231.68857,692.1879,585.64307,147.00279,532.1926,989.0734,-773.8637,906.4246];190.78264;190.78262;False
[364.30408,81.228836,166.45876,559.00726,-900.9111,-639.33563,-782.91864,423.12662,139.11041,518.94037,-350.69907,714.9224,-128.38951,565.7369,960.49493,-359.7069,698.42017,230.11995,995.6178,975.50354,169.29573,176.95522,-436.30344,-97.492485,990.5852,-22.305437,459.83817,-466.63385];178.74895;178.74893;False
[-325.8244,273.9939,828.0784,771.63794,645.5758,-364.31897,-797.6414,667.4836,480.25864,-315.85254,552.39655,-97.07427,-656.598,-670.7283,27.325256,32.5338,-63.24689,-784.32336,491.38055,574.8051,388.27933,516.6929,-689.02826,430.23993];79.83521;79.83521;True
[424.5855,730.22,-228.63396,515.3045,469.79755,405.37842,-449.6172,-516.4352,-917.2561,372.35742,54.93366,752.1347,209.70203,-400.64798,760.3289,-90.28869,-491.2863,870.8642,-91.96082,764.30676,-641.84424,504.33536,206.74529,516.7717,-827.53534,-368.6058,233.02885];102.46975;102.46974;False
[-361.03607,464.99454,-577.4731];-157.83821;-157.83821;True
[-727.4331,534.3078,-842.63947,-71.72544];-276.87256;-276.87256;True
[-856.79333];-856.79333;-856.79333;True
[-221.8943];-221.8943;-221.8943;True
[301.46094,668.8526];485.15677;485.15677;True
[54.59723,367.1657,-413.63626,718.93604,106.49673,-109.516235,173.45459,-204.50534,-162.33209,668.8055,925.1326,-662.3732,-64.554794,-81.74985,-705.01874,909.4771,-691.50146,522.2671,73.98948,7.6889267,313.39172,685.0558,-370.70035,-801.72766,384.8674,-483.6848,-863.3223,-474.95627,-599.26953,-679.9109,228.39809,998.5336,496.9667,760.8644,519.2515,280.90353,245.99936,792.96844,-673.10223,301.5516,120.75292,-735.2948,-431.19708,469.72794,989.457];64.62994;64.62993;False
[-525.54865,-967.8051,675.1739,-510.6262,-442.84674,59.897015,-934.6703,-637.5461,-679.93744,40.912476,-518.9678,-80.615654,819.9275,-743.5887,138.4266,-104.12754,-863.8089,-112.631935,119.30178,-925.5004,341.61533,102.60089,-630.0249,-313.72437,20.407623,-758.9802];-285.87262;-285.8726;False
[-705.4456,498.16565];-103.639984;-103.639984;True
[-107.71681];-107.71681;-107.71681;True
[-872.68207,209.39764,788.57294,-764.2783,928.6977,-448.5866,427.5983,687.3612,548.9228,-65.10609,707.70856,90.09776,384.42816,-211.21289,-932.9752,-129.54616,360.6828,-805.20917,-856.6611,792.91693,-361.31097,-416.75198,-790.66766,-308.67612,-371.39505,912.3273,-435.27274,-570.7114,-594.4777,590.0725,672.7881,549.4522,-164.67929,752.41876,-52.274593,-418.90204,243.91338,-323.71155,531.1999,297.94073,-698.9145,-914.60266,140.26213,-647.33453,-59.478386,-102.58469];-36.98356;-36.98356;True
[366.83893];366.83893;366.83893;True
[985.6864,55.32107,503.0208,284.5947,-336.78445,97.21058,822.2834,664.7399,759.4817,-598.2283,417.86365,-655.95526,527.95184,984.5191,-920.9558,987.71313,-196.24873];257.77728;257.77728;True
[626.1884,462.6901,664.62573,-214.89569,-900.89825,-762.65027,-772.12445,-837.77997,47.258324,-426.9016,-434.29428,-683.49506,-932.8734,-418.06775,-915.35834,-550.3944,-369.84598,-136.65599,-493.5896,129.94102];-345.9561;-345.9561;True
[919.16766,467.2865,329.19562,335.91177,-855.5851,339.1131,632.6021,-160.45155,617.40906,-349.24603,-23.351776,-520.03064,502.277,-514.61487,381.54175,411.17856,-825.1618,-339.1284,-893.71545,934.9901,905.9814,-695.9309,-462.08572,-294.6942,-364.86884,514.43713,-903.8407,-991.20544,356.815];-18.827744;-18.827751;False
[-431.71,297.77576,-38.785263,-340.57916,-821.4882,557.3083,-714.59607,337.05807,737.8318,848.75214,161.6404,-86.50571,-237.59607];20.70045;20.700457;False
[-346.60284,211.45676,-306.8022,321.80698,785.69305,315.38327,-280.20248,-989.2895,-50.049976,331.5024,864.8041,409.37192,-977.4462,-541.09204,929.3551,686.8983,5.238895,556.93506,831.81287,-291.8147,937.9822,380.95074,365.2166,-978.77295,-544.8678,-957.4878,893.16876,767.55444,478.0001,-861.2231,603.355,688.2255,554.71466];145.26591;145.26591;True
[907.8139,-348.57495,383.08386,-373.8722,-740.6774,905.5081,-710.9089,830.1931,-195.59898,-484.71768,-340.48813,-143.47137,871.7116,845.68787,882.66327,-115.91093,-233.28021,953.71405,-611.9686,-493.51523,-730.2499,-717.3754,-868.11523,266.70758,56.315956,215.42235,-43.636047,-994.52673,-596.4469,-903.9861];-84.28331;-84.28332;False
[401.54465,23.642765,658.3061,35.07999];279.64337;279.64337;True
[-2.669109,128.61284,967.1595,339.1871,404.35434,-166.90489,-237.0022,-425.66415,-582.87213,20.271372,613.2349,-181.87228,-594.2346,901.972,-948.77094,458.45966,-139.00705,-23.888388,-151.03198,-625.37256,-136.74873,560.9685,246.68663,242.10625,697.8425,-463.86914,949.8961,-9.193976,-519.5601,-300.16077,-178.37903,991.56976,-450.14417,873.1567,-128.5328,297.63562,340.0466,-835.3972,879.47284,-417.76218,460.9031,-345.41125,791.5219];76.75834;76.75835;False
[-992.3227,383.7319,948.1854,453.5348,897.56885,994.22516,250.26625,13.552557,-965.13086,-216.66092];176.69505;176.69504;False
[-631.8005,5.1859145];-313.30728;-313.30728;True
[90.46826,359.76566];225.11696;225.11696;True
[735.95953,-80.12386,-344.58014,445.83017,91.74512,368.06387,534.8153];250.2443;250.24428;False
[938.4686];938.4686;938.4686;True
[-204.44191,493.9359,337.85287,-469.2898,241.51492,377.76578,372.8186,-586.84076,830.09454,375.0845,444.8911,-111.13366,245.50583,651.49585,-289.639,484.60785,854.1846,-246.36092,-375.1858,533.08734,-903.8327,494.44788,33.29418,329.92795,744.4546,-966.9248,-954.8889,374.88733,618.1204,-815.05457,-802.0027,-277.98502,-374.06412,554.03625,-136.4244,-573.6391,120.79307,948.632,-894.1303,350.2373,-538.7683,723.4328,-723.1454,179.92313,-595.1164,-814.957,-482.19104,404.09436,-500.33093,-995.49695];-30.25447;-30.254457;False
[357.50247,-608.20807,269.408,540.00574,-83.350494,-444.10287];5.209124;5.209127;False
[672.54425,-818.95844,-715.42365,-513.9554,-822.04755];-439.56815;-439.56818;False
[-869.2527,-982.1587,-507.1426,-123.04995,963.5775,-247.60428,-537.52484,213.4037,731.27234,-750.6041,-529.89355,527.0349,-924.69916,606.90204,237.27591,372.03375,-418.17004,976.0643,-503.56693,-212.84764,160.16682,-14.387737,-867.471,474.85416,-650.2306,799.76294,381.2446,-46.856205,822.2434,814.733,-90.143105,-59.8511,167.00922,336.9351,-914.75073,475.66534,684.0896,-763.67303,-975.41547,840.5177,-645.26776,-468.72626,-872.3227,-796.2724,420.3494,136.67311,706.11664,-890.87646,72.519585,594.98517];-42.94658;-42.94657;False
[-808.58636,351.9916,-803.15155,-108.38743,-732.2256,-459.45984,-561.32855,-369.5922,-65.97812,-151.01407,35.538277,228.45894,-616.80774,397.5987,247.26665,-199.42636,574.04474,-154.54182,-632.5996,415.90878,599.4198,440.0432,-746.52795,622.6129,-767.6967,652.684,182.46255,-376.94113,296.62955,-255.33482,-109.59403,-804.56824,-925.6885,876.3453,-249.21,506.26462,86.93625,701.7366,704.60657,-930.1589,280.0203,783.5669,775.60913,284.21536,889.67035,-381.0757,-212.46262,209.92377,-914.05145];-24.343967;-24.34397;False
[-838.48535,-545.9942,-917.52313,719.1705,-912.3025,-125.007286,-113.67681,777.6448,411.44977,-604.87744,-898.09216];-277.06308;-277.06308;True
[827.2515,-963.0961,441.239,916.90485,335.20422,908.7047,-848.0258,58.95983,-86.67672,-143.78937,33.373257,749.27795,-252.81154,-899.2583,-528.6757,731.6666,-724.88995,-488.4316,-645.13446,-295.94034,-165.9257,-74.67662,183.03493,-52.58793,540.19525,-574.47906,-140.9842,-401.79477,-610.18164,658.661,982.91815,786.547,-829.06335,632.53625,214.30272,-362.7581,190.59474,123.99914,-152.1813,219.09792,-947.52606,817.58997,130.09203,-71.87343,759.86487,603.0629,-956.7318,-496.8167,272.75174,78.99269];9.650253;9.650251;False
[673.9269,-636.5777,903.6621,421.08124,231.61143,843.2697,816.90314,-967.13715,-958.868,-842.85645,900.1089,235.16167,-390.646,-961.67267,-835.24963,681.6291,108.81646,-623.3094,279.79678,-417.2873];-26.881845;-26.881847;False
[320.53235,65.011635,-606.68854,-68.82328,-144.11589,944.7305,-43.41486,-136.03204,744.10156,51.227043,323.64972,399.76257,532.8492,-808.8553,-594.57306,-44.73214,-470.98178,-461.72766];0.10667317;0.106677584;False
[-403.73843,-234.7212,-602.0554,94.480705,-93.317955,627.45416,981.6869];52.82697;52.826946;False
[-821.11847,-791.60095,-204.65277,870.2101,876.5472,492.76804,-759.5109,-859.03046,890.2253,-276.61545,985.38165,-638.4897,-255.48703,351.25333,-929.1014,-970.9091,588.4713,-418.46085,26.687008,-281.3887,575.5531,757.77966,673.2581,528.7051,573.6499,-488.95413,-489.79245,564.6601,24.40962,716.3483,-586.96027,849.0987,780.7432,323.97604,27.083523,982.9878,573.7057,-528.6521,-274.4954,123.69045,-605.3001,-68.65578,-710.5657,-596.5894];36.38323;36.383236;False
[523.31256,-416.00168,942.8103,147.62811,-738.5984,-704.4119,886.5622,376.76385,614.64465,-404.33966,315.83768,488.64594,278.82675,-559.0855,-496.14514,-373.87134,878.7934,106.642105,737.3257,201.44014,-677.56866,418.12213,-140.69397,467.27298,633.173,-748.42786,-821.09247,-226.64442,587.0158,64.72616,-663.44543,351.58185,958.5593,461.251,348.23657,-876.8308,-528.419,-650.1473,499.47064,984.2039,-346.8143,-871.9337,19.455648,-698.67456,-293.41922,502.36108,538.16437,-62.810444,246.04291,-949.66235];26.596651;26.596651;True
[-256.29654,-401.91132,-224.90535,-306.27823,52.39907,644.0219,209.98985,48.052937,49.23134,-604.2562,110.10952,-728.4287,-610.32056,762.728,-552.4034,-615.9344,158.44716,-340.76694,-339.81943,-748.07825,-226.3061,-345.36942,652.7871,752.769,-355.18497,833.3543,-564.8261,950.436,-695.70807,50.319878,691.3086,361.5749,837.64746,-363.19098,-164.03104,-329.29346,351.55765,793.4517,-813.6873,-161.6754,-51.31309,-598.9209,-239.07149,-552.9064,-781.17084,786.86304,916.1464,344.061,-390.54675,102.29673];-38.060963;-38.060963;True
[-330.5263,554.7659,575.2777,-532.79803,428.94916,-986.7686,-114.57341,561.4696,77.54906,-3.1945484,127.82069,-273.93356,-757.5195,-36.350273,851.2624,218.42374,-928.85236,-338.94403,444.39038,-137.88078,-263.2384,-546.8681,-705.7812,428.62192,-335.80823,87.12603,916.7776,668.7663,-716.99884,408.95053,699.80756];1.287822;1.2878162;False
[-116.07761];-116.07761;-116.07761;True
[-767.29675,257.05655,581.707,207.35434,114.45472,-972.102,92.61516,-57.263638,-215.79637,-352.42102,832.59735,965.22723,179.06258,298.95688,-285.86224];58.552647;58.55265;False
[183.74097,598.1793];390.96014;390.96014;True
[713.30237];713.30237;713.30237;True
[-267.28818,-765.7912,13.161011,411.58014,141.29387];-93.408875;-93.40886;False
[-958.3737];-958.3737;-958.3737;True
[277.18384,666.81396,-126.93686,577.19934,576.1111,-288.66138,-850.52954,583.8891,423.11188,585.1807,-327.26196,555.1765,-514.4401,556.238,629.8617,432.9227,552.76556,-790.67053,-872.13525,75.195206,616.5062,434.24893,-270.2113,-953.3173];106.17669;106.176674;False
[-567.609,432.11948,-220.78436,307.33752,800.72565,628.32153,992.03735,-319.0243,-158.80663,884.37415,45.33325,460.53128,741.637,-339.7622,341.19907,-13.618922,345.2582,583.77527,597.80206,753.7802,788.4343,-392.03433,-802.2527,184.10504,238.72667,-822.5579,387.64243,-160.71024,-256.6056,893.67413,-636.411,-367.74805,388.18298,-939.3092,-1.9662485,-740.06976,718.1078,448.3196,246.61424,821.8862,-313.59293,627.4943];157.25134;157.25136;False
[980.9452,-54.241737,-582.03705];114.88881;114.888794;False
[-501.27847,3.8524206,-822.7995];-440.0752;-440.0752;True
[-267.29123,-194.59932];-230.94528;-230.94528;True
[865.0658,-23.529505,609.34485,-749.4596,-850.6251,-342.0436,-49.02418,-687.4009,-917.1269,289.0904,704.2435,725.41156,805.10046,429.9078,-678.4605,179.17126,630.7473,771.5997,109.577,174.38501,-129.50478,52.498413,706.1318,911.3622,-303.90482,866.03326,-344.01743,545.82605,-281.31122,-737.42847,693.53314,752.6015,591.95795,517.7663];171.69171;171.69171;True
[-167.59589];-167.59589;-167.59589;True
[-169.26425,633.9664,457.22507,-16.73283,861.16327];353.2715;353.27155;False
[730.77997,-9.881626,-515.15314,22.803768,-153.18494,259.5776,-433.24966,727.574,-256.7429,48.09637,407.52798,-434.20374,-359.89972,-671.11334,383.1462,854.38574,-955.6408,-315.8919,-867.2071,282.60266,-131.93225,146.29561,-660.8682,663.8205,-734.5432,-347.7686,671.61304,235.07121,296.30588,249.94662,821.12634,-619.5945,55.666126,185.86728,-881.26953,-78.31666,5.8560762];-37.25402;-37.254017;False
[936.9181,-253.42064,329.50964,563.02954,-600.2673,-871.24115,-111.65928,-547.7016,518.8719,654.5322,362.12054,-547.15186,734.9736,415.4301,-287.07678,351.76514,-156.30531];87.783936;87.783936;True
[-199.5422];-199.5422;-199.5422;True
[431.96304];431.96304;431.96304;True
[195.40356];195.40356;195.40356;True
[-501.85873,409.9376,719.7594,453.43985,-94.69727,-510.86575,921.5056,544.81793,114.44872,889.7276,454.54123,268.4601,-240.84558,761.81537,851.58325,649.7995,662.90906,-205.63399];341.60245;341.60245;True
[-663.9902];-663.9902;-663.9902;True
[-838.4729,990.21796,144.2967,352.00696,-655.2055,-472.14474,973.08167,-249.21053,-903.7078,200.27287,-611.4992,21.082138,652.04083,194.44502,-948.1741,-498.2365,527.46124,-766.7886,733.09753,-728.5003,-763.14075,875.538,-618.7316];-103.92485;-103.92486;False
[811.18317,-497.57465,731.5084];348.3723;348.3723;True
[-639.8766,-534.34753,-993.3027,-134.7317,-628.7431,-629.78143,-154.43121,297.63998,394.0369,47.353027,-305.04156,436.39355,773.4009,-610.1351,914.8385,-955.7331,516.9817,-677.6658,202.52359,-961.5138,698.5176,-734.92096,440.74634,-13.161762,-133.0587,-269.5353,-764.47644,896.02765,-607.64,735.2083,83.81547,-601.1761,-411.65637,-926.337,50.433834,89.083626,920.6411,920.89215,-664.3926,-541.1904];-111.85788;-111.85787;False
[-139.05812,723.5694,-262.71594,-689.55615,-26.140278,-445.9581,-359.4918,-68.243126,948.3131,-317.93323,47.854214,-763.77484,-81.794945,923.8353,-907.0642,735.6504,831.78577,233.2556,-330.35498,424.08557,520.9203,175.0285,-943.5975,-721.5643,-323.21658,-973.29865,-236.36278,-332.02673];-84.209076;-84.20907;False
[-30.146753,-691.47107,-330.40106,-274.63205,106.54838,160.76256,827.9865,988.9114,80.09714,-45.30537,-579.93384,128.22783,18.893995,-213.21637,-911.4198,935.6873,-137.53249,-812.5704,910.20245];6.878333;6.878338;False
[707.45557,473.14197,164.27582,110.53815,-834.7885,700.2835,-864.42267,146.56987,475.0664,84.38835,948.4758,-57.398384,-605.9872,-206.96959,-901.709,-630.87427,-947.4135,77.04226,898.5246,-220.63193,937.2669,-757.84906,-235.15976,690.22565,464.14996,-638.5628,-205.67447,-609.2961,339.51044,49.72465,-612.5882,-766.46985,584.5131];-37.71643;-37.716442;False
[-161.88072,325.45132];81.78531;81.7853;False
[-131.2494,-369.28946,-915.05096,680.1949];-183.84874;-183.84874;True
[-33.61762,81.23656,296.8381,229.66441,886.19714,-729.9782,251.39732,-781.8408,-453.25092,994.0134,-136.50456,214.18228,249.06279,-602.25867,956.3162,-429.18857,-702.267,417.40634,-722.7608,-662.488,-71.10241];-35.663956;-35.66395;False
[228.87747];228.87747;228.87747;True
[372.44263];372.44263;372.44263;True
[-873.5252];-873.5252;-873.5252;True
[-213.179,-920.6472,326.17828,862.9899,-208.09216,-571.9811,78.36135,-33.477524,481.56815,58.778866,574.3346,-439.7904,262.46536,-886.65015,-37.02846,-304.74457,-341.8387,-673.8086,-796.312,-485.11163,26.240812,36.991047,-783.89465,-19.296768,-863.9274,797.44385,822.142,422.2099,-409.57962,-158.81476,992.07007,-847.91956,333.8869,961.12775,822.087,571.22797,-436.56387,926.34296,-600.5286,681.9914,-758.9937,471.0201,-747.5971,-265.65887,-894.50836,-899.07623,-564.954,849.1593,-408.8635,-511.83588];-74.52113;-74.52114;False
[937.88995,-274.0987,-207.50829,-604.06323,788.4413,508.92407,560.17084,447.42273,803.2089,982.58826];394.29758;394.2976;False
[958.84204,634.2772,-173.27156,-581.86865,701.0738,-356.07877,220.24644,-884.34705,406.50952,748.2582,-470.893,-750.11346,-933.75977,-713.97217,-819.69415,421.67334,105.543785,574.71545,-577.52124,710.9533,650.2411,-374.9368,373.29123,-154.40366,-663.23706,-155.38052,854.344,-900.58527,390.35437,326.3356,375.71567,973.37305,-75.64297,312.35788,-982.97015,-885.59796,-545.4712,-270.1949,-850.8006,-360.8857,-524.1277,314.46124,-49.23328,55.109093,615.46234,769.9544,495.02344,-689.5543,-646.72485,-345.86627];-54.98033;-54.98033;True
[-734.2786,-690.0935,-963.7517,247.89857,-927.69574,-412.50342,429.50766,-741.9398,-89.32466,-982.995,50.76089,-178.79497,635.6712,172.98553,191.18095,963.64435,-927.6151,937.72815,-447.30994,119.86439,-187.54208,994.14026,-849.493,796.398,807.4931,646.22064];-43.84015;-43.840153;False
[-154.46765,914.53357,-604.0064,-499.8603,491.06226,-798.70514,157.83658,-188.74455,-142.28468,794.03516];-3.0601141;-3.0601134;False
[671.0401,-874.00867];-101.48427;-101.48428;False
[401.26004];401.26004;401.26004;True
[448.35095,-244.9574,-433.65768,74.50772,-666.65717,-819.0934,501.35568,741.5639,-383.3735,326.37512,-630.8102,-288.75006,-751.46027,190.15482,805.8715,584.43524,853.0093,-289.44745,-975.6627,437.80145,323.97974,622.3048,-359.40863,-89.80435,-667.87787,-789.78595,-510.2357,374.05368,-457.8233,903.0126,-352.5345];-49.179474;-49.179474;True
[831.4082];831.4082;831.4082;True
[-974.9866,287.23196,-359.71585,-827.5009];-468.74286;-468.74286;True
[881.2237,-551.4852,-182.21188,-628.812,-887.86554];-273.8302;-273.8302;True
[-670.64325,334.7665,249.4691];-28.802542;-28.802546;False
[636.869,-447.35736];94.75584;94.75583;False
[450.571,643.7185,33.564613];375.9514;375.9514;True
[-568.6375];-568.6375;-568.6375;True
[332.42627,-976.9407,-911.86755,-469.6865,-261.83264,-27.863415,530.6019,-153.4821,515.56586,883.1516,-676.98425,25.394524,-719.9667,-50.863747,-413.91074,-255.19008,446.04752,-331.9227,407.193,298.44415,19.55612,-27.340315,-19.129494,-548.07855,562.4549,940.6085,45.241856,832.6958,612.40594,984.6164,-585.8423,-504.15796,890.08716,-452.2029,735.0483,-33.89469,-262.70563,20.057146,-5.011486,277.26758,-596.8565,842.7328,-247.41956,-686.9094,-968.0494,583.29047];12.973439;12.97345;False
[268.2905,-178.58455,-147.3753,-677.4784,927.7546,-880.6609,-212.26338,-297.93454,113.073166,-577.4366,-971.2713,-849.89996,-840.63965,-808.5448,419.3543,156.12744,-328.6757,959.94116,-585.2493,841.035,-343.50247,769.1747,178.36963,-347.95358,946.2344,-498.64902,-425.62787,-530.9168,22.701479,-816.444,299.68835,919.95905,387.66354,177.23715,198.77316,578.7856,688.94635,577.08746,-334.58514,-838.5797,963.03613,-886.1615];-47.2667;-47.266697;False
[41.361187];41.361187;41.361187;True
[663.68176,-60.20626];301.73776;301.73776;True
[-379.38165,295.93216,-477.04175,539.37836,583.75946,-320.0259,706.1799,-863.90576,475.48395,-875.37415,-779.3563,635.25366,387.7186,-764.9922,-0.78138655,-46.40122,-151.43178,-848.5919,911.3484,-961.7819,-588.79175,823.48206,-619.5248,-823.9403,-617.9308];-150.42868;-150.42867;False
[-970.74567,675.1326,919.2867,-885.3583];-65.42116;-65.42116;True
[-625.5146,-608.3293,-385.42776,-587.3155,374.005,545.77325,213.54784,363.0735,402.8763,163.42513,-133.39459,-414.51556,-700.71564,706.13025,-727.055,-519.1816,-675.6287,328.16498,100.69549,344.09222,975.6764,-931.0736,-29.227184,-277.2727,-798.1463,449.931,832.28156,235.42679,-914.3777,-86.95302];-79.30097;-79.30096;False
[-187.18442,339.67175,67.46669,-911.04767,570.8955];-24.039633;-24.039623;False
[372.41574,-329.9753];21.220211;21.220215;False
[604.09406,-980.4969];-188.20143;-188.20142;False
[470.97388,54.89316,-297.454,306.5007,643.90533,-642.4925,759.2191,404.25165,-768.0024,-926.6087,990.7402,187.78165,-341.79553,-326.45276,972.4513,437.16046,463.9708];140.5319;140.53189;False
[-184.19841];-184.19841;-184.19841;True
[832.20465,-86.19758];373.00354;373.00354;True
[149.87111,108.77137,762.11646,-398.83762,-710.7628,-632.6316,-861.27075,-2.3703012,-206.3088,402.0006,-28.315424,903.3134,-926.9203,497.09332,-258.1253,538.9926,950.54333,-341.59702,-960.1743,280.04596,-794.15717,-47.026672,923.0812,-540.7546];-49.725967;-49.72597;False
[829.7373,-923.7223,-607.4652,882.15027,-827.78265,859.3691,524.79144,-990.84546,-28.426434,-51.74337,-463.07227,568.7464,26.46781,-524.5057,-222.06421,540.6475,151.4387,-711.8869,923.8999,-554.6389,527.3356,728.2917,341.05414,-232.7651,-960.52185,-295.61856,241.65016,217.34709,743.49646,-971.3359,683.722,-18.460152,-250.80576,789.23816,-477.52548,-953.8099,275.6721,126.94323,790.16406,454.07498,-593.666,-795.7493,662.9781,-85.048676];7.9035473;7.9035487;False
[-3.9973106];-3.9973106;-3.9973106;True
[-324.2247,479.94073,-943.0558,-658.8913];-361.55777;-361.55774;False
[158.14822,608.38165];383.26492;383.26495;False
[343.71118,-29.423683,-864.1997,-603.2818,-436.24];-317.8868;-317.8868;True
[-703.1617];-703.1617;-703.1617;True
[-441.77948,-693.3704,699.311,-957.058,-285.84433,783.7073,248.88141,-672.8042,166.92628,-651.8161,-501.51215,611.09955,501.62735,683.5381,-353.2462,395.10333,331.00137,399.5446];14.628301;14.628289;False
[-536.62256,418.0378];-59.29238;-59.292374;False
