x0;y;y_hat;right
[209,949,-375,119,763,-857,-919,-665,41,49,-951,-709,-849,589,-589,731,-367,65,167,-527,527,819,177,-507,-409,-35,-791,-413,-613,71,-627,-853,343,733,-469];35;35;True
[-861,-958,20,-171,-533,622,227,-890,-212,-722,-484,543,-657,-821,586,-332,-159,-712,-259,-883,216,508,318,790,-970,113,107,95,-914,-450,560,356,264,688,182,919,-514];14;13;False
[475,-953,255,837,771,-877,445,649,911,475];10;10;True
[339,244,-209,972,820,634,-108,810,-852,-226,165,583];4;4;True
[864,-207,733,551];3;3;True
[695,198,-395,-451,-733,-857,-457,-362,-89,382,-739,-519];9;9;True
[266,298,-167,400,636,998,-180,514,-250,-545,-442,-36,-136];2;1;False
[94,650,-665,296,194,996,-700,-802,822,594,-312,-848,-470,-596,-711,164,936,-346,292,-553,720,802,-788,-848,-462,658,98,802,-752,168,590,788,-500];3;3;True
[-718,613,-891,585,-557,539,103,-845,194,99,-877,637,917,-718,101,49,-622,445,791,633,-594,-106,73];17;17;True
[781,-323,650,332,-998,-698,820,549,-998,890,-66,-773,-614,878,36,-294,211,336,338,-594];5;5;True
[449,-579,188,-263,-551,150,855,361,-9,-385,191,755,-91,-867,-513,439,841,91,-663,631,-557,-927,851,699,431,-771,353];25;25;True
[-530,-929,-416,-237,362,-924,-179,-132,321,-880,890,22,544,90,154,207,-905,-478,-625,341,-123,278,-320,12,931,-170,-958,-44,285,838,-638,-713,74,-412,-319,-515,-369,563,24,68,89,-444,-22,-498,879];18;17;False
[-80,-136,-618,-840,818,-996,-926,384,-210,48,-772,600,316,34,-414,26,2,912,-386,304,756,-834,156,-160,-936,-458,-324,-780,508,-372,294,734,-664,186,316,168,758];0;0;True
[-538,-902,-276,174,-366,-360,-886,-946];0;0;True
[-134,198,-426,506,-74,626,-351,-380,828,664,183,-609,224,797,849,616,-486,-827,-410,-896,454,846,87,252,168,-501,252,974,-338,870,706,-868];8;8;True
[-120,678,594,-596,-850,-781,-857,816,-500,-692,396,-906,-74,51,962];3;3;True
[943,-42,961,965,-220,731,717,-852,-649,-231,-314,943,-4,-667,-366,-843,969,-405,-577,-836,122,288,-987,-223,-676,802,125,-104,-568,-793,-451,936,531,538,396,576,54];19;18;False
[-617,-575,615,77,-349,-977,-189,75,-5,1,431,-769,77,-989,-541,-963,-617,-921,539,175,13,447,57,-213,747,477,-919,619,123,-357,751,-137,-501,-257,863];35;35;True
[438,725,-656,-48,262,671,-746,-425,490,370,-948,186,412,-544,-58,536,922,457,-709,122,-270,356,304,-449,728,14,-608,-168,97,-378,340,726,459,712,129,765,930,-81,-932,968,188,-38,802,-513,-80];12;12;True
[-646,200,-166,-118,-816,-16,654,-370,386,60,398,-46,174,548,-978,-430,-38,-412,176,736,966,-976,-874,380,478,136,-670,340,-416,56,-768,444,576,920,-192];0;0;True
[-793,906,476,-525,-290,-461,-873,594,-412,237,-571,610,950,110,830,464,693,732,-430,609,-192,708,-17,532,526,-194,160,-142,854,45,695,156,417,-286,-16,-786,106,-922,-230];12;12;True
[-831,475,639,875,895,857,25,273,355,-135,935,-823,167,-663,937,-167,-539,-751,475,619,883,967,677,-339,-237,-697,217,-829,59,-347,137,695,-335,-565,-171,-435,169,761,-689,157,69,-187,-921,211,-511,-195,327,657];48;46;False
[-715,148,-266,974,-318,-670,257,366,860,662,-452,916,88,164,-896,652,-552,-224,-638,728,-200,68,-417,838,-308,-116,-582,-212,318,670,-24,-702,-560,466,884,852,-206,-490,142,10,-160,612,-558,718,616,-867,-326];4;4;True
[654,-368,-789,-429,63,-580,955,-351,217,-693,-42,-31];8;8;True
[712,-52,-218,914,-654,-520,556,930,776,362,-948,-822,234,-10,328,116,-428];0;0;True
[495,671,25,-327,-219,-381,-81,443,155,658,321,-81,720,-863,-741,25,597];15;14;False
[169,-887,685,-97,-547,569,-825];7;7;True
[520,-774,6,210,-7,284,-873,634,251,303,759,-414,-414,-40,502,-393,280,-444,553];7;7;True
[313,-285,492];2;2;True
[-659,366,265,99,-714,-635,842,607,-425,-122,654,532,663,804,258,701,195,-858,778,-433,863,-91,307,143,-626,-153,-161,-3,-929,454,-188,-327,-100,560,189,-42,817,-371,-209,646,53,479];25;25;True
[-570,-456,-582,-494,496,135,560,-220,-640,-644,-910,-518,320,-836,66,500,668,-148,148,-510,-288,-896,328,-132,-592,-524,-434,-334,974,-656,488,-834,-682];1;1;True
[-332,606,-402,-824,202,878,592,-66,-120,-198,-326,-784,850,-410,724,210,210,372,644,344,-50,-228,-760,-656,638,36,-766,-326,220,312,-254,948,-154];0;0;True
[-625,-871,379,369,227,585,-985,-651,-631,-439,639,-917,219,-141,-609,-653,-967,-855,73,-87,-370,99,289,715];23;24;False
[-105,377,-393,471,329,479,801,-389,-363,27,827,427,-135,-7,-137,-625,-791,775,-803,499,491,-669,-427,-661,-639,405,-863,710,107,-563,175,-235,-867,445,699,583,-273,-263];37;38;False
[803,917,-663,889,437,47,763,-149,283,-237,259,233,-41,957,449,987,-451,-85,-245,367,701,695,-325,871];24;24;True
[479,467,-625,795,-41,-531,-21,893,-583,-489,-971];11;11;True
[575,-77,264,785,308,-879,-851,-260,-697,-743,703,-696,83,-633,923,339,451,-660,-941,-999,-265,-440,313,-922];17;19;False
[110,932,2,802,-601,-970,12,-256,8,-530,-547,392,-671,790,472,-90,-132,206,998,-248,608,-633,-1000];4;3;False
[564,835,70,-920,62,90,85,652,-873,362,710,520,360,444,-558,670,-912,-662,-656,230,-568,260,150,-244,314,-68,-281,-986,-868,-313,-858,-396,134,287,-42,-651,-116,481,302,-472,-234,430,601,-634,744,-566,-256,-148,-216];9;9;True
[-382,568,427,-160,-652,-308,911,985,-210,97,268,-366,-987,725,-877,-901,720,-450,781,-652,271,-84,90,-793,939,-842,615,-279,-117,943,-692,493,684,-901,-783,37,61,861,225,-901,-91,-347,5,-632,-10,-8];27;27;True
[-721,509,-443,-145,-967,275,911,-703,-283,-710,551,411,-267,987,186,111,-811,-432,-707,-509,156,437];18;17;False
[-196,398,49,-953,316,-20,-296,-93,225,-216,789,223,-614,954,260,973,678,-514,-713,-16,724,-848];8;7;False
[125,871,799,837,755,975,-127,-843,313,-464,-983,-497,880,-786,-213,46,497,382,-917,-559,515,-727,-101,-247,-804,833,-467,-797,-79,811,-411,877,-351,538,-841,282,270];28;29;False
[-610,-262,-44,184,590,857,-176,-433,943,-167,971,278,206,797,688,-824,-509,-85,-906,683,79,-291,391,-386,-122,-166,-104,710,656,-278,-65,-687,930,-402,-829,-152,-139,269,-510,-596];17;19;False
[502,-994,-172,266,610,428,-580,-462,22,448,-608,-408,-980,794,416,-436,18,460,-422,564,772,708,-406,640,376,-508,-576,-954,690,-536,764,118,-384,-22,918,862,-470,-230,516,214,410,-106,820,522,-856,264,854,-918,224,-820];0;0;True
[-870,810,792,-184,679,-165,227,-750,938,-85,-143,-85,-648];6;6;True
[-892,-364,-434,-154,986,963,-622];1;1;True
[436,250,-787,546,818,-194,-542,-736,-482,-354,-314,628,-617,-848,488,-119,-698,-565,676,500,608,-612,-284,-886,788,552,734,547,-526,850,374,-724,762,348,562,-840,-754,-824,-602,580,370,14,694,463,909,132,-300,11,364,836];8;7;False
[944,189,811,-349,-822,149,-649,692,-424,473,-500,-483,-591,-311,-511,281,-495,-318,919,-592,500,678,-255,541,-101,13,-910,-839,77,41,231,358,-577,-513,717,869,388,15,-943,740,-568,-750,276,-423,-18,234,-617,-779,-859,186];31;31;True
[-855,315,189,793];4;4;True
[-695,571,717,-948,-705,66,-264,945,925,-174,115,366,971,959,-102,-804];9;9;True
[-700,749,-179,-136,632,520,-266,-126,-316,-197,996,-288,850,870,760,-957,16,498,-518,590,946,-374,496,983,524,-940,623,626];6;6;True
[-370,-16,596,966,-462,-340,272,-426,-582,-726,352,10,244,-842,-540,952,786,-792,942,690,-224,-338,564,-778,-230,-16,-782,-638];0;0;True
[-590,679,-909,43,-512,-422,-129,-397,-3,747,943,57,-31,-25,847,-216,-804,479,-989,-83,802,-903,-598,-569,-43,179,-547,-947,205,7,150,39,-709,-543,556,-287,-234,675,-917,227];30;31;False
[509,356,-849,-948,433,291,726,-678,-921,-331,887,227,613,-427,-773,-817,597,192,-538,-444,331,684,115];15;15;True
[537,591,-859,883,-421,87,281,581,267,335,820,115,455,891,699,419,-810,-723,-851,-695,391,671,913,-636,201,489,881,-333,188,-293,-469,-751];28;29;False
[593,-629,-898,-125,393,499,-55,601,779,-127,814,115,-689,-879,3,-997];14;15;False
[407,-659,865];3;3;True
[-866,429,95,-182,429,-397,-213,-70,-689,936,828,-872,-246,945,17,-697,530,709];10;10;True
[-185,40,184,1000,351,502,210,794,604,2,-974,30,342,732,-402,-328,173,472,772,-659,2,681,-267,954,896,37,378,-73,952,-171];9;9;True
[-633,683,589,-503,-37,331,-101];7;7;True
[-119,-721,-901,-443,-861,-503,-533,-199,469,375,-299,757,-879,-907,-237,-305,-557,9,-119,745];20;20;True
[-236,-382,-8,223,582,163,599,424,-261,358,-695,386,254,-782,-266,-412,58,704,-813,-446,-654,-737];7;7;True
[243,-259,-957,-795,461,439,308,363,881,629,-630,-931,395,-323,-532,-998,-378,834,-533,302,169,677,113,-319,810,653,-175,-313,933,-295,756,652,-968,-703];23;22;False
[785,477,-721,605,215,-603,-611,-99,215,227,-907,-307,905,63,-893,627,411,317,509,-187,-231,609,827,-963,-541,-273,-229,497,-615,-297,-47,515,597,-801,269,19,979,865,305,797,747,7,309,-305,967];45;45;True
[838,-368,-70,640,188,662,26,176,-668,22,-990,984,227,-904,310,918,-634];1;1;True
[981,355,757,834,-99,269,810,547,-469,184,811,-295,507,855,207,-763,723,-888,629,-541,413,695,-141,253,222,-770,-648,-57,-293,87,-223,6,105];25;23;False
[600,374,380,-80,334,804,-882,-354,394,98,62,548,-584,-590,-436,546,-790,-232,676,-250,-814,808,268];0;0;True
[958,-294,-971,319,342,856,-851,-805,122,-575,-481,916,569,348,572,894,187,-609,-188,128,735,-382,-76];10;10;True
[-629,735,979,741,-825,-174,-886,-791,425,648,-409,-595,-773,-524,890,349,-648,137,245,378,681,737,806,-351,-435,-425,-237,312,-3,111,590,-593,797,-17,715,683,269,355,-771];29;30;False
[-50,-639,60,-33,-883,89,907,65,204,-229,562,535,339,97,645,-454,777,-719,-775,-207,-427,206,953,-383,519,-587,-54,614,782,-437,202,723,-89,-483,449,848,-690,214,952];25;25;True
[-165,497,-533,83,-579,499,291,29,-425,-185,-681,-737,417,773,853,273,69,785,77,-183,-547,775,-489,-625,815,-997,207,-851,-57,-423,-707,445,999,-637,349,-779,907,-565,-969,-453];40;40;True
[47,730,-526,962,-727,697,-287,-353,414,-788,801,-633,210,-724,-682,275,695,211,-555,241,38,195,-404,408,922,758,-957,786,876,-772,-312,82,494,691,239,95,86];17;19;False
[-752,812,428,-430,680,828,-528,694,-324,-870,306,-464,-109,422,-511,186,-349,316,-966,748,530,-332,-746,982,224,712,-785,-841,-864,11,-596,-286,136,-190,-267];7;7;True
[637,-177,-861,798,-190,-647,385,-837,-623,494,833,555,528,-435,-959,-974,-716,-775,-315,-398,227,252,-8,-880,-353,57,-115,563,319,-709,203,-283,929,156];23;23;True
[-637,460,-648,-922,15,-968];2;2;True
[-973,-255,-563,-445,-714,-667,-610,193,115,-462,835,280,-687,-957,-683,897,-309,218,-481,-545,-347,268,307,-140];17;16;False
[895,471,449,701,471,829,-807,21,121,-795,33,387,-339,101,-139,-119,-439,625,-389,765,-795,319,535,-147,671,-753,-223];27;27;True
[499,88,-354,-236,822,-968,-732,656,232,-184,-542,170,-608,842,-946,792,732,-944,-248,238,-203,-4];2;2;True
[-870,909,172,696,-841,-892,-320,563,428,-777,-487,982,-140,-353,471,-116,400,875,42,-638,20,-442,-204,980,-290,16,103,168,-93,-443,472,539,180];12;12;True
[691,-121,-819,-129,835,401,245,-37,-85,617,-892,-315,-227,-659,661,-461];15;14;False
[-56,-278,-962,-958,-756,604,184];0;0;True
[581,-119,-748,-231,123,-759,402,111,-791,513,347,287,99,311,282,-759,977,-382,-584,668,-135,803,-413,-931,-584,-425,-447,945,-17,-895,731,-127,355,687,249,-531,-315,-425,883,-487,-447,-459,661,503];37;35;False
[-709,536,-871,-977,353,-397,311,801,320,477,-855,-345,965,-997,773];13;13;True
[-179,-991,-987,933,313,815,-499,-827,-915,-931,-859,255,-15,-823,-73,523,557,-227,103,847,139,155,899,447,987,743,273,697,-643,-57,-739,-83,79,265,859,609,-947,-697,-897,-733,641,-907,-313,1,-459,-253,-183,-729];48;48;True
[12,-803,-193,566,-534,61,-668,-192,111,464,439,214,-782,971,-948,-205,-828,-489,-241];9;9;True
[-101,852,963,-315];3;3;True
[-852,753,347,-872,868,-622,489,797,371,-769,-408,42,-392,-374,316,-163,982,-923,-517];9;11;False
[40,966,286,-564,58,42,-676,350,204,-649,-932,282,410,-414,972,704,60,-876,866,222,313,504,-764,-8,882,-588,398,334,501,886,974,-464,-264];3;3;True
[-740,-54,15,-330,138,-802,-514,172,-946,-842,-844,839,-950,552];2;2;True
[662,-419,-953,-268,182,806,-874,-979,-377,446,-690,995,-780,439,72,8,-360,210,299,822,683,-520,-317,-698,276,-302,776,-778,-124,-730,-606,-880,138,-691,986,-771,-896,531,732,-766,-366,-36,193,705,-537];15;16;False
[-934,978,-674,700,-524,-622,4,-128,16,-6,-724,744,-690,32,-256,-972,-446,216,262,-76,-940,500,-362,502,-900,-596,544,591,142,-788,-539,-806,-514,-716,-24,706,660];2;2;True
[-286,-764,-804,930,-750,-616,572,-404,-896,-220,938,-878,-580,488,612,-588,-518,-388,326,-58,-952,-122,132];0;0;True
[-524,-533,-963,812,-916,23,886,-944];3;3;True
[921,-348,-425,623,870,439,-586,-746,-906,-860,843,-598,-691,-982,343,-743,-73,-746,-111,-577,-911,857,168,-444,161,381,409,756,-66,-239,-815,-524,88,139,543,683,539,-388,-795,-384,-752,304,639,-819,-433,704,-878,649,-293,479];29;31;False
[-169,791,-311,-655,187,-603,381,-511,495,659,-471,955];12;12;True
[-175,529,-420,392];2;2;True
[773,817,-913,462,742,-159,831,791,377,281,-886,-74,53,-393,-50,791,957,-399,111,-167];15;14;False
[313,906,-688,521,286,-155,544,698,-488,87,-527,-688,-226,91,655,75];8;8;True
[414,446,724,296,-854,936,-140,684,-774,-602,458,-780,826,644,991,598,-464,319,4,769,-863,-829,980,-540,-411,848,115,244,592,-372,-931,-244,-597,42,610,-788,-328,-718,14,966,116,654,70,698,-874,-34,-800,-580,992,-210];9;9;True
[490,-924,549,522,292,-815,-672,-732,781,-56,26,338,428,316,-928,-453,820,381,884,-474,410,-412,-792,466,384,-620,680];5;5;True
[-23,638,924,-416,-220,-953,-681,898,174,364,356,878,258,-704,-836,648,-272,-102,236,-768,-72,-14,957,700,-700,282,129,656,398,-282,-16,824,892,-174,658,-590,-682,-942,344,388,282,530];5;5;True
[-691,240,-301,-304,-997];3;3;True
[602,-819,142,-858,8,264,913,963,893,-814,-604,-907,450,24,-431,-613,-420,407,-559,79,113,197,-803,-903,-179,-320,-334,447,590,-752,-931,754,-208,-293,405,-286,387,-323,-338,404,232,-651,-354,-336,-130];22;22;True
[-194,-501,-247,-521,37,107,498,427,-219,-729,-421,-297,-199,567,-951,-697,-71,67,153,263,-563,-957,-45,-499,-393,79,-153,833,-173,249,811,287,135,399,31];33;32;False
[125,697,673,-369,143,399,-894,-503,-929,-487,-975,-121,-661,-343,-433,173,93,87,909,-185,-705,651,-378,-647,-429,531,-909,-859,-973,901,817,505,-299];31;31;True
[600,554,-686,960,-982,742,-407,-966,-13,282,174,184,-841,720,533,-707,-574,-832,320,360,-335,-475,123,214,-596,660,868,-277,90,-37,-882,461,2,-617,-386,-149,-503,223,-616,949,-942,588,671,-204,-371,704,-482];18;18;True
[-590,810,-843,-525,728,85,518,-945,-528,-534,5,975,-702,466,117,197,-647,538,-659,5,-257,364,-915,-165,695,941,-791,868,-370,730];17;16;False
[622,956,-409,500,-744,-506,-824,-610,-94,788,673,-290,-982,118,486,146,-706,-134,604,384,-556,-168,-56,620,-414,-451,-92];3;3;True
[-436,986,-231,318,36,44,948,636,786,520,-934,236,-602,-244,-900,-733,938,-630,-140,-842,108,-665,262,841,-450,-952,-157];5;5;True
[-737,-945,-319,861,785,261,453,-807,143,703,885,-579,-409,441,-317,959,601,579,241,133,855,-281,-683,-531,-689,-499,-69,757,-521,-307,-11,-495,155,85,-215,-315,-841,-149,745,-497,79,835];42;40;False
[-981,729,-81,39,-385,339,-615,-175,-965,-363,-95,527,115,-471,367,511,131,-681,-299,777,-807,65,-171,957,229,363,-817,-867,-763,-787,63,-789,-739,-615];34;34;True
[-813,59,921,-203,-775,-339,651,-545,-731,-579,-929,-361,957,-857,-425,547,539,-543,-341,499,213,-941,969,-459,333,13,935,-207,-621,763,-977,-989,-909,-209,683,-731];36;36;True
[978,360,276,-628,-999,884,-832,516,232,-306,806,-216,-60,808,-938,305,958,238,-812,-328,-874,-80,54,176,-556,200,770,-966,-256,930,746,446,497];3;3;True
[344,723,463,413,-565,664,831,736,353,767,-99,289,651,-246,83,9,232,561,529,-897,-462,-319,-921,698,36,-649,823,244,-246,-870,-726,374,-569,-347];21;20;False
[405,-817,274,193,-953,-149,-177,-53,369,922,-233,-996,23,-674,-79,112,0,198,-836,-484,-977,-701];13;13;True
[317,-101,307,559,-519,387,-933,-461,471,-823,875,-343,-25,557,555,-121,-399,283,-51,-343,863,301,179,-243,49,405,197,463,165,231,513,143,821,-891,-45,-645];36;36;True
[62,702,860,807,-952,-22,104,214,-646,-26,-522,-678,86,-324,-628,-439,148,148,616,544,228,932,758,-104,936,-326,646,-77];3;3;True
[575,-25,-834,-150,92,433,590,539,-207,-810,214,-295,-166,410,-370,128,-996,123,952,695,30,-177,-972,-198,-617,446,249,706,280,298,606,456,682];11;11;True
[780,-858,435,-516,388,122,-187,-941,120,-808,937,280,-790];4;4;True
[-778,-82,-968,810,233,-607,-579,158,-155,19,-526,-980,565,-170,778,-619,535,599,11,226,313,842];11;11;True
[-851,703,79,637,839,-418,-581,-641,-449,-734,551,-956,251,-821,-99,-57,345,-287,-183,-92,-975,-199,-895,-393,947,631,-590];22;21;False
[494,-36,2,-356,-968,-88,-58,74,412,4,-148,786];0;0;True
[789,675,225,421,571,-666,134,-245,-715,235,405,903,932,879,-981,754,-529,-941,751,-33,975];17;16;False
[-3,933,618,-669,231,220,-138,-195,-397,-392,-415,205,-75,-79,641,-639,647,753,281,113,65];17;19;False
[933,-331,-27,873,-301,-53,-467,904,883,631,921,615,501,-245,-931,397,791,-209,-847,-775,-525,-298,-207,-955,-151,-129,545,-449,-127,540,215,-21,571,187];31;32;False
[-236,649,610,-9,-90,-878,-953,-546,123,845,321,813,946,422,810,-437,409,-453,215,621,-385,481,982];14;14;True
[-817,755];2;2;True
[411,-547,-821,589,-921,-324,-961,21,-704,461,-143,-918,1000,877,674,206,888,467,-878,457,976,375,-137,926,248,139,-265,-368,809,394,322];17;16;False
[-955,77,-331,-942,-156,-586,484,14,-560,-646,-678,70,-190,112,152,-276,-499,423,738,-418];5;5;True
[807,183,-159,-431,202,-232,391,172,386,-629,-79,-479,868,496,-704,-295,-220,110,600,452,226,-892,801,769,-390,683,410,-243,867,-964,-360,-175];15;14;False
[710,-387,-418,268,107,376,869,-39,658,320,375,-12,-693,-772,-823];7;7;True
[-856,-672,-954,931,80,-79,-432,428,-998,-241,-423,180,73,-123,-704,-776,-666,278,970,-636,95,92,-586,662,978,-958];7;7;True
[-573,316,-734,926,170,-20,420,248,-848,-978,-562];1;1;True
[726,362,-562,-290,-330,76,-464,686,190,448,-216];0;0;True
[-84,-736,-810,342,166,-634,-400,134,300,-838,504,-926,-914,-262,-954,460,734,-580,202,-900];0;0;True
[-170,360,876,724,-826,982,200,964,-194,582,-380,-202,-684,858,310,-618,-330,-90,-186,720,494,-194,-76];0;0;True
[937,-912,-695,-859,314,-850,-204,583,578,223,-414,84,-590,-904,653,19,-519,-54,-488,337,-776,767,-715,175,53,984,73,-240];14;14;True
[409,-176,-188,83,-541,229,-487,-49,-350,614,-666,760,609,-744,-383,505,-343,295,-227,489,493,-551,-480,750,51,251,-487,-165,-763,-694,937];21;20;False
[949,881,503,588,-347,53,366,760,559,-894,-657,-232,-387,-192,140,-512,978,174,-391,-316,-398,88,-584,569,-760,365,714,-508,-342,799,-499,669,-629,233,605,107,-577,961,737,706,-181,-387];23;22;False
[-76,-8,-80,-738,-924,-614,-126,-990,-64,-796,772,-572,320,-286,-78,496,700,836,-230,-500,436,966,376,-360,-346,-136,852,656,100,-926,-76,-583,-954,914];1;1;True
[-664,-604,905,226,608,-349,640,-974,-72,-904,-860];2;2;True
[769,-607,-973,529,-539,571,1,-487,697,473,-529,-477,-799,248,737,917,579,-651,-983,539,-963,-927,173,-899,933,784,635,-863,99,-393,-927,-272,-872,-619,-298,411,173,875,-341,-95,127,269,-167,137,619];40;41;False
[108,-588,-50,-672,-639,-180,-11,-830,923,-492,987,656,-305,412,-863,-528,808,-302];6;6;True
[-8,-708,544,497,314,311,-890,675,-2,23,633,979,-480,-581,-876,-57,-8,-246,-273,355,258,-810,-592,-785,-426,-361,14,-988,71,120,-387,621,611,606,-264];16;16;True
[19,-182];1;1;True
[-721,-404,711,463,-625,-524,768,731,-115,-528,-234,-811,-204,650,708,-478,-946,-443,-237,444,503,278,-3,0,-804,108,-166,208,878,10,-154,-279];12;13;False
[929,893,-809,491,143,-531,751,221,903,-429,669];11;11;True
[-898,671,-347,749,-181,-751,-161,-854,-833,395,375];9;9;True
[584,381,675,507,-865,-51,-975,-889];7;7;True
[240,-560,22,70,516,-342,321,426,798,-919,166,394];2;2;True
[986,-81,267,881,-921,501,971,655,-515,379,-649];10;9;False
[984,-852,820,666,472,-693,974,-713,-93,678,298,231,-868,486,601,-281,-232,161,-119,-112,-432,170,-198,952,991,-854,-622,711,706,-77,38,46,-117,-52,-566,-192,496,34,911,105,2,569,258,926,500,-282];15;14;False
[-480,-621,-8,-17,163,401,-913,731,663,917,-364,395,79,521,-343,-49,25,-313,-965,667,538,332,-387,845,821,-779,-723,341,-733,797,391,257,543,-501,52,266];29;29;True
[565,542,-70,953,834,88,-527,839,330,-733,373,-969,-174,-443,356,995,-395,-192,-190,-338,623,-47,254,-768,-301,-27,-741];15;16;False
[284,51,-706,-323,631,770,-816,951,357,266,29,843,483,-613,-135,991,-917,691,441,230,88,9,667,-770,-885,-146,377,780,591,-197,-96,-211,-307,625,642,291];24;26;False
[533,-537,773,-1,-260,-274,-917,411,-485,-315,-716,176,893,905,281,727,-887,331,-225,129];16;15;False
[903,-89,-745,973,362,-995,-396,265,-381,759,957,-243,-799];11;11;True
[531,125,809,337,767,-667,-35,-603,-225,-427,-853,-311,-439,669,-863,-173,-559,733,15,437,-789,465,-479,461,-943,-227,437,-279,109,581,-7,621,173,733,429,-827,267,905,795,-97,129,753,891,-107,343,-517,17];47;45;False
[593,905,-328,-111,-758,-387,-29,983,95,-753,-625,211,-159,255,697,-461,427,255,-113,11,-849,70,-219,691,775,-449,861,83,-29];26;28;False
[-704,832,-748];0;0;True
[-601,971,348,-788,-982,247,20,-156,-637,-961,-478,895,-558,440,850,78,-460,-336];6;6;True
[-905,47,-631,-10,-228,885,143,-491,-225,-797,-275,-101,-577,-398,813,223,-455,-810,-271,-324,720,809,-17,970,-521,-701,-601,-741,436,-745,377,-549,946,-518,-43,983,26,717];27;28;False
[-77,-165,21,523,271,489,-383,-289,281,-771,-419,405,-783,-99,-815,181,463,-969,-241,-967,625,-851,-613,-511,-523,-277,137,-545,579,-551,771,657,465,-959,797,-677,591,449,889,59,919];41;41;True
[472,286,216,410,-4,472,-586,392,522,578,332,620,768,-482,446,338,-268,-230,-190,-460,-432,-184,72,-600,-780,-62,638,-352,-160,-716];0;0;True
[967,767,339];3;3;True
[523,290,118,-191,-563,26,597,679,-263];6;6;True
[253,-715];2;2;True
[277,663];2;2;True
[-574,-245,701,-339,-917,325,-205,-220,402,-222,-217,-91,-971,382,611,-230,-323,-300,114,82,-19,529,487,489,-728,835,-922,-457,-7,685,-211,-361,-629,87,-933,-363,364,157,620,95,357,20,191,-957,-703,838,-736,904];31;33;False
[-861,-115,489,454,-982,940,-843,-587,292,-872,-716,-473,-759,-789,270,557,64,-525,919,-439,-191,-24,-241,-855,440,30,-266,615,878,-323,-431,-891,-3,-485,243,-149,-473];24;24;True
[-585,-51,-999,503,263,157,161,673,24,965,827,-603,907,-733,-453,-419];15;16;False
[-135,309,-685,-245,-779,809,-385,-341,579,799,-345,681,-412,90,-80,628,193,964,-954,-762,509,-128,-100,89,313,457,-471,326,14,-864,-917,61,-639,-595,-660,458];22;24;False
[217,247,197,-825,-274,507,558,-869,-268,788,749,371,-834,267,645,620,-467,351];12;12;True
[593,983,25,-697,929,399,797,-927,-905,-583,-29,33,897,-421,406,-439,-631,-741,-727,-801,-951,-837,-231,-447,-631,-815,545,527,831,-757];29;29;True
[611,-663,648,37,-73,591,-231,359,361,-533,821,-495,685,23,-575,283,-899,928,975];17;17;True
[512,8,-128,216,-168,540,458,-792,660,962,512,703,440,484,-674,-403,-942,-224,-580,-794,-550,952,840,-464,859,-187,-198];4;4;True
[-222,-343,-92,881,849,112,-147,83,114,-13,414];6;6;True
[45,-873,526,739,-713,29,-419,-856,-511,-480,974,-59,-510,-387,379,177,-902,391,-801,972,-631,-31,-349,-289,-643,832,-61,658,-881,-457,-540,-611,-883,849,628,878,102,260,-625,-589];26;24;False
[-21,867,1,-565,507,-185,257,-558,-230,664,529,-289,-653,-893,831,758,-215,-891,195,-881,37,-884,38,407,298,-455,873,901,209,-447,-378,362,-825,-181,-526,225,-567,-163];28;26;False
[802,534,-962,778,378,448,-116,200,-981,842,-934,914,-898,585,-265,-834,279,633,832,-776,-149,-136,988,484,598,-300,796,-598,-242,-834,-390,-872,90,346,-602,-536,678,360];6;6;True
[466,-82,-54,848,-634,-954,912,20,-804,-788,-64,776,510,-482,374,-616,-56,206,-602,698,438,-224,920,-978,894,-244,736,-478,-658,654,152,170,-232,-36,212,-444,396,-250,-410,-520,612];0;0;True
[-596,-830,94,354,-148,-199,574,89,-983,984,-509,-160];4;4;True
[160,847,-268,-418,-924,6,920,4,682,-588,162,624,-780,186,-136,-281,608,544,-338,-342,664,-1000,-96,468,-614,720,-396,-362,448,-126,744,-639,152];3;3;True
[950,574,530,808,924,132,-963,-908,-500,-150,-45,384,887,286,-494,-224,-965,362,298,-331,-797,-914,-70,-531,-336,924,-567,138,-136,900,926,15,274,-54,-416,348,-275,539,-806,-472,86,878,-486,560,-859,-73];13;14;False
[-24,-657,-38,-368,-820,129,-838,-801];3;3;True
[969,626,559,518,-999,-570,-228,782,-567,829,-208,171,579,238,647,-660,-561,786,460,-237,-222,844,925,-445,-384,-835,-415,27,707,-806,661,895,409,109];20;19;False
[-961,743,-679,-929,141,103,-655,-291,705,-295,-55,-377,393,559,-971,157,-235,895,-57,339,17,-753];22;22;True
[60,90,-258,-548,664];0;0;True
[-82,-812,-658,-948,-620,-258,-967,777,-88,-241,-940,-444,-163,320,612,-242,-270,924,-888,-380,-302,560,-608,590,-565,591,60,68,722,582,-556];6;6;True
[796,-840,-966,34,162,-410,-264,272,152,762,836,-678,-644,-934,-306,332,182,-732];0;0;True
[4,-744,236,-244,676,932,-640,-46,-956,-8,-898,-135,46,663,2,76,940,20,978,715,378,-994,310,342,129,-133,-882,-6,-294];5;5;True
[268,-70,-776,116,868,586,-760,240,24,732,-782,354,196,728,844,-414,444,-324,-594,-736,-238,-120,-836,392,-942,204,-991,-840,-504,314,802,978,-133,-54,-48,-378];2;2;True
[-721,-757,-997,-303,451,-571,-86,347,-747,-433,899,-31,377,111,-517,-983,976];15;14;False
[-997,-59,-697,715,-455,-569,799,-983,831,-813,87,-363,763,509,437,111,67,753,547,287,-77,275,649];23;23;True
[372,289,942,-124,-466,-977,-541,-940,-882,18,134,-124,-138,-784,-487,140,676,683,910,-131,694,897,982,482,-40,380,-293,-596,480,-274,-188,140,-885,-652,-198,-852,807,104,-964,-112,-42];10;9;False
[-168,-500,760,-420,-616,-26,-318,-28,-110,-314,-916,432,164,-32,-286,580,-446,58,-150,-440,532,-38,944,-16,-664];0;0;True
[238,306,-187,375,-429,-244,-486,740,903,970,-500,-459,46,79,553,-311,110,-810,110,980,-500,-474,40,-368,-176,-260,-375,-393,152];10;10;True
[840,612,-170,310,664,-753,178,214,242,114,155,312,119,-42,950,64,664,821,486,-73,256,744,-242];5;5;True
[143,520,720,-402,62,-226,-158,-973,-392,148,8,-466,306,652,-167,-120,-833,-160,702,-77,-624,911,169,-182,478,2];7;9;False
[856,390,-542,552,200,216,570,202,566,-678,-222,-402,884,598,618,-152,580,534,-466,130,-676,498,-970,-332,-846,426,-382,-956,-298,-216,-930,978,702];0;0;True
[393,391];2;2;True
[819,-852,-432,930,630,940,-308,758,418,-734,310,794,400,870,-392,790,171,-818,100,-227,638,-732,552,-794,-456,565,688,814,-426,616,704,325,-892,188,-774,983,830,-666,-247,726,957,565,904,624,-243,455,-210,37,-178,335];13;13;True
[445,583,-51,75,-881,541,-475,-135,87,-105,-21,-677,919,621,-25,149,87,409,-507,905,-453,-17,-331,137,-565,-967,-199,-919,-609,919,-807,-821,-89,185,521,-139,-541,341,749,-489,237,515,333,-23,-283,-921];46;46;True
[635,635,-33,-405,317,912,-649,-936,335,403,109,519,840,357,-708,-267];12;11;False
[872,622,-808,-322,414,272,-692,8,130,774,938,688,874,-884,606,593,-152,-692,-704,-666,-778,200,868,178,154,-238,-916,58,348,974,672,687,38,-134,-926,992,700,-74];2;2;True
[518,380,-200,32,-808,536,156,-40,626,412,-90,-64,-466,-310,470,-12,-828,-596,-64,310,878,622,-306,-866,634,596,124,230,-150,-704,-630,-748,-824,244,192,472,680,-634,72,684,168,-376,-404,-724,440];0;0;True
[-674,-852,166,-168,-312,-576,106,-906,574,442,-244,36,992,-304,-506,992,28,-324,-726,2,570,220,702,-616,12,68];0;0;True
[124,-791,611,670,-439,-594,198,528,-36,460];3;3;True
[-137,-764,-372,178];1;1;True
[-534,418,220,800,543,6,432,719,-146,230,361,510,-994,-438,264,32,-748,828,886,-530,276,956,-513,517,84,555,907,828,-44,296,430,-376,26,-965,-312,756,-156,364];8;8;True
[742,-98,-948,504,496,50,-130,-556,706,552,-994,-72,-758,-276,936,-96,640,-360,-26,-958,380,936,-320,910,-90,-274,-916,-694,876,-462,428,574];0;0;True
[474,405,857,-494,-215,949];4;4;True
[566,733,499,477,85,106,47,401,-841,939,531,-563,-171,-973,-545,-84,-964,-311,-307,749,557,-347,588,-761];19;19;True
[86,-28,490,912,-229,-780,-684,503,-911,-452,-42,-327,602,-565,-198,-664,-546,-221,945,-743,174,-672];8;8;True
[922,176,602,-814,-873,-946,382,-372,648,-476,-59,674,-783,224,599];4;4;True
[355,-468,-425,-651,467,-321,363,-493,-955,-207,-597,-801,557,-502,690,834,-219,-228,-879,218,-193,-547,-633,-47,729,-49,-405,-429,-609,-596,64,962,-401,-599,989,-301,-890,397,291,-972,771];30;31;False
[396,204,-739,-493,-592,-687,-750,-244,229,-118,-754,212,236,-597,-900,995,-258,746,899,-951,247,-827,-140,-393,-483,49,909,956,339,-370,-365,-318,662,-459,40];17;16;False
[556,-506,800,762,-49,-744,614,-498,699,904,291,-844,-176,-30,-888,-776,-430,144,615,26,-104,106,538,799,-928,-284,902,382,-370,100,-115,536,514,-566,-416,338,-512,968,-184,334];6;6;True
[-573,-855,-459,-422,336,-810,-941,476,-875,-409,518,-734,763,868,188,-196,518,-458,569,-433,952,-501,-682];10;9;False
[303,-263,278,29,-868,561,118,-161];5;4;False
[-323,811,154,-398,-451,-338,-150,809,668,-163,831,693,125,618,39,-263,91,952,-757,608,-37,174,882];13;13;True
[-442,801,293,-317,-884,931,-937,-257,-473,165,871,-482,155,-663,447,439,-450,-349,-962];14;16;False
[852,548,531,484,58,423,295,-295,-893,43,-420,440,340,920,414,981,375,888,-629];9;10;False
[443,225,-468,887,-192,-843,-616,273,367,-857,-902,499,123,238,-851,-360,-405,903,-156];12;11;False
[991,131,-184,-287,989,91,835,-165,707,-49,179,-771,-418,-497,61,188,-942,190,-829,474,-591,231,-407,-145,-857,729,422,-569,560,21,519,39,38,-629,-135,-103,-613,430,935,304,-384,-661];30;32;False
[-636,110,186,600,126,224,236,-870,-206,982,-386,-694,212,-258,4];0;0;True
[-443,206,588,668,736,276,72,-28,970,239,-489,95,-247,680,678,752,-272,441];6;5;False
[0,544,368,304,-880,348,-908,60,96,-738,-364,-286,-656,466,-348,920,-164,-710,240,-880,-888,-998,278,986,770,456,-296,980,-140,718,788,-696,-318,-758];0;0;True
[-779,-225,331,971,-277,-457,129,503,-255,441,-959,-191,-19];13;13;True
[-174,-72,400,638,-612,684,494,-407,686,-732,-52,280,682,-169,416,-586,813,432,436,694,462,300,610,528,-96,-630,870,84,-308,690,72,436,158,-578,-546,-378,-570,298,-800,511,-572,-78,326,817];5;5;True
[758,-992,500,-502,-340,-824,192,-644,-234,662,32,-228,446,544,-590,-898,494,666,294,-984,-592,108,648,14,-442,456,-576,54,620,-584,-456,-134,-302,600,-982,-472,-910,194,-800,-450,832,48,-926,-756,862,188,-374,-692];0;0;True
[-802,429,-539,-517,69,972,-341,403,186,918,-80,-284,471,-947,823,-864,41,575,113,140,149,411,940,300,833,-290,998,269];16;18;False
[-933,302,779,35,699,-605,768,-571,-755,-978,618,-445,905,321,-59,-772,-589,-219,780,-613,380,-577,801,981,727,-449,-781,-441,-250,-351,-961,867,586,-331,-995,733,167,583,-13,-227,234,-359,-76,-350,-771,429];34;36;False
[-975,247,-950,380,-755,-380,327,109,-589,-808,361,670,868,411,-555,-65,5,441,605,163,-697,33,-951,109,-309,737,-836,-973,917,44,316,247,433,-797,-925,-171,101,-737,577];30;32;False
[510,958,282,-896,332,-82,961,-40,26,708,-322,72,866,506,-732,-600,520,978];1;1;True
[-348,-110,-649,-342,-715,-881,-156,226,261,-938,-825,-544,84,-497,676,156,-401,290,666,142,-45,556,874,-737,323,-854,762,25,966,93,-919];13;15;False
[220,-236,574,384,948,838,142,-172,-344,419,-754,8,902,282];1;1;True
[970,-706,66,-28,-211,-674,-498,576,180,738,192,-864,-974,-650,-578,61,12,-542,-670,-96,480,502,-306,775,-185,486,-59,738,40,278,-590,-10,222,-637,978,994,407,-376,-504];7;7;True
[-667,-35,-47,869,367,904,526,-78,593,-451,-319,424,-682,9,-760,-779,-556,280,-524,931,626,-297,378,250,-891,-23,494,-154,309,467,-611,-103,608,-969,-966,-477,262,-382,-111];21;23;False
[65,-601,903,377,143,73,-625,-411,843,-731,389,-461,-753,-861,-211,381,529,-443,-627,-443,-513,-205,-171,-649,-59,981,-627,-729,475,-215,401,-773,21,-275];34;34;True
[571,607,921,597,659,-509,-945];7;7;True
[-567,-128,797,-602,909,302,-738,8,-318];3;3;True
[384,447,-125,513,-713,613,-723,375,-980,-407,476,-166,-729,-506,-586,-202];9;8;False
[187,-627,-451,635,-965,-591,-922,-493,837];8;8;True
[383,-483,792,-831,519,45,-380,928,-179,48,972,240,-629,-977,384,71,-119,-799,-462,971,-903,-268,-491,894,-714,804,678,-716,-519,747,277,-641,663,11,354,658,14,199,735,281];23;24;False
[-9,607,481,455,581,181,-489,-255,64,868,-921,-883,375,-195,249,247,-653,798,-377,7,161,-533,-395,969,15,-301,-19,90,-533,202,-573,908,-771,257,-2,-51,-45,9,-159,-185,-969,-163,-125,-616,247];37;36;False
[-978,-248,572,670,840,-436,600,-486,-918,904,-416,854,-750,92,312,-710,50,-978,560,-242,260,-104,-204,-806,-548,-312,370,-190,494,-326,210,-252,-422,380,546,940,802,-224,-504];0;0;True
[-563,683,382,523,-611,144,-274,239,-897,518,-121,662,-747,366,300,422,-176,131,340,235,866,556,-705,70,787,-31,118,-481,-621,606];15;15;True
[-976,-642,430,74,-54,-288,104,-694,-340,-932,938,484,-264,-818,-282,260,-400,226,264,-449,-114,-278,-60,-714,238,280,-610,634,-476,452,50,-976,350,-384,-536,398,420,788,764,486,-612,242,2,-704];1;1;True
[-421,16,820,139,537,87,-998,388,-360,726,-70,-880,490,885,332,187,-984,-233,-283];8;8;True
[872,-888,278,-868,-942];0;0;True
[-195,-354,-834,-370,-946,373,-244,-328,708,445,227,-62,-624,-189,138,-60,405,467,-121,-137,171,64,-540,984,-710,-916,231,695,259,839];14;14;True
[-774,-670,-238,-360,258,-680,326,-724,86,-487,-158,674,-240,-326,960,-856,-251,-358,-832];2;2;True
[285,-657,631,901,715,357,727,307,801,743,-419,-963,753,300,-517,997,883,-315,206,869,-372,941,-935,527,-953,505,479,-257,-49];26;22;False
[-744,-669,-36,-948,939,-371,-472,252,-917,-393,-104,65,-250,-659,-437,-122,638,-674,-833,-912,-819,747,-785,650,959,-991,289];15;15;True
[168,214,-262,-321];1;1;True
[189,393,60,-758,-568,-517,703,-784,-269,487,-560,626,602,183,209,87,-86,-824,-362,-839,780,463,538];11;11;True
[-784,-551,-770,68,-555,-632,166,-423,-640,-915,842,-396];4;4;True
[-548,-592,-280,-762,-536,-749,296,661,-609,-906,-722,741,-921,-255,-828,-992,412,-538,-583,270,867,-120,-445,30,69];10;10;True
[868,-871,-22,-485,131,279,793,64];5;5;True
[-912,-44,-493,549,155,511,-367,-123,255,973,755,-401,211,-628,388,14,-19,634,33,317,-37,364,688,588,857,500,-461,-182,-701,410,-637,149,-213,71,871,-386,464,57,941,517,94,959];27;27;True
[816,-659,813,-291,-348,-262,475,461,-815,128,673,-746,442,-492,735,581,176,-440,446];9;8;False
[770,642,164,742,-194,42,468,-942,470,-490,-802,174,500,534];0;0;True
[253,-131,609,-665,-695,511,37,-635,-868,-573,189,727,-413,317,-171,-297,931,587,-369,-171,-957,447,893,-321,-991,-895,-555,-179,-369,807,-173,223,-269,173,729,717,-171,-323,283,-146,753,-913];40;40;True
[96,234,44,166,256,602];0;0;True
[-257,-719,25,-859,-781,127,397];7;7;True
[-41,-456,-745,125,-160,-910,287,-317,573,295,6,-801,786,117,589];10;12;False
[-533,-737,-895,-117,504,-702,691,821,-453,769,-575,-931];10;10;True
[-287,-349,-421,-719,-75,585,-453,-115,-239,-29,-323,675,707,-83,455,-461,519,611,-553,-17];20;20;True
[-410,-690,306,270,450,922,-560,496,222,-732,-764,-100,326,988,574,446,102,240,-832,-578,-10,-992,228,892,-196,716,-92,600,-418,466,-512,-372,464,-68,884,52,110,-472,-556,130,-594,716,-100];0;0;True
[984,382,890,874];0;0;True
[-116,734,-588,228,968,998,788,958,758,670,954,-186,626,-454,-268];0;0;True
[304,-814,-730,674,-388,-138,738,-878,-10,558,-392,502,968,184,700,-398,864,-642,-376,-558,780,332,-574,-688,-620,-272,-194,-692,-700,758,120,-596,-796];0;0;True
[-844,-200,186,44,112,480,-242,588,850,-302,53,-354,768,-500,-986,266,522,976,-586,861,-868,766,272,78,-362,42,136,-124,224,-162,318,-654,-964,644,-322,311,-456,-260,-376,788,214,645,-658,-371];5;5;True
[-991,-251,247,-115,-277,15,845,-839,97,559,487,967,-485,-92,13,263,369,-9,433,-899,-365,-855,-827,-309,995,-969,329,-973,-835,573,953,-583,-829,-901,-941,89,719,515,-451,-105,-117,835,9,-867,811,243,-927,-880];46;44;False
[652,174,-878,-324];0;0;True
[-142,524,-144,144,417,900,425,-52,795,516,821,-116,934,589,104,494,873,903,-306,-178,-498,-650,-455,-669,746,801,-755,684,-687,-550,325,-495,-50,-436,76,-62,-184,898,-247,-881,94,884,906,492,-266,-118,-594,-755,901];18;19;False
[-166,630,-96];0;0;True
[281,-7,3,526,125,-605,393];6;5;False
[279,-457];2;2;True
[936,-341,-892,-960,687,838,750,-346,289,220,539,870,286,-252,-169,-790,-324,-795,-324,316,626,453,-622,921,-994,123,673,912,743,384,411,-372];12;14;False
[739,415,-524,189,919,-889,247,893,-153,-142,845,635,361,956];11;11;True
[-406,-366,-26,-841,246,-78,956,-562,-800,322,-722,-688,-359,-848,-541,-582,200,-247,669,544,-88,-294];5;5;True
[-350,-964,805,-695,809,-694,-593,50,359,-815,155,-818,187,-513,81,-947,235,-276,-249,-545,-559,39,-757,-165,-355,-145,589,-337,-961,281,428,-2,-505,88,580,455,-426,293,388,599,-270,-771,48,-998,-77,694,-82,-757,964,-237];32;31;False
[-15,-990,539,878,467,-624,-937,-703];5;5;True
[-287,385,-623,867,347,531,885,-771,-17,-481,923,869,437,-959,836,-816,673,-501,-4,-338,-918,496,-163,-500,43,453,-421,-35,771,-103,-616,-656,-875,387,-239,-507,-307,255,7,520];30;30;True
[428,-386,-962,358,304,60,226,476,674,156,-286,364,532,-902,-514,604,720,-232,992,-446,854,-236,480,180,238,-822,-588,-906,-924,222,834,-166,780,-220,368,308,928,-804,-462,786];0;0;True
[800,-199,923,-148,791,431,153,-983,-880,-403,365,-104,484,-773,-557,-719,-199,224,-824,233,-483,755,593];16;16;True
[-623,-243,247,503,801,845,-427,-185,713,-343,241,-461,-759,-563,163,571,375,-767,-989,329,-755,-597,445,-673,49,-321,-965,-877,-291,41,3,503,783,157,369,573,713,477,673,105,941,-179,191,647,-581,-365,-161,-63,-869,513];50;50;True
[-68,553,869,-703,920,-277,-171,-286,-750,-778,-93,-102,211,-208,703,-443,386,23,-164,133,609,668,652,836,-772,-567,-363,46,-766,262,-876,741,-892,-848,583,838,-755,734,853,-435,-418,846,-92,84,-370,416,766];19;20;False
[-204,-474,52,8,-624,-910,816,-910,-213,-723,-48,304,284,-12,-68,-682,120,-374,732,88,868,762,-654,-568,-834,742,72,-960,764,832,-802,406,-842,230,446,-188,710,752,510,-3,-592,230,780,308,-450,164,-346,752,-742,-506];3;3;True
[-191,745,-251,-707,-127,737,993,321,-771,293,-775,-809,971,-87,401,375,-613,-61,105,409,555,549,-277,73,-35,377,-875,-541,523,653,-393,-337,-471,915,395,-621,-435,645,-679,-319];40;40;True
[-754,232,-76,-559,-152,-366,54,297,648,19,148,292,356,318,-253,-185,-432,-12,748,-379,656,38,944,-950,-164,-802,714,74,-858,-271,479,658,-747,-335,144,95,212,-408,334,404];11;10;False
[-245,-959,-589,-997,-809,254,4,245,-625,-903,-259,-357,-265,-658,299,-155,-393,-794,-691,-609,-567,-89,-952,729,-899,566,276,599];21;20;False
[-44,357,367,780,664,19,-436,-810,942,506,-285,580,-816,16,-642,-642,-129,-340,822,331,-111,-910,-876,257,724,-870];8;8;True
[878,-1000,-28,-322,226,950];0;0;True
[-971,-851,-737,220,181,305,733,-967,-643,-999,-619,-463,643,479,85,413,334,-247,-175,857,803,449,226,-636,-222,-408,-87,242,565,171,-609,629,273,142,627,-444,-411,-790,-838];28;30;False
[693,49,-79,-555,-288,-118,751,-735,313,917,-723,-944,-216,145,647,837];12;12;True
[86,40,-316,960,868,232,112,-362,-320,838,510,992,564,-374,146,556,860,-554,-498,478,288,-310,-926,-828,-616,48,-74,-390,-378,130,-482,116,518,462,-684,248,-238,516,640,-386,-516,-772];0;0;True
[-417,-414,928,-80,-206,-288,294,-34,718,144,354,-594,-343,998,427,-66,-618,910,-572,-210,918,-108,-796,414,912,-74,64,-142,432];3;3;True
[-399,-567,607,-395,473,-233,-81,-59,-469,897,-95,-155,-883,-305,413,-29,365,-793,117,799,291,547,435,803,965,-379,-785,249,717,-995,-991,-389,-991,-871,635,-99,651,525,799,-181,919,341];42;41;False
[-191,638,-654,556,599,274,270,508,-262,-514,-330,-460,-720,-729,701,188,380,452,-456,374,846,-33,866,594,130,516,-542,748,-22,-272,-220,390,154,-810];5;5;True
[-508,-809,-417];2;2;True
[-411,75,-717,63,101,-535,613,255,-879,-59,-537,-179,-181,115,-369,-971,41,-555,-77,-33,-751,315,845,-33,199,479,-37,499,-703,719,597,-277,961,41,805,-875,933,987];38;38;True
[-405,-865,717,-897,-521];5;5;True
[-215,931,185,-191];4;4;True
[-316,551,99,-470,861,352,147,-387,-299,324,47,472,572,-790,-143,961,-107,462,557,521,691];13;13;True
[800,864,-612,-832,-682,943,-929,-474,-734,222,-331,542,-929,-961,670,553,-260,864,-688,382,-156,983,-106,767,-132,-248,986];8;8;True
[440,-314,-258,-458,974,672,866,444,616,-726,568];0;0;True
[693,-582,-692,-925,644,286,460,910,-710,-709,955,-507,-673,330,818,342,-680,-478,-604,-768,362,-110,-58,-322,-40,-314,-344,-336,-100,-304,662,-474,-500];6;6;True
[666,314,-1000,-714,-326,79,-476,248,-510,768,-34,-182,790];1;1;True
[-676,-762,236,-634,-121,-250,557,646,-401,-232,-38,182,-385,452,492,-639,-222,46];5;5;True
[-350,-678,76,-708,312,-734,852,786,-552,-356,22,190,442,916,64,-86,-920,-22,850,464,608,32,12,898,834,674,-38,592,-202,868,-502,18,454,-666,638,-740,-392,-128,838,-614,-946,392,364,-852,-226];0;0;True
[738,394,196,970,-892,652,-780,-426,280,248,-416,846,664,796,154,184,934,744,-416,-786,-38,-902,354,848,-506,-72,346,748,-184,26,-380,476,-68,104,810,112,-610,528,844,834,-384,964,564,-516,-430];0;0;True
[-54,803,-727,607,175,947,-111,-153,744,56,834,-247,959,-877,-552,958,-493,447,-395];13;15;False
[-382,-905,-908,417,-328,-226,504,-680,654,348,-943,-306,903,-613,515,-958,85,800,-440,521,-430,-410,415,286,-903,335,780,-734,170,-962,894,704,604,-382,-169,-766,-284,-620,504,-748,628];12;12;True
[646,-804,-116,140,-845,-322,231,-202,-240,-62,28,757,-888,292,-248,-945,695,865,954,286,-460,-314,-596,184,-507,765,501,128,-301,-92,-626,179,209,-822];12;12;True
[301,567,333,-975,957,-121,8,793,643,555,-775,-275,-543,-643,-590,724,561,-663,-827,496,328,413,-805,-452,-351,757,634,474,565,219];22;24;False
[-227,-207,504];2;2;True
[299,973,652,456,-535,-140,592,-759,821,-113,371,-961,-301,477,-96,-364,-755,363,375,613,528,-881,555,35,-20,-901,-937,-949,-83,-37,259,-986,-687,-133,931,-563,-147,-95];29;29;True
[-636,-349,776,236,983,400,-18,-451,634,450,246,-895,697,50,876,919,756,-757,-648,356,106,-380,-30,-884,-794,-199,-353,-578,-182,638,55,524,252,-852,-314,-70,-118,-958,556,652,-738];10;9;False
[492,234,144,-18,416,-724,368,-938,689,-364,579,652,612,-932,-934,180,-832,228,792,918,-882,-938,594,636,634,384,850,-468,302,-854,636,578,544,956,-836,112,78,944,-704,358,526,142,-850,-208,-403,-257,-670,-248,-734,86];4;4;True
[64,-428,-580,990,980,141,-962,984,-326,860,807,-538,623,-778,42,24,414,876,412,-550,244,998,682,342,914,970,922,876,726,-286,-200,208,670,928,927,952,-752,144,-206,279,-767,-395,441,-238,-898,-120,-626,-644,904];8;8;True
[799,445,367,427,873,-729,-175,791,937,905,409,641,897,453,-301,617,523,-393,317,69,-653];21;21;True
[-838,876,102,396,100,952,-18,652,-626,520,-870,-202,88,-556,-856,-836,120,-382,-616,58,-734,-568,636,-350,428,332,-70,-442];0;0;True
[601,-645,75,959,737,395,-123,347,699,-711,633,57,-305,491,405,747,13,-921,-811];19;19;True
[465,-845,-303,-997,-71,-125,-799,913,-179,313,309,-37,-473,795,341,680,331,137,-627,-71,863,173,-45,-511,-267,-769,-243,717,-185,305,413,-207,814,825,495,-687,-231,-583,723,-497];38;40;False
[905,-775,245,517,-447,-651,69,933,-39,-129,-505,277,-507,-623,-21,597,975,549,-327,-675,-993,313,-525,581,-625,663,397,529,-821,569,669,715,95,-55,813,935,285,743,537,-817,-657,527,181,-121,-549,-151,449,-545];48;45;False
[-803,841,-442,246,6,-373,-560,464,411,139,-268,-708,-771,-337,-308,-449,-970,641,-255,200,-854,918,84,321,269,96,267,163,-888,-296,236,8,234,-488,-10,-298,353,929,-868,-787,720,-809,-571];19;18;False
[-454,547,828,-116,-862,988,-105,-816,52,792,-522,362];2;2;True
[-690,492,170,72,-816,804,-938,-274,-22,398,-426,-792,702,200,-346,0,674,-566,-986,-14,-620,376,-482];0;0;True
[116,-318,617,713,-493,57,-907,607,-409,791,-166,-459,-209,653,390,-495,-463,351,-67,647,273,969];18;19;False
[-772,738,718,222,686,-622,644,137,652,-442,578,-978,146,958,-868,556,-728,675,498,102,-396,-924,-120,340,-860,512,-518,872,246,-296,672,-186,284,667,-558,672,134,904,-618,166,-1000,-24,204,744,702,-338,-206,776,-530];3;3;True
[163,876,813,-461,433,759,103,164,120,-830,468,888,393,-666,-66,-337,384,-241,-516,-904,661,-52,112,421,-658,-956,534,-668,276,-222,952,-341,-690,602,423,206,613,-899,-870,-308,-950,-264,-90,784,788,814,425,-891,-712];17;18;False
[277,-197,-241,-615,623,199,255,-581,855,-391,571,941,237,-937,761,293,-97,281,-233,271,-275,-93,-233,237];24;24;True
[-271,271,-815,863,-3,29,-689,-761,-499,-639,-825,-799,921,-597,577,-323,947,810,-783,797,-433,641,-381,-881,781,203,-741,-853,651,203,-105,-561,-281,-505,937,41,923,727,209,727,-107,73,831,667,-973,169,-969,817,-55];48;44;False
[505,243,863,-825,829,-483,-219,-249,-147,-779,-528,918,-708,-515,685,-77,-497,-91,87,-827,473,-573,983,643,770,-249,47,-963,-387,-81,-247,-505,201];29;31;False
[649,-862,-810,-642,-668,59,-210,978,809,250,984,-457,-927,861,-348,633,403,18,-886,94,292,354,-835,654,-722,300,918,490,182,-848,-527,-98,734,-360,-174,-639,-562,616,62,182,-420,349,-77,-744,-865];14;14;True
[625,-843,595,533,455,705,-889,-634,-763,401,493];10;10;True
[442,126,-655,-870,822,-239,776,-7,816,492,200,-683,235,-2,626,-627,710,46];6;6;True
[965,-25,-503,-931,191,-597,-374,-913,776,-751,871,-533,-299];11;11;True
[-747,-325,-709,123,-353,251,-621,-369,-415,-57,-473,487,815,-117,279,-595,-607,61,-929,-867,211,-345,787,891,415];25;25;True
[989,-463];2;2;True
[750,-32,-809,861,-388,-956,-759,-21,-331,-94,-758,-923,-554,-448,-987,92,566,-501,418,-796,-438,632,754,827,-782,110,-837,324,-596,499,748,-434,459,-826,-69,-601,279,30,488];15;16;False
[615,89,-811,-353,-185,573,245,13,813,949,775,-853,-214,-275,872,955,864,-795,965,-533,-283,-686,979,749,-237,498,807,-977,543,875,35,746,261,-297,-572,-297,-881,-850,-663,987,467,897,991,-619,259,-444,-641,-929,-37,-73];41;40;False
[173,35,932,843,-235,487,573,-349,-725,-69,-210,-738,873,975,-787,-505,-139,687,-579,-325,815,-420,257,-881,17,163,583,627,-309,803,-201,469,569,-917,185,373,-45,-248,-199,855,-513,-993,-939,51,671,-279];41;38;False
[-879,170,23,-402,126,245,915,-189,-648,-580,-917,-392,-41,780,85];8;7;False
[876,-954,-750,148,946,-893,679,595,484];3;3;True
[251,201,323,29,833,-31,851,483,-879,-17,837,-499,-557,911,447,451,-163,-79,-177,-489,59,781,973,-511];24;24;True
[-355,-671,550,836,727,356,-669,-597,651,-538,-339,-775,866,-696,-414,692,-857,-227,833];11;11;True
[-771,905,833,563,-41,-177,241,859,783,335,-965,889,471,-391,370,-515,-573,689,250,875,-299,416,-951,853,-974,579,-304,-553,-243,-503,77,-637,49,875,16,-266];29;28;False
[403,-189,445,-913,917,143,-13,531,527,-269,-35,-499,-337,887,799,-745,-859,483,613,285,-217,-237,755,-853,63,-801,-993,219,-201,-367,-87,659,-359,75,65,-271,-45,133,797,579,409,551,-833,923];44;44;True
[670,84,664,524,434,266,789,350,-716,-272,976,94,912,-250,-844,884,-593,-484,982,374,-258];2;2;True
[-728,784,-691,-128,-830,660,348,-14,799,-390,-14,243,-807,300,-152,-890,-190,-702,603,514];5;4;False
[-128,-431,408,674,495,-917,119,-404,869,885,-52,-51,-950,10,-827,162,-597];9;9;True
[-783,-291,464,-779,-931,627,-998];5;5;True
[-673,-537,-549,-884,391,229,699,-71,-54,-365,173,808,-957,-181,-103,-52,39,275,-497,-585,349,-714,-638,565,-253,173,-61,461,921,495,-293,581,737,369,-426,-708,35,661,26,-967];31;30;False
[-937,-423,-615,755,479,-965,129,-809,465,-27,-181,-53,-729,-359,502,-467,-699,-55,283,243,-325,-735,-57,-700,379,983,-491,-443,847,-613,-11,-325,-655,-269,-429,-695,499,697,-212,-933];37;34;False
[144,-866,7,867,818,-923,-249,73,970,-512,19,-155,-517,-972,-181,-907,-401,-923,-189,-732,772,940,-67,-717,-414,-472,290,854,634,-651,675,-629,73,781,-947,-250,305,-692,-210,403,162,533,59,855,-191,-620,530,-368,-781];28;26;False
[556,-512,-694,471,-150,871,710,243,568,489,-601,-908,351,-250,-379,-444,945,534,317,114,-92,-742,-284,606,297,-484,19,-636,888,727,-258,48,548,-668,152,-540];12;11;False
[-961,-246,-635,-648,-706,89,789,715,-925,581,-284,-29,-280,93,96,280,-801,-751,-261,515,683,-523,-248,551,-565,663,-583,129,-216,-53,-828,-16,-885,-160,-67,917,-636,-890,270,727,-512,125,167,687];28;27;False
[934,324,-488,128,615,136,246,-880,194,878,930,466,-650,-472,-928,-703,-155,-768,-746,-434,341,-666,-648,24,-254,-666,872,769,-298,654,-576,588,-62,-578,552,674,144,14,502,-722,-89,-540,622];6;6;True
[-490,824,-394,-275,889,646,64,-860,822,-208];2;2;True
[697,199,17,421,313,485,-537,-57,399,-965,883,-523,597,671,359,259,485,-723,823,-387,-205,-293,671,-971,-869,-693,925,-15,-111,-983,-279,857,-249,211,-443,-311,-309,-373,605,97,-767,349,-635];43;42;False
[429,-925,-937,-345,397,-601,-833,-857,-95,-975,109,23,-591,-819,-327,819,187,-915,779,363,811,435,-979];23;23;True
[464,-826,237,168,40,-686,-322,171,-724,-682,-119,-590,-978,66];3;3;True
[631,303,-513,-711,419,-613,-469,711,-411,623,487,-833,437,911,91,-233,77,-299,-689,-351,769,945,-679,127,419,-91,-499,679,-651,195,847,-921,-707,885,-89,795,-657,-223];38;38;True
[-721,-142,-421,-706,-527,954,782,-129,858,-308,551,-881,736,67,336,428,20,332,438,-747,-377,-904,-520,588,368,338,502,-207,960,-84,-858,-288,832,218,-604,891,18,284,-915,-139,-532,35,708];14;16;False
[-777,876,-594,923,-806,698,528];2;2;True
[-617,-287];2;2;True
[598,-36,-910,-278,352,-102,-404,-845,302,796,-50,-242,-240,370,190,848,-836,696,766,-938,-558,3,556,-316,-524,-376,-580,-208,-884,-72,-434,720,884,-506,2,428,-163,896,370,942,812,-154,-960];3;3;True
[-359,272,-445,-694,327,46,814,-767,279,679,757,-86,498,10,221,-831,-587,851,-641,17,247,-721,785,-20,757,929,-280,452,525,100,-251,-207,-615,-835,49,48,963,-339,-430,-655,-684,-527,-456,177,-676,-536,-483,-305,-344];31;30;False
[203,845,765,869,-553,-997,690,-602,-305];7;7;True
[-994,-992,729,450,-649,-772,615];3;3;True
[-244,648,964,-600,-46,308,870,393,222,-904,-80,-502,-634,304,640,900,-622,284,-482,648,-348,-51,-562,186,148,62,450,274,-462,432,-12,990,656,304,836,54,-426,976,896,351,-146,748,-124,-361,576];4;3;False
[-761,719,324,-476,-245,-647,438,245,666,824,-229,529,977,855,613,-853,293,-393,599,-369];15;14;False
[-471,-537,-491];3;3;True
[-46,-626,-384,-504,-168,-838,66,756,6,-236,-946,84,80,24,-456,-178,186,964,826,-446,-508,-796,420,848,-168,754,-268,106];0;0;True
[148,-510,-60,-964,-958,898,-206,-674,-454,-508,492,-957,-102,596,-780,-522,652,-605,485,-938,32,-384,-344];3;3;True
[-967,-897,909,-49,271,435,-383];7;7;True
[-811,485,-547,-843,-75,-501,-11,-319,441,905,-593,994,393,-53,-302,691,-939,905,243,61,-935,-917,971,-853,975,-954,973,465,-581];26;28;False
[-821,-93,669,510,663,-119,-73,703,493,850,143,421,63,-407,-979,771,-888,173,327,255,923,-599,-362,-650,-909,71,555,677,-759,-607,481,-887,449,599,-465,-197,937,-639,959,-227,349,497];37;36;False
[765,-421,568,-767,-346,-341,521,181,933,847,634,-115,-361,-390,-19,513,-181,-661,430,-653,289,-262,165,341,330,418,-417,-447,-474,-711,59,59,847,-537,303,-189,-53,-777,953,823,445,-12,-359,-881,-799,801];36;37;False
[-898,-591,-304,-426,564,656,122,-671,470,686,-280,-929,-489,-317,-778,812,604,-762,-228,107,730,-248,338,610,945,55,547,276,355,626,-78,-629,482,-348,-766,839,-808,-740,-752,-930,322,-156,907,-40,-64,671,-524,930,906];14;15;False
[457,267,829,73,-329,-745,323,201,478,323,49,-853,336,358,-671,-357,143,929,797,-735,185,-797,-377,-832,-171,892,511,-306,-721,23,-42,-412,-335,398,669,847,-893,-5,443,-17,517,-795,-656];33;30;False
[-741,-926,-753,-166,215,875,-179,-405,-235,-281,801,-991,455,-751,481,-508,-495,669,-535,-117,-207,-345,533,-145,-719,527,901,-432,571,-789,-531,-839,-657,-759,-901,-759,321,-153,415,-623,917,253,679,601,927,929,217,355];44;41;False
[-658,184,780,-181,83,-838,450,-24,516,936,768,556,-622,245,-18,-223,-820,-263,-732,-380,-880,145,720,808,612,-810,-526,716,412,432];6;5;False
[308,242,11,106,184,74,-502,-151,872,134,-785,-382,-624,321,531,-668,-761,-368,-813,-421,322,-505,-926,366,768,-366,290,247,-659,-48,-840,672,391,-413,-984,-460,-466,-272,952,306];13;13;True
[-643,637,-650];2;2;True
[-923,-860,720,723,-102,-596,-856,-863,823,-169,-83,5,-187,353,834,-387];10;9;False
[-417,221,-989,733,-279,853,-752,-632,771,-916,-743,-388,864,459,278,-493,561,-865,-501,-311,-792,723];15;17;False
[-832,602,380,334,-382,556,-776,-8,916,880,874,-506,308,996,-16,-204,-36,-594,646,-384,-762,768,602,-458,-354,-692,-458,-924,-924,288,858,-796,-546];0;0;True
[633,233,-728,-736,-348,648,-395,817];4;4;True
[-567,-614,-971,509,111,-515,-177,-417,487,-288,-551,-247,999,-493,33,-504,-19,-518,-667,409,955];17;17;True
[526,767,672,296,-602,-79,-194,-686,-48,404,858,-115,-994,437,-82,-788,-509,80,-172,-972,402,193,-132,-490,-549,675,230,2,-818,-288];8;8;True
[760,-802,428,-476,688];0;0;True
[-855,-444,-157,329,-768];3;3;True
[-988,-26,-616,-194,870,-338,-344,-886,-884,420,-666,840,-970,-232,0,-696,332,736,-162,-396];0;0;True
[-244,-617,-116,-438,-273,682,946,196,374,154,382,-862,-122,-616,870,-224,-570,-602,824,604,-536,210,-186,264,-272,2,744,730,-154,-420,892,418,-236,38];2;2;True
[219,539,-823];3;3;True
[236,-927,-588,-542,-516,-441,-724,-646,-911,996,736,186,494,-434,-150,533,-245,910,833,-824,858,-946,154,329,-816,-423,475,440,-240,333,-175];11;11;True
[-255,-81,-900,-925,762,511,-576,235,-618,686,662,531,-182,315,-538,959,-231,994,691,-375,41,819,-667,81,-625,491,-425,732,907,-160,195,505,125,459,253,-505];25;27;False
[788,-832,308,56,-1000];0;0;True
[-761,78,-42,597,724,29,985,-641,-522,-806,786,-325,-254,-397,131,706,-120,845,332,736,453,604,-446,-785,923,338,-53,4,312,21,837];15;15;True
[898,230,-230,-970,-380,216,-80,-796,992,560,616,-482,-198,806,22,314,478,586,72,-210,-808,120,952,-88,718,982,-322,-258,-650,-472,598,612,-30,226,924,320,-436,-916,182,912,198,456,-268,-874];0;0;True
[-664,355,-193,307,416,877,-251,-281];6;6;True
[-19,-222,-683,479,-251,485,301,-262,2,-103,222,173,-151,535,-902,920,-331,-524,-494,993,-109,-253,-917,655,769,714];17;17;True
[424,344,192,-298,-260,504,10,404,-372,854,-326,-604,430,-690,-104,714,826,-526,-289,14,430,480,192,888,-872,-108,-550,289,542,796,-320,-56];2;2;True
[-701,153,155,-703,-531,-611,895,807,-347,-729,643,-775,205,341];14;14;True
[873,-745,-122,994,632,603,-354,463,303,387,340,-582,-969,826,537,496,62];8;7;False
[-984,-626,412,-642,788,-39,-886,-331,-946,869,-404,-938,20,220,32,-439,-924,461,-403,742,-503,-461,38,421,436,644,148,-686,-184,948,-244,20,172,-130,-466,577,-220,204,934];10;11;False
[284,35,197,271,-722,764,155,535,-334,-902,601,-299,855,755,373,349,-261,76,861,863,-412,742,-853,280,721,-73,779,669,823];20;21;False
[330,-446,109,-240,-131,-316,898,999,-121,-991,725,-870,-431,160,621,696,996,517,-141,935,-611,-881,-518,602,-356,299,-7,-188,-196,446,-745,-333,-392,145,775,241,685,-319,-499,500,-888,452,-39,-542,701,-133];26;25;False
[906,-996,-424,542,86,-624,490,870,750,406,294,604,406,-294,844,656,668,66,134,-508,-74,992,-772,244,-566,770,884,-470,466,-786,904,-266,70,284,-256,-698,46,410,512,-522,184];0;0;True
[819,-303,-401,-241,477,443,81,895,235,419,-397,-703,-367,-919,-939,-936,-94,-577,237,759,332];18;18;True
[912,-708,219,874,-393,-192,-478,230,803,-420,438,-766,-902,-668,966];3;3;True
[-170,940,106,-650,-362,-596,536,864,308,-46,-386,758,-392,950,-628,-272,-136,666,-710,-278,-650,-918,-236,794,944,-142,938,-982,-900,260,-12,586,636,-732,-528,-174,-952,-926,-830,-568,108,-568,256,-274,-922,420,-488];0;0;True
[118,-690,187,16,591,-283,-341,-869,745,-420,415,-931,865,-174,-583,-697,931,-539,-154,-558,130,587,729,-530,-447];16;15;False
[-409,291,29,287,48,-663,-451,-787,-271,-251,-921,835,251,-811,-553,615,-159,-851,901,573,-301,-339,225,-309,-493,241,573,251,777,493,-451,-591,937,41,-381,-849,-285,-309,885,551,169,53,65];42;42;True
[749,-911,31,785,-285,-601,115,-193,275,627,767,543,-315,-252,412,591,498,503,-378,-713,924,945,967,-657,62,-177,-180,-513,389,183,-558,153,608,607,-252,-117,443,508,817,641,-281,-795,988,-794,-855,-495];33;32;False
[-34,-616,430,306,-720,104,572,-266,76,678,-868,-906,768,24,834,-396,738,642,672,-826,776,136,-530,-432,252,14,938,-920,758,-634,-642,-164,-932,384,996,-622,-512,520,-372];0;0;True
[-664,34,-119,-783,-420,-25,8,527,-395,-763,-396,-831,-228,29,475,783,859,19,-637,-635,-559,201,31,626,292,-365,-403,951];20;22;False
[458,-220,-997,523,-184,403,-229,568,808,280,110,-494,712,694,650,-344,-806,190,-381,-70,-84,880,-41,-928,944,941,-296,116,-34,691,-11,-904,-988,-238,192];9;9;True
[-639,-269,-279,965,-367,943,-505,601,85,-579,735,-345,107,173,-385,143,-455,-965,-475,-269,-249,221,-297,-445,-415,183,483,999,-353,-21,445];31;31;True
[-798,35,-167,-903,519,761,414,-55,13,-253,806,653,-754,-577,-374,-928,476,-953,869,-657,-381,231,113,919,-814,945,-164,571,-177,7,-97,465];23;21;False
[802,739,-414,594,722];1;1;True
[933,837,-187,-955,-607,77,-977,-107,967,529,387,-893,-147,-983,-739,939,177,-541,-433,803,829,-533,-221,923,889,-401,195,117,719,793,105,-275,727,-665];34;34;True
[-455,272,909,612,-473,-277,526,-398,176,762,904,373,553,-435,-99,77,-957,972,-505,918,-432,-661,975,221,37,-677,633,163,191,930,239,269];21;21;True
[960,-496,-544,338,228,692,0,82,-626];0;0;True
[-68,-136,-176,174,-263,-232,438,-998,60,260,942];1;1;True
[351,-201,189,684,-853,-93,-110,-149,-241,929,-61];9;8;False
[898,930,-108,808,712,-16,-734,-40,940,-116,-350,462,-44,906,-256,-662,450,-302,-748,-596,474,176,-412,-932,678,450,-56,744,-124,902,230,728,-288,-134,-992,-138,120,-222,638,-818,-296,808,-54,-868,-642,-912,-556,-216,-502,974];0;0;True
[695,-995,684,-479,65,-505,717,-486,-429,-742,893,743,624,157,-510,347,-509,384,-818,97,807,905,193,414,-653,-545,102,153,-487,838,-380,-434,471,656,235,983,-487,55,815,-835,-449,-945,635,-117,135];32;31;False
[345,-57,618,29,-815,-943,-70,-151,-317,-930,-850,987,29,-39,-917,-989,709,-475,-639,-996,686,419,-397,-508,49,-171,977,-387,-469,839,295];24;25;False
[456,739,443,789,303,545,643,988,774,527,-201,245,-967,-336,48,321,431,-633,475,999,-615,-533,-457,-73,529,893,995,-327,-908,-685,-759,-837,-828,457,827,957,639,550,-841,935,235,-618,635,807,-931,-55,-519,927,-63,-827];41;41;True
[744,726,-980,60,554,566,-567,426,-363,70,860,438,640,-302,972,-830,696,124,542,634,-627,784,-610,876,350,350];3;3;True
[-712,-366,76,946,698,-704,656,-598,760,-346,-382,-368,322,-996,-816,-316,210,704,-898,442,-296,-606,116,98,814,-128,732,-556,526,-16,-434,642,140,440,18,498,210,-672,858,-290,608,-132,972,888,344,902,714,-882];0;0;True
[112,-779,-592,855,-9,-430,-445,-875,-185,-488,-586,761,589,-405,-329,209,941,877,-380,-871,-497,148,59,-735,225,-981,-937,687,487,231,785,681,109,-289,-379,459,777,-333,-689,557,751,-281,-995,-869,-119,931,-203,621,-285,-393];43;41;False
[604,-890,-50,-208,910,-354,170,262,-150,194,-844,-568,-654,662,656,136,272,38,114,-620,638,-886,314,582,44,-220,44,-110,384,-184,794,220,812];0;0;True
[-328,-891,-959,675,-761,175,679,435,797,-21,-733,-977,207,-797,-771,279,957,-283,-657,-437,796,341,741,-443,-611,-678,-33,687,-754,993,621,-764,920,345,-336,865,454,96,551,207,-173,-629,656,553,195];35;35;True
[-6,-206,50,-128,18];0;0;True
[495,75,-353,-797,859,251,-755,-157,-313,-903,-319,-827,129,435,549,-357,123,809,287,-593,909,-51,-381,131,-739,175,887,-217,-591,-329,-123,743,-271,-367,441,-343,433,-863,305,299,271,447,283,-769,331,-925,-49];47;47;True
[292,274,977,520,-197,8,873,667,-556,140,564,-836,-412,801,-42,-234,329,-837,913,-654,649,-796,887,-475,663,-748,-486,-426,-381,502,-372,546,770,747,596,972,540,-366,-451,424,469,-785,-17,645,494,-831,867,-14,-573];22;24;False
[33,987,923,13,-559,-775,-275,995,73];9;9;True
[678,-278,672,-90,166,-640,880,684,-155,-659,556,-417,112,-944,-877,168,-896,840,903,-148,-293,-532,876,-478,912,-269,-412,405,10,985,332,880,421,277,-77,643];13;12;False
[-806,-130,4,804,-928,-400,-796,350,114,-832,-70,702,-662,-178,-749,-761,-840,275,-350,-298,958,-400,-188,890,901,44,-12,846,-198,-936,713,704,-50,479,386,715,962,-752,-352,-988,650,646,-412,666,274,-144,-302];7;7;True
[-861,84,-75,740,-272];2;2;True
[82,-978,328,-952,470,322,709,665,200,315,388,-122,553,196];4;4;True
[530,933,643,253,697,867,-868,389,-655,873,277,-435,-245,-110,-516,-203,53,441,-533,-925,624,-569,-543,-170,210,-323,-208,-108,-67,825,482,-989,467,275,-643,-294,603,451,-841,339,783,-751,-752];31;33;False
[263,790,-252,241,-740,-138,-881,765,-82,-496,-982,630,-737,645,-383,3,-275,482,788,-377,-896,-531,705,-578,224,-684,-71,-82,170,514,576,-783,-881,-787,349,-306,-119];18;17;False
[347,978,725,-243,-378,268,-675,353,-970,-636,-339,702,-490,-536,-349,133,146,203,6,922,456,168,-796,775,-754,150,313,686,981,-614,904,699,-55,210,-236,919,664,-464,557,-239,-36,677,-560,-478,-727,603,392,919,382];21;21;True
[-305,-634];1;1;True
[-639,691,324,-981,325,682,651,-931,-959,-505,185,-236,538,664,-725,193,-841,-403,951,588,-710,913,-379,64,-9,235,514,-877,759];20;20;True
[-207,403,-967,341,701,-845,637,-529,549,696,223,33,-505,-235,-407,445,753,-803,-103,-237,-171,735,521,585,-417,779,200,-485,987,-535,-521,334,-897,-215,-765];32;31;False
[-426,-875,322,-705,-643,-395,-408,859,-112,-499,855,49,-688,-459,37,-869,-23,789,-898,600,987,408,893,431,574,259,907,-869,-646,149,-230,-792,925,-254,617,-763];23;24;False
[262,444,10,-936,-92,70,647,-376,946,372,838,-770,-506,-48,-170,760,538,709,390,-268,466,341,876,530,212,-386,958,-104,104,396,96,548,92];3;3;True
[-126,124,821,-287,19,466,-301,-829,175,701,-811,-550,-149,-598,714,966,158,928,650,-431,991,793,974,342,-310,509,-73,-977,991,-123,-642,576,667,-998,-14,398,18,218,962,-225,785,389,-616];21;23;False
[-15,-309,575,-817,-889,137];6;6;True
[-530,-54,158,-642,958,-46,670,574,-312,566,870,210,-930,-570,820,866,-974,-490,434,288,-101,582,-172,200,784,528,-622,306,872,254,634,-982,-98];1;1;True
[-935,-941,-459,77,408,-327,-791,423,-817,878,-185,349,903,240,129,-561,321,-986,-363,-297,-107,337,-939,29,-805,173,183,687,161,40,-646,737,-693,603,873,755,-622,537,-103,-684,-587,-305,102,-655,-455,-635,153,393,-373,-73];41;38;False
[507,-491,184,484,771,816,241,11,580,282,616,451,275,-364,758,798,52,-418,-978,96,594,-2,-956,-276,465,-230,893,-554,933,-857,-900,-634,-959,164,-372,927,184,700,-180,-151,-696,883,-821,9];17;16;False
[152,-528,304,-906,397,834,29,129,-771,-346,-682,-462,933,-630,366,-474,817,-856,-284,683,-703,-273,-29,886,-154,189,-874,766,-46,922,-650,-652,154,-778,-855,900,298,-76,-415];13;13;True
[16,486,-204,608,-831,-239,369,-285,-529,-197,765,-35,-949,-817,188,-780];10;10;True
[263,929,901,389,491,-383];6;6;True
[-295,157,-597,-547,517,101,-607,557,-339,205,643,-149,-551,431,541,579,233,503,703,-149,327,-965,407,109,753,-757,959,881,-791,-255,-203,555,531,-429,411,645,793,-459,865,-771];40;40;True
[84,16,-182,158,78,154,754,562,-926,408,30,540,408,-16,-250,-972,276,-196,-464,-624,-436,10,206,-960,58];0;0;True
[366,-848,-118,794,-190,-622,253,-260,-824,-664,486,322,347,-500];2;2;True
[-16,118,-86,394,568,876,868,146,722,-6,366,-824,-698,544,6,-388,-968,304,376,-476,-100,-838,-561,435,-268,570,-658,-626,520,-904,426,628,14,-606,-978,-670,304];2;2;True
[531,963,843,-169,625,-966,-865,-224,415,-63,-937,976,582,-780,609,-999,-562,-74,86,-351,199,-897,-981,-409,199,-113,859,-559,557,-269,-135,155,-923,411,-175,-11,311,-195,-915];31;31;True
[-619,-942,700,449,-494,-964,-700,893,-517,-887,37,174,538,-629,-893,949,-875,-656,-365,-281,-253,-603,553,169,263,855,243];19;19;True
[66,-964,858,249,724,653,54,510,365,226,-959,-655,-794,704,365,-944,-249,-820,964];7;6;False
[-114,409,-114,319,-878,897,468,-49,969,-834,886,633,-677,466,730,21,230,-325,-370,-260,-846,706,579,135,990,-241,336,837,893,-789,591,667,551,-145,122,-721,-271,282,-485,-311,871,922,891,387];26;26;True
[-819,-689,41,-201,151,753,149,-903,-841,-213,929,183,-979,451,367,617,-501,227,387];19;19;True
[998,988,284,-702,-894,-542,792];0;0;True
[272,-364,-326,498,268,-598,34,-372,776,-147,972,402,-698,-64,896,-976,140,664,-108,-772,622,-590,-740,226,538,100,658,-348,-246,-38,-74,458,-46,-296,92,-292,-858,610,-390,862,-720,-62,628,-816];1;1;True
[-639,257,885,-283,387,61,729,-417,-577,687,597,989,37,-25,247,345,273,705,-779,793,81,-611,-883,661,-469,77,143,-795,-837,595];30;30;True
[-498,-269,32,504,-946,-508,591,896,-714,-808,258,-396,-36,-465,623,-588,725];5;5;True
[644,-736,629,571,276,452,753,-156,-127,339,367,597,-572,375,146,-632,130,972,640,-263,-41,-960,-859,900,-395,869,-108,764,-32,-14,-372,180,-576,-838,0,-454,833,670,-512,854,186,-931,12,27];16;15;False
[15,-714,-122,-306,714,-886,-586,618];1;1;True
[-192,-729,-389,-725,405,-219,-673,107,-373,-748,-71,719];10;10;True
[112,-341,624,976,442,442,-646,979];2;2;True
[-335,-52,511,-769,331,-770,815,-357,17,523,455];9;8;False
[818,-178,636,-404,594,338,946,-300,90,-286,934,-972,116,-702,-168,292,420,672,-710,582,-232,-886,518,384,932];0;0;True
[450,-224,-322,-924,-496,-380];0;0;True
[-543,-50,687,-665,363,569,637,513,-75,-324,-169,-567,71,-395,-991,917,603,-946,-537,533,-969,69,-473,97,93,-959,-437,-664,523,866,-677,658,651,689,-657,973,949,-793];32;32;True
[-574,47,-858,-316,106,229,-760,954,473,-11,425,957,356,-986,704,-727,-984,-630,859,184,408,73,556,-428,-859,116,-245,254,632,810,-640,-232,889,328,500,-320,463,630,-318,-331,734,978,-669,5,883,452];17;19;False
[-181,-842,-545,-825,735,903];5;6;False
[-600,-610,-234,-620,-504,148,-916,138,-175,-788,-986,-640,232,834,63,-598,-191,398,796,62,496,-658,516,-76,101,406,83];5;5;True
[-916,685,-582,-940,-950,-732,858];1;1;True
[-833,-696,-563,628,125,368,157,-764,-796,284,318,672,328,984,-740,-132,928,-610,-674,-217,-987,-917,896,-640,-760,-331,-424,-516,624,-878,-464,-1,-212,974,-184,852,464,-241,756,642,-18,-554,568,-278,-674,-719,362];11;11;True
[238,-394,-290,956,-440,408,-538,-318,-966,780,-48,618,918,326,-694,738,318,338,-402,634,-96,-154,-292,980,570,490,-638,912,-400,-664,-302,-736,104,960,820,204,-404];0;0;True
[-499,-734,-371,-834,201,-709,-375,-759,714,422,865,4,63,324,-6,-301,521,246,-676,-698,-239,452,-726,-788,527,964,-596,377,-631,-380,264,-222,889,-522,877,-150];16;16;True
[-910,484,-835,-407,928,-502,-604,627,-302,197,823,406,-877,770,277,245,-416,-11,44,292,363,22,28,513,935,344,731,-160,68];13;13;True
[642,54,979,-706,-237,495,669,-881,-491,685,-287,333,747,-885,559,101,595,-783,-187,-319,-30,-915,-642,-261,-755,135,391,833,-217,-681,611,-813,-860,-618,-673,-739,-683,245,117,381,-105,245,489,11,-989,-75,329,-585];41;42;False
[540,951,-588,250,134,147,-770,848,-94,80,984,366,814,-766,-528,-178,922,534,83,534,-462,-326,-46,-292,858,262,-838,-504,688,-952,604,870,92,-580,-976,172,-898,560,458,-762,-342,-752];3;3;True
[362,-526,656,-698,-662,-796,-894,-213,101,727,458,330,380,-169,-292,-223,-391,504,90,358,438,276,-354,674,302,293,-302,393,552,3,307,770,-438];10;12;False
[379,-514,387,489,-275,145,506,300,663,934,-17,300,-614,526,998,356,321,-86,-289,835,410,-415,-674,650,541,-443,-956,-100,-664,-541,-188,-174,-709,-931,5,699,-900,905,-840,876,-517,-93,-66,871,269];23;22;False
[430,-224,-357,-984,311,571,944,873,74,-393,350,720,875,-957,529,674,-819,-705,404,28,904,-640,367,699,87,40,222,-189,734,-687,-578,277,139,-323,-451,-960,893];20;20;True
[523,-102,-32,464,146,-948,901,668,-510,-118,-906,-938,-746,60,-378,518,-314,-276,-358,796,-700,-600,-168,374,-394,132,296,-700,144,-152,-166,-468,840,-202,245,457,-908,706,-698];4;4;True
[789,158,953,-956,-308,-129,475,-347,-205,169,-588,685,678,-478,5,-249,-453,465,-459,-311,854,-763,415,-185,-937,432,-411,-451,-185,421,-701,409];24;25;False
[-669,543,-142,846,307,-609,445,99,495,611,-225,-729];10;10;True
[-132,280,851,-269,434,385,-373,893,-86,-638,919,-136,-721,515,-207,-570,-285,-789,79,-752,-170,-164,579,-153,-67,111,896,741,75,-396,807,682,235,-721,-38,-475,173,292];23;22;False
[-294,-592,448,974,-540,-620,735,-688,296,528,494,-878,396,354,-408,-614];1;1;True
[-249,629,829,335,425,356,-605,329,-985,-796,-825,1000,642,750,-412,-390,-740,-772,445,216,673,68,-301,425,253,-485,419,477,-537,460,-573,-235,-597,-850];21;21;True
[989,-350,87,-329,-211,-507,-887,383,-935,874,-188,695,341,42,275,-405,-117,-66,633,-741,-421,-325,589,-195,-173,386,-967,246,-851,801,-515];24;25;False
[178,188,-666,-744,300,-588,-457,-325,-794,-969,211,-759,-922,864,-338,127,453,377,697,-399];10;9;False
[-618,-270,210,8,854,-138,-480,-704,762];0;0;True
[-784,862,-254,-716,-942,4,894,-46,300,-160,-812,740,-612,706,670,-658,332,-64,-886,244,-730,574,1000,-546,12,662];0;0;True
[-885,-72,440,780];1;1;True
[445,-263,-804,-917,227,180,881,127,239,-621,-751,349,192,-953,148,-443,-525,-317,783,799,323,485,-911,251,-982,-253,783,299,479,-433,625,801,-846,-695,-129,-592,-127];30;30;True
[-632,544,570,90,113,160,248,-272,-791,-539,-292,-334,488,-388,475,546,-464,-730,-820,-200,96,-904,327,896,280,-705,416,318,-133,-976,911,-694,-916,749,852,694,-732,-38,226,36,778,-820,843,688,-738];10;9;False
[-334,658,-677,-182,344,-898,-806,-778,-423,-160,-434,-392,-958,204,716,-170,776,-266,470,-244,910,366];2;2;True
[-761,-17,35,-467,-421,-943,-489,393,-873,-259,219,795,-269,-257,273,473,555,833,-361,-847,761,-557,-259,-697,901,783,743,249,190,-523,403,-327,-607,-611,-291,873,209];36;37;False
[717,591,-669,581,837,-967,-7,469,923,-123,-945,953,-697,349,479,677,-777,115,749,-483,705,411,11,297,-751,-291,-969,-671,569,-725,-517,-715,475,-627,-635,525,-911,-109,-153,897,-643,461,827,247,837,997];46;44;False
[-484,-660,290,376,986,-688,-338,-390,-310,-406,228,-690,-786,-604,854];0;0;True
[-428,730,93,-74,39,596,-419,-311,95,119,-450,189,-863,-653,-23,807,-373,-563,-733,-901];15;15;True
[610,-201,604,418];1;1;True
[-941,-665,487,589,-441,-173,503,-195,605,-701,977,103,-391,949,-957,377,625,339,-365,133,647,-291,-27,49,-907,-319,-431,-111,673,-623,857,445,519];33;32;False
[-720,-468,-948,-782,-544,522,-232,-924,608,-678,154,894,812,82,500,702,-132,-294,874,-804,500,630,-184,98,-794,-308,536,-854,-662,-900,-384,836,868,-176,692,-68,-82,-700,248,1000,-734,794,-668,766];0;0;True
[-522,-502,776,790,-438,-686,-128,994,232,254,552,936,-766,-722,-624,-686,-506,782,796,-428,-94,-30,350,-28,866,-930,824,-702,-112,-542,674,658,-100,-756,-278,-592,-394,-866,-332,650,-392,-232];0;0;True
[111,857,-357,-987,-227,-455,-765,275];8;8;True
[237,62,697,-112,572,-756,-38,249,-417,902,583,-693,-349,372,-429,-95,-502,167,255,-624,210,-745,-77,-917,749,665,-779,776,-894];17;17;True
[283,-321,157,437,225,-499,263,289,-169,77,-409,-911,123,-659,707,-423,721,777,111,-375,829,-349,299,611,-122,-599,-731,719,-529,-581,683,481,-333,-331,431];34;35;False
[-218,-899,927,-200,-136,934,282,-635,-542,674,-466,-533,-281,-912,71,-229,-158,138];7;7;True
[-841,670,-642,738,-70,-288,205,995,578,208,492,344,93,812,-730,-916,855,118,-448,-625,-938,868,284,-544,-298,758,396,-962,-653,-51,-986];8;7;False
[10,-829,887,-664,591,83,-749,751,325,685,-575,-696,-635,383,-787,986,-69,-445,209,341,-429,-163,-575,-321,110,-269,-67,-605,119,-402,735,-371,293,-347,519,-567,-25,-841,-59,755,-771,-465,-421,783,805,-706,-283,-415,929,566];42;44;False
[932,416,-610,994,-184,-840,-692,154,660,348,-398,-174,-516,-568,-968,240,0,-98,606];0;0;True
[560,530,599,-273,-167,952,988,-575,168,-539,-939,-163,703,860,974,26,21,-522,856,-86,866,-883,461,-565,538,843,582,365,-972,-135,-185,-850,841,664,-575,729,347,503,-950,-389,188,-385,-319,-597,-551];26;27;False
[-562,-678,392,-461,-892,-217];2;2;True
[-500,718,-868,266,-40];0;0;True
[517,546,-329,-232,-953,595,729,-575,-983,-493,-639,843,352,-120,-814,241,-341];12;12;True
[-270,-888,-74,8,296,-412,133,620,-813,-151,86,-394,688,-546,-740];3;3;True
[608,-771,874,-831,902,544,608,-909,-14,398,-354,742,-612,490,389,-282,404,-348,239,664,507];6;5;False
[171,157,-269,-359,-691,-525,-493,519,209,-17,65,753,121,-437,455,-353,755,845,807,157,-339,247,-353,203,757,767,581,-823,-869,795,271,-949,865,-431,977,-513,719,477,-933,-679,-977,225,563,561,935,-795,-333,-419,-221];49;49;True
[-473,748,-543,379,-646,-382,148,-545];4;3;False
[-544,-449,-861,922,926,592,94,-867,-151,-723,-683,-621];7;7;True
[-113,137,-89,-153,485,-644,-251,-551,-42,810,617,-131,-43,561,-741,-603,-743,-932,846,236,651,586,-987,478,-194,709,545];18;18;True
[588,294,-276,102,790,870,135,-496,-996,-486,22,442,994,404,694,322,-124,258,300,326,-512,-596,-328,348,612,-482,-542,-230,334,-392,-324,-172,527,-454,142,206,-388,868,-208,32,758,444,398,746,706,708,580,-874,-554,92];2;2;True
[-771,-729,195,-736,-935,934,938,-643,-791,27,673,-603,513,373,-743,174,-977,417,-81,125,-483,-943,166,-567,-165,998,766,719,-985,-258];22;21;False
[-29,-560,421,-677,391,-703,742,-455,-602,681,-873,-783,-69,83,161,-614,527,210,-621,889,925,127,661,939,-917,833,-165,863,455,64];24;23;False
[871,317,-393,813,-764,129,-765,-491,-145,951,-171,885,-291,168,621];13;13;True
[456,928,984,696,24,-954,508,-174,-732,806,778,-854,98,110,572,-292,820,196,242,-860,-22,-622,-756,-934];0;0;True
[173,608,397,-833,-373,-591,189,-773,785,-947,289,-449,97,-536,755,-301,9,191,-787];17;17;True
[-929,495,-961,179,342,-439,-521,564,771,935,-75,-667,-929,786,657,227,830,433,365,-663,-391,-475,634,-723,485,263,-409,-39,845,-957,-199,525,325,-757,-779,707,-352,727,-725,451,-637,-735,-253,750,715,875];39;39;True
[812,430,80,-899,630,-566,36,-504,-242,-506,42,-922,-650,-22,384,906,504,-612,616,362,-520,-766,679,-666,-980,-138,82,-714,188,178,392,452,-828,-678,840,-996,242];2;2;True
[530,80,-702,480,-290,44,4,622,-580,576,-388,150,-334,-416,474,964,-148,148,146,380,197,-408,-942,-899,-596,270];2;2;True
[-577,-405,-933,241,-677,848,340,371,764,-995,657,961,911,355,-849];12;11;False
[140,-956,-975,-450,506,107,809,370,222];3;3;True
[-855,557,371,-921,-661,-843,-273,-629,-365,181,479,825,861,183,835,677,393,-999,327,811];20;20;True
[-428,-135,549,647,-895,498];4;4;True
[612,992,4,208,-719,183,556,-297,-341,974,858,33,-570,-194,56,-324,308,266,-968,-444,-357,-968,-922,-633,624,320,266,216,264,539,-512,-952,-333];9;9;True
[3,-257,60,196,933,-130,599,976,738,762,366,-624,668,246,901,544,226,248,-990,729,717];7;7;True
[-512,622,-24,-18,-506,-610,186,426,546,588,692,-462,590,-304,-234,-162,-476,-218,-222,-472,-670,60];0;0;True
[615,-371,378,-451,-293,435,349,601,119,-15,423,-463,485,221,-505,285,-219,-197,-581,-491,-33,237,15,-249,815,-791,57,-211,-931,-403,93,665,923,799,825,472,-925,-327,301,-933,-497,213,-153];41;40;False
[-508,-726,575,194,-583,-22,233,756,268,-646,803,-312,-686,13,948,-485,-428,-587,280,-684,562,203,48,-721,409,960,42,-392,947,318,-559,700,934,-308,-555];13;15;False
[881,587,-65,-721,-753,43,358,115,-69,169,-293,-647,-264,889,70,-677,427,845,205,-793,-901,548,151,700,357,615,725,-100,-496,-503,51,273,482,79];26;26;True
[587,807,416,238,-585,-15,-103,709,277,666,285,431,-531,859,-274,-961,-407,-103,167,-896,-946,961,791,320,149,-416,-982,977,-129,343,533,221];23;22;False
[-157,-847,157,915,-417,405,-901,618,-687,22,335,-645,593,904,-543,-797,535,-955,-563,515,527,-461,-262,-159,909,-25,-359,639,-432,-907,823,916,-69,-776,-150,597,-285,-839];30;31;False
[867,-93,583,-131,-839,147];6;6;True
[-757,110,304];1;1;True
[-428,-341,-430,-508,-139,882,-60,778,-970];2;2;True
[745,-321,782,-476,386,544,764,-448,996,216,-112,-910,102,-660,742,16,146,870,302];2;2;True
[-766,-917,191,-619,-899,-163,810,-779,-954,-447,-399,340,-470,-84,-267,24,677,-96,-90,-66,-744,877,588,827,33,-774,-874,20,119,897,301,-892,884,115,502,927,384,683,-859,982];20;22;False
[-917,-51,-543,-983,-209,-547,547,959,395,-172,-165,-239,675,402,-269,381,905,274,397,866,635,49,-233,305,-835,-381,976,-881,599,-611,-693,-251,-913,-641,137,830,347,-55,59,429,417,-931,721,-847,191,-245];40;40;True
[136,-296,-432,-632,-792,168,664,398,884,-198,770,584,-868,760,-780,822,426,-60,-974,136,-848,638,728,-716,551,74,-256,748,-828,266,-666,-556,-222,-28,768,254,-44];1;1;True
[-192,-308,-808,822,-456,495,-589,-368,-363,29,786,-189,-829,614,784,-593,-674,973,-192,690,938];8;7;False
[859,144,-936,860,960,732,800,278,-918,-151,-304,-444,-134,-96,576,132,-383,788,-834,747,-674,596,42,944,-634,942,-96,-70,27,943,545,-153];8;8;True
[-405,-458,329,995,465,-50,-792,324,241,-440,667,416,-226,-575,-612,-759,-279,845,992,588,820,528,785,-41,-2,198,-808,-204,147,588,745,-832,834,253];15;14;False
[-908,-932,562,-648,820,-4,-20,264,868,-636,-516,942,-246,-8,592,-518,-590,284,720,616,228,612,368,802,554,754,432,-916,-626,-528,-756,-248,-808,-234,-820,324,110,120,-258,-194,532,-232];0;0;True
[919,359,641,119,969,511,-136,431,-865,25,-577,-839,417,-558,-831,-265,-731,647,55,-327,-771,105,-31,-967,179];23;22;False
[443,755,94,-821,-337,504,-752,591,249,-797,-706,-559,-158,253,251,9,-433,717,-55,-917,219];16;16;True
[751,591,-463,611,-657,-229,359,-855,-283,-387,-535,-339,327,-333,885,-397,267,383,241,-761,-671,775,-981,467,-47,-147,-43,-33,-229,721,-493,-455,-359,-57,63,727,-559,451,223,859,-37,635,-841,-715,549];45;45;True
[-379,-819,903,441,-551,161,-619,177,439,-271,-323,771,-313,437,143,-77,69];17;17;True
[-759,926,-322,-421,959,-495,769,-59,-731,517,773,287,-913,792,-681,893,253,-713,749,235,869,-129,-91,-302,307,-101,555,33,750,955,-835,897];27;28;False
[762,702,669,648,991,325,217,212,639,-923,-252,205,-80,-421,-935,-965,-685];11;13;False
[676,-690,636];0;0;True
[-277,306,-73,-80,-287,338,-765,-163,493,-290,-536,-480,-206,795,46,-93,428,-980,-160,-314,-523,-910,-445,423,-841,677,689,-156,-633,-493,300];16;16;True
[274,-538,308,-480,754,574,-916,580,-98,-852,976,728,516,-712,-162,-980,-790,744,-564,992,-664,930,534,128,-816,438,-938,-80,-676,-746,664,-848,234,986,-844,796,-568,406,58,-562];0;0;True
[-82,832,-735,-333,-51,34,164,641,-189,-723,-121,295,-939,-111,630,843,750,849,123,879,143,-152,-485,-921,401,-663,-923,-665,907,-389,265];24;26;False
[-978,358,-638,429,690,-253,297,540,369,896,-688,-241,619,-91,837,474,-912,-820,850,94,-634,430,279,508,-936,716,-148,388,467,-811,-406,664,603,748,196,920,252,262,510,-62,298,-269,-514,483,-39,914];15;14;False
[-383,679,860,56,155,-173,-165,-873,447,-182,617,335,-13,495,-795,491,641,-833,-901,-641,-829,493,-327,-857,61,279,-433,-735,-997];26;26;True
[-760,871,-403,-983,-769,-647,301,-400,-830,-961];7;7;True
[153,-641,-641,-515,-477,-419,983,483,-277,947,347,695,441,-989,549,765,-903,751,827,917,-801,767,-581,-371,-217,-831,-777,557,559,-903,469,-925,113,341,177,121,341];37;37;True
[882,554,-442,196,936,-166,-596,215,680,-726,-818,-831,-621,130,171,-607,-773,575,509,-470,-758,344,136,360,543,-881,-897,994,-977,-55,113,-53,-178,-163,615,-57,-179,272,-886,389,-13,-764];21;21;True
[793,829,-909,-695,-891,-179,-263,225,75,-347,357,333,259,403,969,-645,53,489,951,-785,-761,551,-369,545,481,837,65,39,783,705,797,247,-413,423,-667,-777,1,917,-849,-235,531];41;41;True
[249,-381,795,949,525,-651,-835,270,-315,-809,-437,198,55,681,-683];13;13;True
[-581,-207,180,-760,-610,-513,359,-213,413,527,-969];8;8;True
[-90,958,-742,-894,-698,-668,324,352,-914,-646,-182,-72,470,948,404,380,926,439,958,-636,124,-764,558,590,272,588,-626,564,248,150,-772,680,518,476,352];1;1;True
[-840,234,479,926,-375,58,712,48,962,-62,-49,-318,867,-146,-188,494,630,-190,-339,262,-510,582,-993,94,194];6;6;True
[-851,443,-609,121,761,-871,929,397,653,575,374,605,-837,-253,258,-537,985,445,-89,-199,779,385,929,377,842,-641,179,-931,-83,-691,129,725,-429,-507,-69,-149,-407,173,131,913,365,-78,584,-644,-787,561,625];41;41;True
[-324,-602,-824,22,-618,782,-568,-440,882,206,266,686,-652,266,-738,-290,-488,-508,120,604,-62,-900,-848,-980,658,506,280,-622,494,-142,566,-100,8,-702,-326,692];0;0;True
[720,-256,-174,-960,-512];0;0;True
[-846,804,-340,-546,140,-366,864,-708,-878,-550];0;0;True
[521,850,179,-853,989,-687,-81,-255,-307,-289,840,-48,-642,-19,692,959,-895,-23,718,362,99,-625,-959,-1000,727,-979,-995,739,-386,-82,781,-142,640,996,-244,-371,807,708,-670,48,-77,-581,-563,73,-397,59,-303,146];30;30;True
[836,822,806,-170,818,-886,-958,80,308,-154,-39,-481,932,-807,-348,936,-74,564];3;3;True
[412,128,902,-570,-654,824,661,-128,18,-493,-779,999,492,-729,-118,-56,-224,-145,546,-995,-207,736,610,552,927];9;9;True
[-492,796,462,370,462,-218,-66,216,-420,670,-910,464,10,-838,-54,362,384,518,-676,108,-700,-433,412,-621,-740,-226,-998,-565,666,840,520];3;3;True
[-251,-844,-288,111,-654,-350,839,705,418,-705,-937,-404,-962,-411,336,357,273,-577,-404,-832,118,-78,-462,-635,627,-984,-106,10,985,543,-38,105,893,-55,979,-262,-243,762,-922];19;21;False
[605,781,-245,198,205,-497,-23,-656,290,-266,-615,-686,-341,-97,-54,329,861,-564,327,-689,499,742,-773,430,761,-394,-131,984,-411,6];18;17;False
[-238,175,646,690,-267,-686,339,752,-358,121,-738,224,-202,-544,-752,-488,-806,294,328,793,-570,234,472,-742,-812,-665,454,202,656,197,-900,-438,978,-295,-744,-460,112,-456,80,361];9;9;True
[-334,-76,-128,-268];0;0;True
[-62,686,627,-504,498,-658,702,612,-65,746,622,-367,992,-278,982,-754,-366,882,746,-224,-248,-804,306,976,-75,42,152,308,-970,-788,148,528,471,20,-76,280,-883,781,-46,138,-127,400,676,-112,396,528,-396,178];8;8;True
[542,-850,-548,316,-978];0;0;True
[333,787,-741,-183,413,475,519,-325,-105,-895,473,523,-149,-499,585,345,-317,-817,-713,197,71,-269,77,-511];24;24;True
[517,-963,-121,167,415,798,-666];5;5;True
[-16,-296,-400,-534,236,962,-148,-314,620,-260];0;0;True
[-649,161,991,-755,241,-365,189];7;7;True
[388,656,-2];0;0;True
[724,279,419,879,43,-963,351,-689,60,-642,617,-245,-293,-254,630,-38,-12,-440,-37,-416,242,-331,190,287,484,-285,-515,413,739,796,854,-912,27,-931,-15,214,-233,-811,619,-229,515,-125,-593];27;26;False
[707,718,-184,-701,939,742,842,-434,-292,-502,-376,354,120,48,171,281,157,-449,372,-478];7;6;False
[911,461,277,341,-987,-373,-705,-73,-793,-269,735,-915,-371,-995,333,27,-931,493,-331,699,475,-117,-69];23;22;False
[-110,-305,-80,-476,-856,843,-240,-93,983,-544,455,518,216,-505,-891,-724,-764,222,398,-150,-35,-175,-294,-79,297,-666,109,-439,-100,-907,-297,249,64,684,-89,525,723,303,-480,614];20;20;True
[117,583,515,-445];4;4;True
[726,402,-518,-962,-340,-897,232,-839,-444,-581,-97,943];5;4;False
[96,688,1,-686,-39,-402,-505,837,471,-705,162,358,-658,-858];6;6;True
[-962,-756,-496,956,-660,322,629,256,-619,548,54,-720,248,-202,-496,30,89,-426,572,232,-298,938,756];3;3;True
[-97,149,-847,619,-245,535,736,766,176,596];6;6;True
[-784,394,133,120,362,-202,-447,-520,879,699,-980,406,159,-128,-276,-472,212,737,-115,-593,837,718,376,304,998,274,72,-940,125,805,734,230,251,906,-840,-352,-263,-716,149,88,-648,402,-989,-868];15;15;True
[52,526,-214,-166,-260,242,354,204,-26,-148,-614,428,150,-67,-714,720,-79,-576,-846,-876,-966,-666];2;2;True
[-623,-431,581,657,-333,417];6;6;True
[-842,-526,-216,-942,278,-690,950,-99,874,878,198,998,-892,885,28,-618,748,682,158,-204];2;2;True
[-329,169,-977,-577,547,637,601,-613,-51,-981,-905,865,-11,-169,-403,929,783,-477,-711,-765,-347,-73,-293,-807,905,-287,-775,-623,-771,-933,-459,-327,85,763,-795,149,893,527,-111,-747,199,9,-425,803,297,-455,195];47;47;True
[355,13,87,-331,-131,635,21,-287,603,-881,-533,-291,-7,-495,-679,-503,593,-809];18;18;True
[-608,-395,912,390,-477,-319,400,-552,983,-84,-554,-500,438,-996,-776,394,302,253,-674,886,-630,-58,-927,-207,-242,706,-650,-710,43,-226,352,94,-642,68,348,-480];8;7;False
[834,752,-462,950,242,-602,-310,504,-774,564,-728,-774,796,-220,186,720,470,-490,-844,-462,988];0;0;True
[479,-549,883,-963,-969,838,-175,721,-91,-883,-149,768,92,469,147,663,571,216,358];14;14;True
[-52];0;0;True
[-52];0;0;True
[-52];0;0;True
[-52];0;0;True
[-52];0;0;True
[-52];0;0;True
[-52];0;0;True
[-52];0;0;True
[-52];0;0;True
[-52];0;0;True
[-52];0;0;True
[-52];0;0;True
[-843,437,991,-787,-579,-579,-581,-947,527,-595,73,-83,477,915,77,-641,59,-441,-655,-893,349,623,-339,-369,-807,917,817,-191,977,-13,221,415,591,623,333,675,-177,717,237,-813];40;40;True
[-261,-880,298,-417,-177,110,-113,-201,657,-115,-735,837,627,-651,571,-107,605,-698,415,-193,-797,-959,144,-695,513,-882,328,771,173,-175,849,273,-432,-131,-957,-783,-577,159,-105,-409];32;34;False
[-416,-621,-899,838,-39,791,-30,790,835,-559,-47,-765,-267,3,585,-271,741,603,183,237,185,-733,601,-20,37,-921,788,975,725,937,837,-199,-51,-185,129,-408,815,861];31;33;False
[520,-358,946,652,510,-398,694,-653,68,696,988,-258,928,-208,-708,588,758,996,-752,-748,-310,192,-613,914,262,-938,738,474,740,-384,-24,-66,396,536,-942,-742,102,764,-662,-488,966,480,-336,298,-112,-915,128,246];3;3;True
[-941,-65,-775,27,-619,553,-207,-802,191,-681,-273,-953,-293,-884,929,-953,-945,801,543,795,791,-581,969,-147,-95,859,-769,-845,-834,-177,-307,7,195,-102];30;32;False
[433,716,-393,326,74,-975,-928,-355,454,-273,-134,52,-336,208,-348,-721,-528];6;6;True
[-894,906,-557,73,-119,994,72,-455,135,885,-735,77,-225,-553,275,381,837,835,-371,890];15;15;True
[-483,575,969,667,815,-117];6;6;True
[8,-912,656,198,650,-308,482,612];0;0;True
[-294,642,856,154,492,896,-346,878,896,418,996,-446,-138,422,242,-834,562,-352];0;0;True
[168,70,442,-972,340,252,626,92,-912,970,-929,-126,540,-54,-551,299,276,612,-168,-922,-852,-30,-28,-7,-60,169,-724,980,496,-241,72,220,-628,578,-180,-544,-268,48,-643,339,-65,63];10;9;False
[949,-1000,393,729,-901,672,-122,304,657,-791,-645,143,82,-311,897,805];11;13;False
[-466,-813];1;1;True
[820,-904,-138,469,-411,-266,-770,-812,258,-142,298,-999,745,-356,492,-791,-996,867,31,-788,-304,-34,-122,218,311,326,470,-687,367,496,-936,406,-596,647,-672,434,-544,-856,-330];11;11;True
[595,-325,-653,897,569,-5,307,-651,877,849,283,-285,647,697,-969,801,881,715,913,577,-927,83,-517,-877,-249,-67,-197,11,897,-49,411,845,145,-421,479];35;35;True
[577,415,223,-907,-943,-659,535,-439,491,-157,579,399,-91,-25,109,405,279,-819,-465,-307,507,-763,-833,-69,-19,-59,847,895,-165,921,-627];31;31;True
[350,-688,-908,-639,490,626,466,10,342,466,-710,650,-750,298,-992,-1000,-254,-346,2,-272];1;1;True
[504,842,-822,-604,372,140,384,-736,-486,654,-414,236,377,130];1;1;True
[832,-297,-566,183,-316,205,771,-890,780,248,-919,-891,-332,403,562,-345,51,141,555,-945,-553,-185,-657,-353,107,-10,298,-123,19,169,271,-706,-384,-793,-244,-451,353,227,619,533,879,823,359,995,880];31;29;False
[-96,492,-991,977,177,-790,-196,390,-310,-496,-508,936,310,552,807,428,-735,-84,-447,-152,-104];6;6;True
[-141,-851,373,-827,101,-413,-809,57,-949,689,-953,-419,-305,333,417,621,-787,-633,855,-647,251,929,-133,-73,645,-243,69,373,-257,-725,521,-243,409,-679,-929,-965,875,117,-283,881,47,895,539,-677,189,225];46;46;True
[773,-212,-573,-355,501,507,123,601,-23,-880,-108,443,-381,-251,-566,-545,605,-784,-383,-431,-81,995,329,283,-219,-261,-611,-289,861,57,-451,-201];27;27;True
[458,-765,33,243,-964,-867,38,233,-901,192,606,-696,568,-10,749,-944,-27,967,-17,784,-968,500,-313,-76,-421,356,-900,291];13;15;False
[-126,-980,-897,-772,487,-632,-547,-755,-901,216,-541,226,697,63,-616,933,-164,721,124,-140,-290,-333,398,251,409,412,194,235,-760,489,-325,609,363,330,219,-192,-455,805,-153,561];23;25;False
[791,467,223,13,-631,354,582,441,105,747,305,601,-667,-709,-998,30,393,487,253,-599,-949,-397,981,639,-825,-291,219,397,637,-641,348,-727,-164,-131,227,-371,-218,899,-135,479,887];34;34;True
[-522,991,556,-414,-985,-431,-904,770,638,-83,172,485,-596,561,811,-543,396,592,574,-264,972,-49,328,-806,193,-564,-87,-948,-148];11;10;False
[200,-238,-152,-482,26,898,-16,95,413,981,-515,830,-174,-905,-178,-807,-476,-175,611,-435,568,-57,59,-838,-294,967,-332,108,-697,-961,-525,-878,-73,571,-2,-785];18;17;False
[702,-512,796,-927,164,226,814,679];2;2;True
[-555,814,-698,49,831,-957,57,980,-63,-139,-666,-715,34];8;7;False
[-358,-322,798,-702,-138,206,450];0;0;True
[-293,800,586,-934,136,-921,-928,952,926,756,542,604,-766,-458,861,-120,-822,882,271,261,85,-628,104,602,158,-999,-80,546,190,316,122,-282,-166];7;6;False
[836,262,-18,946,358,610,-964,-754,634,-892,-275,0,170,-972,134,-466,463,-216,-844,-128,451,-384,-468,747,565,-338,163,-784,886,-400,-866];6;6;True
[653,861,306,-665,917,552,-410,-547,745,877,418,-39,-811,-20,-159,-952,630,-725,67,726,-412,56,371,-947,715,-931,208,-457,-995,431,-210,-864,632];19;18;False
[36,-264,153,-664,826,-456,-344,135,922,638,-516,158,122,-164,-342,966,-958,-345,-810,474,942,-171,413,-792,586,-587,306,-866,-688];6;6;True
[-589,560,102,228,72,436,-915,-180,583,-870,-630,117,-157,98,132,423,-495,367,-503,532,859,-500,-547,-12,-284,-974,-838,204,953,-42,-267,-65];14;13;False
[744,850,658,-216,-178,550,-388,600,454,-586,-572,-872,-486,968,416,-164,-120,-56,-6,-6];0;0;True
[765,120,447,-163,-343,-359,773,-641];7;7;True
[267,135,-804,-61,-630,555,-181];5;4;False
[681,318,-860,794,-771,-171,-168,-618,-23,685,-165,-461,-775,27,-161,-377,-435];12;11;False
[396,-970,-636,-861,-462,668,-196,-338,348,863,921,166,-18,556,-111,998,568,78,-770,226,-558,-732,628,-30,-436,-822,-924,-37,-214,-826,707,633,-222,402,-164,540,620,-812,477,615];9;8;False
[531,847,-80,-597,-623,154,-46,492,916,943,875,-107,-804,474,-250,279,-722,-611,501,-476,885,62,-537,-817];13;13;True
[864,-689,620,-65,970,-894,-953,-920,378,-515,-823,270,599,-712,985,-485,-727,-498,252,172,-567,718,462,-252,-6,236,-92,999,-492,910,942,803,-486,-364,-893,-490,-78,-168,-292,224,-360,-122,774,644,-546];13;13;True
[54,-562,-782,956,416,398,-178];0;0;True
[963,251,335,909,575,261,-817,65,492,-923];9;8;False
[320,-857,-31,-554,-948,-311,-681,299,-937,567,692,-384,157];8;8;True
[671,-102,279,604,953,-538,809,-601,-907,650,479,-940,621,-803,365,-523,-917,-803,-867,809,125,-221,-537,581,-771,931,-801,747,431,-146,218,99,-517,533,292,819,358,-347,484,67,-695,181,547];33;30;False
[-130,-657,158,149,-634,-409,261,499,-721,747,-567,726,209,152,83,850,-855,-817,-459,-379,-363,194,508,-191,-47,239,-154,486,-589,-721,79,138,325,317,-598,-517,-605,445,809,-970];27;28;False
[668,96,-762,-394,-378,-728,356,640,272];0;0;True
[-214,700,352,852,-896,394,-224,-436,-70,678,236,-50,-336,-627,-274];1;1;True
[347,241,531,377,564,834,-30,-310,66,777,971,-205,640];7;7;True
[132,-422,651,-990,606,-774,682,-490,674];1;1;True
[814,-575];1;1;True
[469,634,497,-72];2;2;True
[-769,529,133,-527,-811,-229,41,889,-319,-9,-819,307,733,377,259,651,-445,605,-351,125,-765,835,951,-467,-201,765,657,603,-817,925,-637,103,483,-723,-401,545,777,231,-883,-459,-799,479,-859,-601,-87,143,239,-533,-593,-465];50;49;False
[687,-729,-505,-393,-359,715,-675,127,805,605,513,-157,-341,777,-157,749,-743,471,661,439,127,927,-815,347,933,-125,-603,333,-689,537,-275,-31,-847,681,-197,-123,-843,-23,-419,-411,-563,-957];42;42;True
[-582,-814,-444,-510,185,-138,274,-100,-676,362,168,-56,172,682,754,672];1;1;True
[-885,326,704,666,34,-425,986,-86,-975,-261,-957,395,998,-357,-285,170,808,294,946,-270,-81,-266,-504,-888,-536,884,0,22,-401,-594,364,43,247,-521,197,52,-347,82,-306,190,159,92,-898,-834];16;15;False
[-32,-48,120,-462,902,-6,-662,-784,364,728,498,-980,496,-890,408,770,-702,-34,-578,64,966,-36,-594,706,436,204,608,-408,-744,812,846,-778,-738,656,608,-468,962,-900,610,-328,846];0;0;True
[-508,-916,-132,-2,142,618,766,-916,-734,-576,77,374,894,674,-820,-552,904,366,418,-558,-216,980,90,-272,441,118,483,-787,-234,12,302,653,-108,816,642,361,542,304,-348,-966,-222,802,48,-157,-393,892,358];8;8;True
[-288,581,263,55,-891,-325,331,-354,-829,824,-383,215,-173,-365,769,-796,-844,347,-393,317,289,261,-903,-239,-238,663,-853,787,986,-791,-339,563,927,477,199,-77,175,-471,-969,507,649,131,-329,-3,-879];38;37;False
[-964,-254,805,553,46,-200,-146,635];3;3;True
[54,-132,-874,794,-516,-908,762,422,-572,370,4,-231,-740,-566,-228,-736,835,552,46,540,888,-802,300,-54,-800,978,580];2;2;True
[892,-508,254,847,-872,789,754,908,20,65,665,381,-256,46,-728,938,-154,960,-434,940,-391,328,944,-322,-563,188,-306,-406,-926,504,900,-932,-624,397,-704,-307,-995,-536,602,85,-421,-753];13;15;False
[-157,221,247,-73,-611,289,-927,-119,881,-411,627,455,105,-551,3,597,127,-949,-983,-271,-327,241,965,453,-391,253,289,-21,95,583,-171,-311,847,865,-789,709,-855,-487,577,-261,-281,-67,-155,603,657,-363,-835];47;47;True
[-806,634,-262,-862,666,-782,962,-212,-304,-534,-806,-392,290,-824,386,682,-724,-988,364,-208,452,-500,652,-84,666,600,-300,-740,-842,-702];0;0;True
[209,227,742,80,-126,-998,-834,-49,645,-872,-721,576,218,842,-552,286,921,377,-600,431,-223,536,619,-692];10;9;False
[962,-18,176,921,246,542,-98,-370];1;1;True
[507,-330,-125,-297,-786,-946,-942,-639,268,29,340,-223,-59,-317,721,-329,-990,-591,-6,787,-754,-127,-97,-556,-610,-588,867,155,446,-23,-31];18;18;True
[974,-674,-4,460,736,-824,-792,246,492,394,-910,810,-88,-852,-532,106,-436,430,-988,-548,908,-496];0;0;True
[811,959,529,741,599,165,918,-781,-284,-375,332,551,175,-580,45];11;11;True
[-979,-239,-375,31,-167,-651,-769,539,-309,-879,301,955,229,563,-959,-785,-683,-359,-873,917,-513,-529,-405,605,439,967];26;26;True
[68,454,790,840,304,80,-546,829,-261,222,-598,-10,165,410,202,-986,-532,-522,-292,924,-316,676,-832,173,-862,-102,-874,976,-100,524,-673];5;5;True
[-327,166,29,-361,467,639,-219,867,-481,-991];9;9;True
[-688,-567,-508,-128,248,-380,-826,560,580];1;1;True
[-803,-357,-100,902,534,522,680,-983,307,442,380,888,-300,-18,-922,-684,-652];4;4;True
[806,-326,-474,-440,-832,-62,266,202,194,-702,432,840,744,764,-126,230];0;0;True
[-613,-861,428,-738,839,862,-489,-595,382,-624,804,912,45,-856,-8,-304,974,790,-776,420,42,395,-516,-589,-122,4,-921,-295,-844,-516,854,-276,65,-797,-498];12;11;False
[-445,30,-5,979,-409,513,141,502,924,-189,-298,326,-122,-279,35,585,476,-693,775,464,-739,-958,-972,862,547,-660,228,-288,-984,110,-552,-377,-512,548,989,-669,52,-168,91];18;19;False
[496,316,508,50,840,-117,-53,-482,-759,-240,778,-596,970,621,888,-324,-118,85,46,-856,-862,903,338,132,-570,-315,-747,-851,-43,-747,139,786,-453,940,-991,-734,64,-432,538,372,-25,-223,-568];16;15;False
[730,-459,-727,119,-649,-429,-17,-707,181];8;8;True
[-586,-952,634,-180,974,988,-116,-184,-586,-30,712,-558,-212,522,-450,-682,-730,104,-298,-760,486,768,-272,-172,62,-716,-50,950,42,664,-110,640,-234,-688,462,-50,926,494,-310,994,-580,56,-218,832,190,936,-376,-162];0;0;True
[-318,-568,140,924,904,-62,-970,483,698,444,79,-838,-496,-312,412,950,119,104,190];3;3;True
[-130,-130,846,786,-318,-948,-610,764,696,-90,-134,-688,568,-896,256,6,-758,522,0,-754,-354,-970,-194,816,-694,732,-794,-514,98,256,130,-440,476,558,890,604,-968,-68,986,752,324,406,-852];0;0;True
[-138,-522,-74,36,56,-704];0;0;True
[-775,-642,-317,919,219,-13,-219,473,-506,-3,-179,530,-493,943,359];12;12;True
[826,-185,-870,-824,-161,-189,740,84,-560,-123,694,315,-830,-863,-814,-3,-588,-402,-470,544,815,-842,-297,779,848,664,-155,-918,462,449,-318];12;12;True
[346,-490,-442,-432,-942,94,770,-942,834,-404,636,-702,176,-908,-656,-514,-360,-204,664,608,-794,-164,-454,488,-518,392,266,122,-590,128,-826,820,998,86,-998,-94,-252,-746,900,854,-492,378,-560,86,-160,-366,-498,348,-78,-36];0;0;True
[734,-817,-756,984,-352,448,-264,147,-836,-174,478,-908,950,764,-494,-633,-108,438,-120,678,138,454,918,802,-836,730,108,-534,-4,-361,-596,251];5;5;True
[-178,546,346,776,412,86,-628,326,306,-340,142,-526,-610,818,-550,354,224,-466,-740,-438,168,540,-644,452,218,-450,-858,-664,-804,-374,76,872,-98,-270,448,410,560,-734,-84];0;0;True
[-192,137,851,-819,-95,9,137,43,-247,423,831,-173,-523,-525,-959,531,675,-783,-803,-623,-63,603,413,-545,-23,937,197,-493,-983,-899,-293,-667,99,-36,-91,-247,-617,-51,-297,-353,319,273];40;38;False
[830,155,302,-698,268,-86,-597,-237,-596,556,243,223,793,253,355,236,706,-405,451,-26,-819,-332,440,10,667,-395,-202,557,381];15;16;False
[-983,-519,62,258,-342,-593,238,276,294,-392,837,-831,-684,590,684,824,265,-501,698,-352,-98,772,940,728,-402,-238,-776,369,8,-70,-211,759,-468,899,-222,914,984,-970,-123,284,814,-19];13;13;True
[-29,727,-651,431,969,909,421,821,327,137,659,-279,681,439,-861,13,101,-839,147,705,635,115,-937,483,575,-289,277,855,501,-861,707,-893,-37];33;32;False
[123,-477,-355,-431,413,-723,-640,-351,-515,-581,-764,714,651,-623,-672,41,77,-448,-457,321,-322,-993,225];17;16;False
[-200,-260,-104,301,-195,948,-730,-221,-858,374,-662,514,261,978];4;4;True
[-511,747,-473,-69,-411,239,-416,744,-936,824,-516,-619,-928,-985,-22,719,181,-155,62,-801,-327,-37,972,-569,-277,-115,750,483,899,770,-488,962,-610,-379,-737,190];21;20;False
[-636,485,157,-621,964,735,-298,-535,863,717,-102,-211,395,-367,713,-10,-885,-255,-1,-313,4,-883,500,79,-321,-259];19;19;True
[890,-610,-110,-530,-734,-166,522,240,-300];0;0;True
[25,-444,-739,412,-697,343,-925,851,-294,868,386,-335];7;7;True
[-248,-511,-874,-533,-771,-343,347,-99,537,-913,-889,801,-220,-240,-217,-437,73,-631,897,-586,-629,899];17;16;False
[-339,-838,-810,-641,-27,-781,725,821,348,230,-941,-20,473,98,998,-147,478,709,-435,-797,-512,-626,13,172,608,521,364,63];15;14;False
[-712,322,-6,11,586,-16,150,-652,624,946,237,-944,20,899,-204,-712,-294,270,726,-213,-652,744,-59,-192,790,-695,22];6;6;True
[-363,442,839,645,-753];4;3;False
[962,510,-634,-308,400,-642,-22,412,-90,488,622];0;0;True
[994,-88,130,850,-586,-483,363,817,136,120,912,-264,-620,-616,-568,-564,992,-218,450,-70,-312,-892,-476,392,355,802,412,438,-22,-96,396,-410,870,-598,904,200,-998,338,148,-809,-154,617,-860,-998,554,-769,716];7;6;False
[-522,547,-385,-338,10,-963,-518,590,904,206,-653,668,917,378,953,556,885,854,276,-605,-804,-197,-282,304,608,-196,-161,247,-39,756,684,956,-908,-569,-138,-284,-58,-22,-737,695,-435,-714,-621,-250,725,504,972,-190,-424,-326];18;17;False
[-751,733,-267,-236,636,-51,577,-773,273,-386,561,-333,445,-35];11;11;True
[-227,-819,-110,997,681,396,19,-526,203,694,366,-60,-401,-604,-575,-975,-988,616,60,-590,-876,-598];9;9;True
[490,-546,-584,286,360,376,926,310,502,-738,648,494,-436,434,-86,50,-442,224,188,-526,-694,-650,658,-588,-952,176,-870,838,-480,-970,-702,642,-74];0;0;True
[-856,402,-235,660,-518,-412,-642,440,-21,-896,-536,-232,983,-853,864,312,-177,168,-250,-610,700,94,-760,-335,-604,461,282,926,278,224,-568,935,-464,634,-602,957,-283,860,434,-12,-969,712,538,-702,910,-612,96,568];11;10;False
[-946,54,-868,-874,-528,-670,376,962,-598,114,-388,276,470,932,166,718,734,650,-764,974,794,-332,896,310,-22,-400,528,815,556,60];1;1;True
[3,-30,333,727,-777,-346,793,-376,98,-109,261,-7,325,-211,325,-97,-138,812,195,-59,-926,-255,381,-435,253];18;17;False
[614,466,185,-166,354,367,360,-897,643,760,159,602,591,422,-711,-725,-504,609,238,-813,700,-451,-554,-368];11;11;True
[-367,-559,-923,683,-743,731,-31,-405,725,-638,523,-579,-403,-401,-603,-447,683,331,-739,-741,-349,113,965,359,-823];24;22;False
[599,967,971,559,-523,327,-749,-663,-345,-25];10;10;True
[-595,735,-929,75,675,-617,861,-969,23,-247,-21,213,133,-492,-905,509,-881,625,-291,-165,-701,-235];21;21;True
[-303,-993,-301,499,-305,-131,-673,739,-101,-587,-521,-887,813,-909,-249,319,843,123,-673,893,763,-829,243,-747,159,-831,849,943,110];28;29;False
[-744,-452,-676,110,-670,-148,636,168,-432,814,-562,566,144,-368,22];0;0;True
[869,-967,251,-355,-23,829,217,-405,-245,421,869,608,685,287,-627,535,523,-224,416,891,369,824,237,-413];20;21;False
[-874,981,-215,-864,200,-301,684,-261,-232,139,-487,507,615,-348,418];8;8;True
[397,787,531,456,356,-919,125,695,-333,768,117,-319,19,120,-726,-827,-30,-556,795,233,119,571,-279,629,-439,563,665,661,587];22;22;True
[-496,445,624,-910,-648,-640,26,-967,-322,364,420,-994,20,840,-556,542,351,904,353];4;4;True
[-42,-137,-563,-52,68,-263,954,170,748,374,906,480,-349,-314,-876,-184,652,648,-82,910];4;4;True
[502,802,418,-176,520,10,-238,-220,277,-753,-971,266,521,218,529,582,200,656,-964,-756,690,87,-249,343,768,-793,794,-730,-829,-176];10;10;True
[718,35,542,-944,-551,-962,-900,-394,461,-768,385,212,823,-508,486,-206,-899,294,992,132,260,-383,-630,-776,-222,734,-232,-222,-464,-876,-128,966,314,666,979,921,712,-34,768,-597,-678,557,192,-740,-350];11;11;True
[-940,-992,458,622,998,36,-140,-138,862,136,-198,-84,-234,-488,-844,-574,-792,-902,-12,-526];0;0;True
[-126,798,858,166,906,-295,842,-100,396,-1000];1;1;True
[-348,-482,972,-818,412,-246,-424,130,-202,936,-488,976,-230,-500,546,-312,110,762,14,40,-416,165,-412];1;1;True
[-652,-182,44,624,-456,158,382,472,950,208,-38,-850,600,-108,-418,-36,-224,102,444,116,510,988,332,-888,-104,-14,-682,704,98,-212,-538,-30,-238,600,360,-752,-626];0;0;True
[-668,-735,525,-98,544,659,-922,-821,982,-999,-196,270,-640,-623,-826,329,-734,-99,-132,-629,-701,-285,74,256,-645,-459,345,928,95,960,-568,305,869,-148,548,34];17;19;False
[-356,-87,470,-486,698,-444,184,930,-206,532];1;1;True
[115,-669,177,174,673,-230,-102,-229,405,483,735,-751,913,-883,517,-759,960,-127,687,205,-897,105,495,417,851,-611,-657,69,-217,393,-767,155,591,28,823,-615,-833,307,941,163,939];36;34;False
[111,964,484,-952,-739,629,-822,369,-592,-391,25,-581,277,-958,47,-563,594,-135,-389,337,885,565];15;14;False
[-621,-643,-461,766,-967,949,-157,521,-775,-811,-325,-993];11;12;False
[-885,-983,55,-707,441,-798,150,842];5;5;True
[-712,-254,-352,858,20,826,-426,672,276,-282,-660,-192,972,-498,810,398,-682,626,398,-218,762,614,-854,210,244,-860,-520,394,-550,-594,414,282,-222,306,764,-738,-430,382,-114,184,106,-556,-884,354,624];0;0;True
[811,-702,-133,468];2;2;True
[-575,980,950,848,-968,900,449,106,-56,240,-666,941,8,-36,266,-966,830,351,-244,172,-298,497,930,708,949];6;5;False
[-971,-213,874,983,513,731,183,917,-629,611,-636,856,459,-181,-288,-157,-857,-899,-995,57,709,-215,-950,-573,151,729,-507];22;21;False
[-548,732,60,-401,-455,-212,655,865,74,-712,-49,-19,-247,136,-549,-963,-114,-299,182,-405];11;11;True
[-111,1,-279,-551,877,823,-307,-711,-761,407,-789];11;11;True
[631,571,-165,21,396,-691,-65,-985,-219,491,-799];10;9;False
[-846,320,-30,564,-924,546,820,762,-435,-896,28,-426,-150,-882,184,111,936,-896,295,-906,-374];3;3;True
[64,-466,-450,-16,-162,610,866,226,-724,-370,444,-610,-514,686,-516,0,404,692,944,-396,934,-924,-528,960,-786,680,558,-72,782];0;0;True
[-963,72,-42,-591,-822,-426,394,718,51,-326,770,698,-546,-690,556];3;3;True
[-757,-689,-507,871,820,553,-270,-113,220,883,442,-497,79,549,-992,-973,339,-329,103,-101,661,-496,-599,69,941,861,-881,816,-699,791,-786,-847,-960,-415,-824,-973,11,-671,-83];29;29;True
[12,-179,-64,-190,-644,-345,341,659,-286,663,329,189,212,224,-604,92,-879,-633,-302,-900,-995,94,-414,134,371,-284];11;11;True
[-624,-966,362,916,801];1;1;True
[-745,407,249,947,934,851,657,-229,195,91,241,-121,-919,-203,884,-941,-455,-695,957,391,-261,589,-29,-85,529,589,-683,-407,918,491,265,883,381,824,-854,729,-411,-461,-671,-365,621,55,827,-187,-45];40;36;False
[223,695,-83,-435,-515,506,-672,-123,-115,-124,970,-436,-221,584,-351,25,606,641,-947,622,983,252,757,-818,-256,973,-18,-888,-109];16;15;False
[-26,365,747,693,437,-25,-803,818,648,-583,-937,487,313,229,704];11;10;False
[853,-779,191,591,981,781,407,469,-559,963,865];11;11;True
[-414,286,-920,-429,72,-775,-447,821,157,-706,-668,-4,-2,731,-319,655,679,-444,-253];10;10;True
[203,-37,852,589,71,-297,201,-720,230,-883,-943,-16,379,933,243,865,-659,165,375,701,380,-971,548,789,-429];19;20;False
[734,-734,-40,592,-992,-268,-224,250,982,-499,-398,-100,-336,322,383,-718,558,-428];2;2;True
[-97,-733,603,-605,-645,-691,-965,-315,-855,-838,981,135,-325,637,627,-449,-511,-525,-773,297,-369,-607,-739,-275,503,775,-941,231,-281,-495,-461,381,-279,443,-597];34;33;False
[-648,-714,745,-250,-604,124,638,593,-764,-36,-416,-638,-326,-602,-143,-560];3;3;True
[435,186,447,-59,-983,953];5;4;False
[674,-478,678,270,-534,744,-654,358];0;0;True
[816,560,-920,-4,986,56,-176,2,590,478,29,268,-348,-871,658,532,852,122,-452,-117,-557,104,-406,-865,-19,52,-912,471,-276,-804,-258,-526,-241,458,-860,-94,661,226,-878,679,-6,609,-970,-519,863,-149,616];14;14;True
[-669,906,-174,179,-191,-488,-832,766,791,-924,444,995,543,-884,678,-629,620,-866,-18,525,851,-344,259,731,-243,-59,127,-651,-327,-517,638,-437,24,-542,-683,-406,523,-612,-630,534,-865,188];21;22;False
[648,-882,-284,76];0;0;True
[-967,529,-729,-454,568,609,-585,625,-743,825,541,761,-919,641,-585,-251,-235,-93,357,391,536,-709,-279,795,727,106,539,-543,76,113,-431,192,-920,209,-190,-653,263,243,795,607,255,223,693,-911];36;38;False
[-836,485,122,-322,636,-719,747,974,-488,-999,367,-532,-207,-25,-721,272,-372,-844,-905,998,402,-772,3,-858,142,-216,-456,86,998,937,647,-802,570,-475,-41,446,-440,-158,690,553,-830,536,137];16;15;False
[-21,603,413,-277,517,-967,-461,89,-737,413,707,-197,127,129,-357,679,-539,-447,-645,-531,-521,-679,-223,-253];24;24;True
[99,-407,705,-7,927,-637,189,343,679,139,-533,-159,-809,569,372,-359,152,465,710,809,979,993,-755,45,-793,-680,117,-313,-33,771,-887,703,-563,-557,-223,260];31;32;False
[-702,248,-868,122,139,167,-104,388,256,-26,-270,-230,243,196,406,-936,962,842,-558,570,-286,200,306,246,256,888,-332,524,-120,906,57,902,-182,868,-876,-54,-492,496,-276,162,-486,16,-142,-266,-112,-46];4;4;True
[-641,-199,584,-421,743];4;4;True
[-434,48,862,-320,242,-344,-604,-792,34,-352,895,-606,-46,978,240,-507,-756,-154,174,478,28,-136,306,-896,154,466,509,-546,180,738,-90];3;3;True
[-260,-62,-14,-224,156,-960,-505,684,-228,425,-217,-81,-58,883,-123,477,875,-608,454,-793,-478,84,170,-967,455,428,164,946,382,896,502,556,1000,-886,-988,-790];11;10;False
[-340,982,-708,382,382,688,-112,310,702,-248,764,-802,-572,-640,150,442,282,986,742,-306,-738,28,112,160,-862,-434,458];0;0;True
[719,625,-144,-751,-869,653,-447,-725,-83,-163,-933,-656,75,-97,-888,635,-767,-559,-402,394,-313];16;17;False
[524,-726,-68,574,990,4,-474,-710,-760,342,-636];0;0;True
[-486,337,463,526,132,175,-510,81,-625,-599,403,112,-605,400,3,-848,577,566,478,-279,-614,-575,994,-167];13;14;False
[79,313,591];3;3;True
[165,-837,-68,-907,370,395,-486,213,-427,762,331,-189,800,226,976,780,134,-183,961,4,805,400,601,673,433,529,-774,-184,-461,-906,-223,-269,-142,173,299,790];20;22;False
[-521,-798,156,104,666,46,776,-542,-824,737,-208,-861,-34,955,-119,6,-319,-75,810,-641,177,-763,33,990,539,-396,-306,730,290,177,186,650,-861,709,-793,-98,-741,-484,296,-548,107,-826,351,670,-812];19;18;False
[361,875,-878,893,31,678,-931,125,573,679,577,819,-843,946,-887,-187];13;13;True
[9,-177,994,-715,-52,-173,914,700,862,939,-804,-18,804,91,-850,-568,-358,204,-128,22,800,-636];6;6;True
[-881,527,509,239,-703,-399,-321,-29,-399,310,893,-331,-158,-271,279,480,942,-138,855,-151,388,-573,-864,808,65,796,985,-931,-908,263,787,459,-733,651,869,721,-830,771,-882,-605,-553,175,-837,-575,-932,454,825];33;31;False
[558,258,-80,-31,29,-336,-148,902,223,159,621,520,-195,-250,735,337,-647,-33,394,397,796,-740,-204];11;13;False
[-209,-819,-697,-937,-28,-947,599,-347,843,-906,-637,95,-861,983,-171,408,-443,-995,-181,-167,598,39,639,-327,-100,-15,-705,-919,685,-237,-187];26;26;True
[155,247,943,251,-265,-963,431,299,-77,-541,-747,715,539,-895,979,-897];16;16;True
[479,-790,-345,418,-985,340,307,-295,441,173,466,26,-259,763,865,-624,-266,-870,-705,-731,-942,-836,580,770,-424,-213,595,648,363,-145,988,-542,513,-742,-4,-821,-154,219,304,227,344,444,-91,-456,-689,-892,675,-581,-665];25;25;True
[-895,512,657,-707,335,741,40,-731,613,-9,985,711,863,-189,27,771,308,-907,397,449,397,-967,-13,168,795,-931,-393,-855,17,-954,173,-467,-763,181,761,-933,1000,-523,67,-999,-957,589,823];37;37;True
[762,222,-41,-330,857,-689,690,-422,124,-182,674,870,-888,-368,-110,-280,719,-858,392,-345,-710,-812,126,591,96,940,-403,568,-364,384,930,260,434,-176,-252,-8,-534,-464,-546,700,318,-404,38,-496,858,974];7;7;True
[799,-55,851,961,-463,-523,829,-49,315,815,-664,-177,-263,-857,-751,920,-693,-475,521,545,1,-247];20;21;False
[-367,394,866,-284,528,-998,468,360,-202,648,-44,425,-630,-584,734,417,-632,-404,440,972,-380,292,-538,-139,-332,-552,706,-894,418,-164,588,-66,256,237,-674,-970,860,-650,592,-251,-214,-778,446,-514,-689,457,-744];8;7;False
[-757,-345,546,59,348,579,-313,-289,811,-155,389,989,63,-699,-371,472,261,-993,-34,-47,-787,77,-353,-21,-685,-361,-325];23;25;False
[-450,837,-244,604,-664,-968,517,-847,729,-763,485,-553,589,-779,545,-44,346,-529,149,-28,202,-746,898,-33,-15,-869,-196,978,-332,873,121,-658,688,548,-443,-684];18;17;False
[359,-193,637,-641,363,-693,653,317,489,-385,-209,817,243,-783,323,-811,947,-971,321,167,231,19,-617,-81,-19,235,-371,-415,-455,65,893,721,-23,273,355,595,977,-931,-689,-883,-473,-823];42;42;True
[398,-652,679,-970,108,-350,806,612,-876,930,-822,224,-620,-94,-470,698,-14,160,-312,-650,248,-682,182,454,844,-138,510,-820,792,226];1;1;True
[-17,-519,673,285,-753,175,-105,-907,-131,829,665,359,403,-205,549,289,673,-305,-724,-963,271,-849,125,355,411,5];25;24;False
[-99,693,-403,105,999,363,-661,-589,609,-883,489,607,73,663,-965,847,171,985,-17,513];20;20;True
[794,-288,-384,956,-836,-392,-414,160,-210,128,-226,630,88,10,-310,-286,690,-144,-224,700,196,544,116,-180,808,24,-664,-696,456,644,176,920,-126,920,-702,-753,-800,392,-12,-956];1;1;True
[-758,-910,142,472,176,-32,92,944,70,-394,-614,-584,466];0;0;True
[42,-238,-141,-39,-407,814,-65,-780,-269,924,49,-993,-601,-511,535,837,557,20,-589,731,344,768,227,71,853,683,929,-479,422,975,-401,963,-735,319,-175,538,-881];27;28;False
[572,-16,984,-790,-42,530,800,-400,-532,310,152,-116,-56,872,760,72,814];0;0;True
[633,312,329,143,26,-661,-91,-460,-862,-776,912,132,457,-576,922,-508,-145,439,-340,898,727,-309,760,-674,-587,549,-864,474,-540,402,689];13;13;True
[-203,-359,-183,-765,-727];5;5;True
[-113,-745,911,199,181,201,453,251,-837,-975,631,-369,111,-763,-231,-585,-477,-585,-783,441,-201,33,847,-681,597,963,387,973,-895,171,-55,99,767,-621,-491,-615,-663,257];38;36;False
[-875,847,-95,505,355,59,-461,391,-19,-99,-763,783,129,907,-625,207,-499,747,-937,-733,-487,-509,-493,845,149,31,227,-31,611,-549,-477,-825];32;32;True
[512,-716,-76,-212,-906,638,-147,-305,355,-698,-352,607,44,266,352,163,381,996,-444,38,716,535,891,722,-917,670,-634,-892,-878,34,-502,760,-612,-566,940,112,774,-610,714];9;9;True
[-263,780,434,494,282,-444,58,-770,-590,284,451,-92,-410,92,175,-680,-40,-86];3;3;True
[754,-240,-422,-290,-942,-710,-26,610,876,-808,366,-244,-866,470,-324,-322,242,-974,-630,878,198,918,-656,-56,-806,-364,984,-566,832,204,146,-266,685,-590,634,-962,-806,-808,-282,376,200,640,-642];1;1;True
[165,-932,329,707,-439,649,-977,779,15,927,909,-236,855,-807,-137,-767,227,893,-317,-143,555,-63,-283,113,907,709,765,967,-708,205,-911,-235,-975,-963,636,408,-771,-535];33;34;False
[-656,-754,-636,528];0;0;True
[-934];0;0;True
[-934];0;0;True
[-934];0;0;True
[-934];0;0;True
[-934];0;0;True
[-934];0;0;True
[-934];0;0;True
[-934];0;0;True
[-934];0;0;True
[-934];0;0;True
[-705,603,321,471,727,97,639];7;7;True
[-689,712,-629,123,-667,443,-881,869,368,203,793,-949,-471,875,-378,235,-429,319,69,-789,-270,745,210,309,505,455,323,-651,-729,-373,-985,575,-459,731,698];29;27;False
[589,800,-656,-323,419,-941,-162,367,-755,22];6;5;False
[510,-544,-856,6,-46,-302,506,-310,-868,72,-288,250,-656,534,426];0;0;True
[-84,-886,844,508,724,-890,590,1000,534,-378,746,548,834,408,444,56,960,302,-992,-924,482,316,568,760,4,654,-52];0;0;True
[-86,144,441,-916,-241,-867,-680,716,-485,367,323,70,151,-146,155,-507];9;11;False
[-110,272,-760,-880,-984,164,870,522,392,98];0;0;True
[-128,-118,978,898,952,-338,852,976,630,-632,826,-302,34,806,-80,712,458,-678,-988,-788,712,-220,62,-830,-88,-618,320,670,906,-860,-719,106,570,-516,-940,360,896,248,198];1;1;True
[-616,-954,-754,376,-742,964,850,-828,400,806,126,498,174,170,-968,148,858,-860,942,-20,-628,-752,476,-394,-644,-804,-528,100,386,370,80,340,-134,404,804,42,686,562,650,2,672,72,242,446,550,914,-326,28];0;0;True
[934,708,-508,543,-626,422,-146,-722,148,-408,854,416,-738,-928,-74,-404,611,552,726,-597,863,656,-400,-108,21,257,184,-11,-526,34,-848,-432];7;7;True
[-267,311,-309,-429,293,751,185,65,-451];9;9;True
[415,-760,145,942,-863,-213,-726,812,-157,937,-495,-257,237,-802,982,-755,113,623,-751,-733,903,-778,463,-973];17;19;False
[237,-659,-500,-385,-39,167,403,526,-827,373,-365,309,935,-351,631,-936,-917,247,-473,-147,550,458,203,-978,695,-43,-178,-82,-975,427,584,-325,103,-629,-651,805,-594,48,695,645,210,-184,-399,-284,275];31;32;False
[-787,-977,307,-211,881,-890,-907,365,-320,881,-991,-939,297,581,337,294,669,-315,-1,-243,-681,117,-725,669,-226,67,885,769,355,687,-963,375,303,921,-999];31;33;False
[519,475,-152,393,-462,-277,-226,205,-66,-56,-420,8,-902,779,764,-924,626,442,690,-845,-418,-988,728,-393,-611,334,-260,969,-852,760,666,2,-979,-604,-618,-748,-158,524,706,260,-140,506,-103];12;14;False
[-62,343,-263,803,-129,727,-451,653,241,-799,-861,629,-987,-777,-295,851,559,-845,-157,895,225];20;20;True
[42,618,176,532,-803,-340,653,-887,945,997,692,-762,618,548,586,115,-56];6;6;True
[-876,-522,494,846,-874,894,-62,44,-672,-786,444,590,-742,-812,788,-362,592,270,-558,-206,-514];0;0;True
[-703,-555,-24,939,-173,667,361,-97,-108,-778,31,160,-578,-257,-631,-503,40,-295,-950,399,472,340,406,-383,-616,-450,777,-113,-490,785,-615,255,497,-556,904,-798,-580,546,574,422,52,612,-785,367,466,501,-212,392];23;23;True
[652,-80,170,974,668,-56,262,928,-774,250,-664,474,352,716,-185,-257,-544,114,432,32,812,-894,488,-776,720,770,704,-136,382,471,188,842,172,796,830,-712,-396,-188];3;3;True
[-253,-975,-947,-339,67,-663,-543];7;7;True
[-150,361,-572,542,224,147,201,-489,-18,989,3,-936,-885,-109,-523,-207,611,-977,38,0,509,506,231,-692,231,736,-111,-411,-506,-213,781,-832];19;18;False
[-501,-263,-923,357,105,962,413,-107,369,-686,-881,-746,718,-63,184,985,-9,347,-527,-693,379,959,-509,-519,941];20;22;False
[264,628,-480,-531,792,966,-704,-626,-528,886,-308,-890,556,-469,982,-804];2;2;True
[974,-253,-718,891,-570,314,904,-325,-177];4;4;True
[891,539,593,175,697,291,-692,617,943,463,875,451,-657,625,-40,-607,867,-367,-549,-321,-858];18;19;False
[-509,-193,161,-577,699,-663,341,-135,863,785,-421,989,-49,435,7,-821,657,763,175,537,-459,-107,701,-249,5,-571,-201,-873,95,-423,-409,-997,325,-369,-715,443,613];37;37;True
[105,-607,959,-809,689,147,637,173,275,-277,553];11;11;True
[465,-809,-563,-251,-733,863,-619,-633,-867,889,-465,-437,-37,-111,485,-643,951,-369,173,209,-51,-977,421,-789,-377];25;25;True
[265,-517,821,851,-638,429,-937,475,647,563,437,-286,176,-511,-927,-460,-683,-786,-433,-770,-312,167,-969,-410,977,322,590,556,264,328,723,748,-452,-735,-617,-803,-967,612,358,651,517];24;26;False
[562,-788,824,566,-920,-986,-847,-304,638,-70,-920,922,882,-130,620,808,-438,444,388,672];1;1;True
[-153,473,-107,485,513,703,-340,-437,-19,423,-925,505,-993,-889,757,435,987,-97,411,-251,693,-655,-55,27,829,-913];25;22;False
[338,-701,427,823,-692,-780,593,525,849,-822,-488,114,112,-142,950,214,-132,254,60,-332,-473,-748,-954,-200,990,844,176,-970,-912,860,-747,-412,-808,-374,904,-464,-337,-410,944,442,323,604,-906,-750,-440,-601,244,-516,314,995];12;14;False
[-523,610,-151,-532,411,-522,-122,-364,-448,308,-598,672,-508,-267,430,-2,722,-666,660,-703,718,-492,-764,-683,-931,-878,-790,29,-386,-585,554,-780,-193,-139];11;10;False
[-528,446,-234,-116,-518,-794,-764,-188,-614,-568,992,46,-720,740,-354,-684,590,-848,-524,588,-108,-588,-994,-342,-308,436,324,-496,-886,-294,-512,-378,138,146,-72,-170,486,34,74,-752,90,918,596,360,-40,-512,-332,226,-92];0;0;True
[-527,385,559,829,345,-167,-259,-483];8;8;True
[250,782,824,432];0;0;True
[-783,-133,65,-709,-621,-869,-541,-667,783,-921,468,-530,69,-549,-773,121,-431,-103,-37,879,797,397,11,-43,-145,269,-53,-733,45,891,329,-793,709,-315,925,-719,-353,-576,237,-999,-791,159,821,305];41;40;False
[-856,-418,-991,-885,113,-244,-242,-321,-724];4;3;False
[384,754,-490,178,-50,402,326,534,-28,738,788,838,380,692,-470,100,184,224,-356,-852,-416];0;0;True
[-208,120,-808,608,94,-544,408,-797,-384,-968,65,764,34,-440,-30,899,-292,311,-121];5;5;True
[882,-416,-382,-624,-60,-550,840,-260,456];0;0;True
[594,-851,-183,951,-147,-593,-451];6;6;True
[998,-318,766,-726];0;0;True
[620,356,-786,518,98,990,628,-110,-732,204,-992,488,-990];0;0;True
[959,-891,-633,779,781,707,747,-753,-989,-203,437];11;11;True
[409,491,-111,491,137,611,147,-327];8;8;True
[-520,-992,550,-780,-372,66,-840,294,-622,458,-572,152,738,514,500,-192,-280];0;0;True
[360,-428,268,238,-904,-245,-838,724,-630,214,-294,-209,-310,794,982,190,674,987,-826,680,-818,-316,234,-890];3;3;True
[-302,1000,-414,408,-114,-512,-206,-372,432,-772,-568,142,-940];0;0;True
[-781,807,-637,447,99,239,-199,-347,497,-545,877,-417,435,-887,-897,409,213,-447,-943,945,-919,619];22;22;True
[-347,-972,-330,-371,-643,-596,-320,181,-931];5;5;True
[-62,561,422,-40,240,-334,717,-696];2;2;True
[-564,-82,-636,-12,-629,236,-918,-742,-787,423,166,839,974,814,236,-192,176,-340,874,-249,323,176,771,-80];7;9;False
[-859,-635,-130,363,-197,140,656,217,-684,-651,355];7;7;True
[530,808,936,-690,-22,-338,-638,-122,904,-578,-712,-752];0;0;True
[-751,-345,-319,-3,-967,-543,679,491,-873,-477,-571,487,967,455,387,-69,-733,101,-571,-763,-639,-969,-769,849,673,-623,721,-865,-887,325,601,-113,457,739,-865,-309,71,-207,-127];39;39;True
[-137,147,471,-794,69,933,653,-931,559,-781,-927,-549];11;11;True
[633,-91,-37,-17,193,930,-987,-373,-831,163,597,323,-834,-647,327,-157,375,533,-957,953,-335,-855,166,-111,532,831,851,-31,641,989,435,63,-797,58,-655,-807,575];32;29;False
[-893,245,587,305,-645,507,387,261,-957,-459,809,675,537,-331,-809,-187,-205,959,-11,963,437,-365,-273,-979,709];25;25;True
[-351,350,433,-427,916,-478,772,771,-203,683,-830,-54,-824,47];7;7;True
[-549,-462,-570,724,382,-512,-88,124,-379,-210,75,-330,135,345,-988,624,-728,558,-600,-256,-628,280,187,-896,324,-718,-968,412,456,-360,-745];7;7;True
[-572,-746,-204,502,-352,482,-26,896,516,580,-300,-34,402,-820,-242,748,-858,280,690,-1000,-854,1000,675,-351,-660];2;2;True
[-114,-583,-321,265,20,-7,-352,-741,-943,211,648];7;9;False
[133,-833,937,379,129,419,-761,-111,695,519,833,-181,358,591,297,113,789,-51,-541,-299,781,117,957,-967,-953,-653,-923,-531,-7,325,-887,865,-89,781,-533,41];35;33;False
[274,376,-259,108,362,746,430,-760,445,479,752,-268,-412,662,774,-992,853,-947];5;5;True
[-978,-485,-310,-484,304,908,-690,916,105,-683,-193,713,-36];5;5;True
[-459,685,-936,-221,701,375,607];6;6;True
[447,460,905,282,651,-757,837,-381,239,-899,493,-276,-973,445,-325,71,-483,519,817,-108,-319];17;19;False
[-653,-357,-281,823,-895,907,359,-815,-977,-251,-865,331,-231,-209,-7,-807,461];17;17;True
[-500,633,570,449,523,-156,820,-141,968,914,-912,-246,946,840,433,768,-692,95,-808,-160,141,-59,127,-989,747,310,393,-334,-551,-399,-249,-402,661,54,-470,-493,-668,-515,-778,-973,-997,73,-542,-201,-781];23;24;False
[124,-910,-756,440,-880,-544,-569,84,-770,-901];2;2;True
[-634,598,592,-76,-610,170,820,171,776,499,753,344,-66,549,854,-6,-54,-553,-418,-17,115];7;7;True
[-360,-410,481,-738,639,506,-726,369,-635,163,-13,806,653,-471,494,168,-201,539,-792,-283,-791,318,374,-476,969,-81,63,690,533,815,-336,-123,935];19;18;False
[407,925,-322,368,262,571,992];3;2;False
[906,-43,539,-208,612,599,-209,-767,534,-388,-490,-747,-776,-574,-398,-847,-653,-465,-677,-47,708,-334,-197,864,-353,124,336,-598,-89,-845,-871,398,610,-611,84,-461,920,-537,-415,-964];20;19;False
[785,249,29,229,-357,-886,831,279,-298,99,-385,818,-565,985,-959,747,295];14;15;False
[183,-833,121,-900,-305,162];4;4;True
[672,527,38,-632,-24,758,668,-124,178,584,-903,286,478,-614,-270,-251,642,829,-154,519,-980,-736,-846,91,726,-312,542,-166,10,-366,532,448,410,63,850,-214,-144,760,768,178,834,426,559,526,672,226,583,290,588,-476];9;8;False
[537,-272,218,-556,600,461,845,236,-400,-120,947,642,129,-31,-926,-94,-58,-254,805,488,306];7;7;True
[172,655,474,-277,-436,-983,-788,-872,338,-454,113,-272,956,-264,808,504,-392,569,-628,-930,-456,586,324,-912,-512,625,-412,977,-712,835];8;8;True
[0,-370,852,-456,523,-950,419,132,922,810,293,-588,-568,-720,648,471,-870,28,-846,874];4;4;True
[643,-857,-919,468,-833,639];5;5;True
[-513,-87,317,499,-1000,385,973,-363,227,498,-441,-45,-295,349,-732,-403,-74,568,-935,327,800,957,550,-106,-303,-121,665];19;19;True
[-727,-235,575,-429,869,717,-926,932,-771,-251,510,-225,-787,609,761,-19,-84,-243,-75,-277,703,211,89,883,123,-954,149,654,671,251,-787,-939,931,859,-931,-443,896,-219,-725,-269,659,0,573,-912,-509];36;34;False
[-107,-958,-669,-127,355,194,160,-395,236,-639,709,101,-429,-222,-767,951,619,-617,128,-333,919,-986,-37,-563,-964,-123,807,-754,-793];20;20;True
[113,-189,35,-649,799];5;5;True
[-105,-283,713,933,491,379,-501,747,257,-915,757,-27,15,-501];14;14;True
[-373,875,-347,-166,-517,-839,521,61,-60,561,465,934,-621,748,657,-943,692,-771,-653,431,549,-818,612,847,464,336,3,-834,-315,-589,-327,-859,28,-487,-626,247,-811,-601,604,-493,-700,-180,-677,23,-98,-905,875,-17,223,-571];34;34;True
[-294,-25,194,284,-84,964,629,956,-604,-251,441,-99,-444,-684];5;5;True
[200,-31,-40,355,-40,292,-97,19,-749,572,128,-640,638,145,-633,-766,-703,-984,630,-807,-392,-205,-66,-895,611,667,-134,-721,-292,464,944,-421,-620,26,-251,597,873];18;20;False
[337,-215,769,-775,-830,-631,357,-605,957,370,795,-531,101,-526,539,521,-281,-384,-835,-195,-312,197,415,483,-368,625];20;21;False
[-523,131,23,-459,769,797];6;6;True
[90,891,-873,-974,280,974,720,-132,-882,-24,-170,988,-950,-728,-206,374,-934,-458,-692,-624,-770,-456,-552,822,-346,-370,494,244,800,640,372,304,-668,200,-658,313,-566];3;3;True
[653,-13,476,-4,-992,998,739,-774,255,333,-166,295,-744,-557,-914,804,-791,-198];8;7;False
[698,848,-518,204,-558,-540,-292,-492,582,-586,-372,-154,270,988,958,290,-84,-60,446,-804,-924,-460,-400,-848,-654,-948,434,-522,330,200,94,858];0;0;True
[980,614,256,-230];0;0;True
[-992,-300,-162,808,-414,350,-32,-174,-914,-801,822,-70,112,18,-396,84,-182,242];1;1;True
[407,-217,-118,-696,65,747,457,229,876,-277,-523,-445,-83,791,823,255,467,183,-687,-517,-1,387,358,-905,-437,39,-31,-491,397,-137,-408,-179,-850,273,237,461,535,865,-999,917,977,-487,-925,-701,-757];39;40;False
[796,284,736,100,-223,-283,-652,-446,414,-366,592,-524,-837,388,601,-652,-186,-162,956,892,-507,-10,-912,-689,-98];6;6;True
[-500,-646,618,394,792,-974,-460,984,-640,508,282,-770,542,976];0;0;True
[-854,322,426,912,430,379,960,-986,-962,24,-492,-69,-114,-870,616,348,748,-552,543,-794,314,-455,-906,-571,-898,492,-370,-384];5;4;False
[-571,386,-535,-472,-197,-319];4;4;True
[643,524,789];2;2;True
[208,-434,262,-716,710,-478,-887,-304,282,382,-266,-997,-196,9,-818,-660,-790,-591,152,700,894,655,-465,474,-476,808,472,-982,145,-910,182,-444,-671];8;8;True
[-282,56,-284,611,782,497,617,238,998,-649,-274,-467,116,-546,-445,369,787,-923,611,314,-286,-791,-289,-820,223,-287];14;13;False
[-381,453,-177,-867,456,-212,-421,447,218,-966,497,15,-659,-359,-449,291,-54,271,365];14;16;False
[-878,-70,-248,270,-175,-794,-90,-686,-571,796,179,579,-568,-511,-944,-422,-579,148,-74,938,-952,556,-786,452,886,-595,-415,-98,406,197,821,-438,-343,238,826,804,488,854,448];11;11;True
[-960,-22,-156,584,304,376,372,86,-292,-688,-148,610,874,-778,-456,-462,-674,-52,-652,-410,366,170,-166,60,556,-70,-878];0;0;True
[864,-700,-78,-703,-530,-568,-415,-863,202,-610,-258,440,331,-431,78,-647,-723,742,410,10,144,-751,774];8;8;True
[-129,-569,353,897,939];5;5;True
[334,396,144,-892,-581,602,60,-962,978,-23,896,-886,-336,986,-706,714,425];3;3;True
[-133,313,-95,-719,575,215,397,679,-611,941,-169,-985,695,869,-721,59,-539,-261,743,801,849,-191,-911,581,487,-653,-119,147,581,-163,-491,-275,-45,-99,-407];35;35;True
[-846,-818,490,-6,510,790,-80,-346,846,-819,546,324,31,160,-876,233,-920,492,-28,-772,420,208,-998,-124,20,574,-473,190,713,-418,68,-652,-660,716,338,-848,-468];5;5;True
[831,-217,557,-481,207,-945,613,601,-313,51,-575,2,779,-639,868,-117,-317,995,317,649,401,949,-891,-48,-476,259,-963,-729,342,312,358,673,11,-285,-759,799,-752,-853];30;31;False
[-538,8,521,465,467,-516,876,577,-518,-257,-156,976,842,998,193,731,-484,-974,420,506,176,938,844,-260];7;7;True
[148,239];1;1;True
[431,873,264,-889,-541,-901,-646,6,-75,869,-156,759,-693,804,-964,499,2,-720,-91,864,-985,-273,-720,783,303,545,617,659,37,11,-447,4,-126,-883,485,318,-779,-641,719,879,-410,562,-791,-271,-263,949,-555,549,613,-331];35;36;False
[104,962,-985,-597,-20];2;2;True
[-79,-661,-609,-115,-665,-841,365,-985,-946,571,46,288,-511,312];10;10;True
[445,-511,-973,51,-99,741,-479,215,-137,-59,767,-285,-31,749,151,-863,839,149,-43,-211,-407,-1,-421,245,-271,-967,-967,879,787,-487,-571,275,375,943,879,-673,-791,297];38;38;True
[-137,-507,853,-543,-261,-679,367,-47,-451,629,-251,-593,-860,-965,-731,569,-591,801,-605,82,619,917,-249,315,-25,-955,-799,-369,-331,199,868,705,445,792,913,327,-121,227,11,970];35;34;False
[295,-7];2;2;True
[747,-875,129,-589,275,-911,-149,479,-321,209,-495,543,341,-263];14;14;True
[-405,-699,207,775,-749,75,-245,-805,-175,615,-307];11;11;True
[203,453,-733,-148,765,139,-127,205,-8,331,393,-566,622,-761];10;10;True
[-745,-417,-872,897,359,107,-317,613,-843,89,175,48,-867,667,-872,637,-379,-232,971,423,484,-705,39,273,363,-459,493];22;21;False
[-870,962,-608,-919];1;1;True
[-983,109,512,-38,194,994,253,-478,-694,-304,-621,-658,-301,406,403,-216,231,-780,523,342,-435,239,561,178,-705,232,-132,21,963,-14,195,-656,-15,-875,-419,294,257,-473,201,-739,526,913];23;24;False
[-993,113,995,-313,-171,511,741,-847,-675,841,575,289,887,849,529,555,-675,953,-801,19,-693,-508,623,994,-510,-385,615,385,-737,892,-425,-115,-634,-783,503,925,-91,-755];33;29;False
[-420,69,218,936,-785,-598,158,-859,149,526];4;4;True
[478,-351,601,944,837,-697,753,-936,-463,-307,997,9,-774,-89,-786,-343,505,889,480];13;12;False
[220,334,656,691,610,-738,-72,314,119,912,-568,652,956,-475,-16,686,611,-143,-415,657,-96,294,-922,928,855,-645,329,596,506,976,-749,-971,-406,-326,-406,-1,-90,77,-748,-370,542,412,-228];14;13;False
[121,-254,-318,876,-680,-815,-243,-994,571,729,388,-842,668,851,-80,-160,917,0,521,645,-893,898,523,-412,948,-634,498,-918,932,-630,88,698,602,333,-999,258,-707,-380];14;13;False
[-454,-30,-560,702,-566,21,592,-68,912,-364,-364,49,-936,-96,150,894,136,-566,916,578,942,-578];2;2;True
[-111,144,-501,-772,-319,721,-903,-333,670,-743,12,323,327,-21,238,-703,959,-630,982,314,-99,-245,-522,430,-563,267,309,170,723,-430,-853,528,-889,-695,551,996,462,684,-340,-837,18,-936,-323,-113];25;25;True
[-809,149,-974,194,315,107,-38,693,839,-717,274,163,-385,828,-674,794,483,-493,233,-953,-884,183,193,-903,-674];16;16;True
[-338,-740,760,-872,852,-460,-252,818,580,-398,-432,844,886,-864,380,878,-42,-752,844,384,706,462,-512,16,580,-498,-262,-196,-36,-564,-448,-274,200,-302];0;0;True
[689,489,832,-722,-198,594,-716,846,-202,376,-508,940,475,763,-174,-648,538,-342,-151,550,-96,-301,-494,-200,-270,-338,-604,-299,818,862,-950,679,-748,-511,-509,-953,936,544,367];12;12;True
[-120,-482,-568,-692];0;0;True
[-80,906,-440,-58,164,-790,-758,-262,-804,568,-36,324,-810,754,646,-138,-479,300,444,-600,-746,784,234,-896,-708,-574,-285,-322,-590,-865,98,-800];3;3;True
[-472,-907,-130,-654,-656,174,-444,428,-383,-542,-54,-775];3;3;True
[816,130,-278,724,-366,-36,-174,-906,26,-210,-814,144,764,-214,-818,-340,22,316,674,-950,780,524,950,-344,-472,616,-510,748,-444,-524,280,938,-196,-826,-168,-528,444,222];0;0;True
[519,-567,-541,533,-377,39,701,889,197,-591,183,962,-11,-93,833,-735,711,-869,330,-195,-209,-411,-255,703,597,547,-917,843,-775,-596,-491,385,-851,-665,-9,155,285,-425,209,529,129,715,-811,243,39,-927,-169];44;37;False
[757,-105,-451,-349,925,-123,711,-361,669,759,-773,-179,753,-779,-199,133,-105,721,775,-877,325,137,869,988,983,117,-87,-549,-753,-763,-825];30;30;True
[722,-702,868,-750,-700,148,724,104,44,106,-660,872,-536,928,-858,252,282,-756,-178,574,-294,626,282,-230,718,200,772,128,-436,-482,-618,-412];0;0;True
[932,928,396,786,-843,-136,274,570,678,-438,-478,-122,280,-888,74,449,734,972,-342,-173,-31,-298,-803,629,788,467,690,-484,728];7;7;True
[-682,802,-54,-386,-638,70,-942,674,-916,610,-376,130,686,-174,772,-352,822];0;0;True
[-34,-994,-728,854];0;0;True
[-999,-615,113,59,111,-65,959,-917,-887,401,441,-321,107,797,-695,-359,479,773,119,-967,419,607,-783];23;23;True
[-424,576,-910,-906,-54,580,-634,-332,488,-106,774,96,-670,12,510,426,-136,606,-388,238,-278,620,-992,820,-782,-220,200,996,-498,-586,544,-184,668,676,672,210,-426,-578,690,-596,-24,-454,508,-94,-2,164,-246,850,-46,676];0;0;True
[17,969,-639,195,99,340,238,131,-891,874,-393,613,1,-946,375,53,627,565,-931,-766,-948,-213,-168,813];17;19;False
[-966,42,746,-640,658];0;0;True
[-258,-941,-35,-403,-137,793,-187,-745,773,440,-297,-185,387,169,73,269,-190,349,-193,-469,301,-137,733,985,-415,-539,-963,480,399,-717];26;26;True
[780,-776,292,562,211,148,529,311,804,-724,-988,-192,-796,406,-907,258,857,-485,-501,774,-902,590];7;7;True
[509,693,771,-53,-745,547,93,-457,319,-143,-981,-969,-211,-917,653,221,937,-961,-371,303,-743,565,-909,-7,57,-789,-779,171,-685,-585,629,-505,189,807,41,-321,493,-791,-459,-691,-889,-143];42;42;True
[567,423,109,-236,317,521,422,126,151,-389,46,730,-733];8;8;True
[558,785,450,653,439,-906,446,-449];4;4;True
[697,-43];2;2;True
[-219,-909,-773,35,-822,-195,-763,211,630,-128,-787,942,488,-985,-293,-722,545,102,-740,-727,-414];12;12;True
[-324,-279,376,718,628,-342,72,914,739,-554,174,-229,-646,-252,-94,946];3;3;True
[-842,-306,363,-208,-790,908,-999,-726,855,-129,570,863,-64,-401,-702,970,363];7;7;True
[-226,179,-553,423,-381,-895,-675,186,869,-33,666,-785,-599,-19,821,725,761,-59,-30,733,-457,849,984,485,-267,989,-337,-881,343,-529,777,656,-990,-123,941,408,-707,449,797];31;32;False
[-139,990,-421,-767,825,-109,954,-467,882,67,275,-497,-269,729,17,401,985,-990,-737,-335,958,-237,315,-681,-1000,301,515,-506,-103,-807,-468,391,-704,-441,-589,-53,448,-29,817,-863,361,87,-755];33;33;True
[-35,-607,885,-273,673,219,-153,941,-189,-149,27,87,863,381,601,537,-877,343,89,-919,-205,-635,-793];23;23;True
[151,607,-159,731,-865,-311,105,847,-317,-969,989,983,393,823,37,-385,207,-611,299,3,947,773,-981,-541];24;24;True
[-332,900,766,826,-548,-520,436,-166,-380,-962,452,680,460,484,-776,916,-418,684,836,452,-202,826,-28,696,508,538,-932,148];0;0;True
[-435,694,-53,-946,743,592,148,934,42,-413,-66,-422,780,-199,-809,128,-104,722];6;6;True
[517,-119,-39,349,-217,-343,53,-77,401,-733,655,-715,173,-509,-647,-127,115,-811,307,595,-95,691,905,-383,931,421,145,673,41,347,-23,-997,315,-45,451,837,421,-589,111,701,13,-7,923,721,-299,535,887,677];48;48;True
[467];1;1;True
[467];1;1;True
[467];1;1;True
[467];1;1;True
[467];1;1;True
[467];1;1;True
[467];1;1;True
[467];1;1;True
[467];1;1;True
[467];1;1;True
[467];1;1;True
[467];1;1;True
[467];1;1;True
[467];1;1;True
[467];1;1;True
[467];1;1;True
[966,-908,-61,861,151,13,402,372,-78,930,896,-554,695,-393,896,217,-263,-559,-405,813,-931,499,415,-151,96,-317,-593,-627,766,-94,-197,-228,139,11,494,-503];22;23;False
[-318,-163,913,-620,-206,-397,652,-146,907,278,-173,-685,-63,-929,-267,-274,863,-100,-490,100,-578,559,-908,-278,447,-896];12;12;True
[445,379,-439,-785,243,491,-581,537,651,623,-861,483,281,377,-343,249,963,83,-845,-515,627,-270,-307,-716,-525,545,-439,991,-751,-271,834,63,81,-811,313,633];33;33;True
[657,-699,-147,-792,211,-806,-276,688,522,-760,-90,-219,-768,182,422,-734,966,802,956,134,628,-324,-118,-226,-160,728,-794,-182,948,-156,994,882];5;4;False
[-167,731];2;2;True
[-276,537,696,-370,-265,679,-111,216,578,886,21,-844,493,512,253,940,-406,370,795,846,450,568,-818,539,868,-232,908,122,637,80,909,-484,-772,-388,183,876,-721,-412,-502,416,-14,-56];13;14;False
[-297,-665,-237,-605,-685,824,-132,669,-891,475,941];9;8;False
[-793,179,79,-47,-241,923,-653,-835,869,-833,-733];11;11;True
[-561,-647,-175,43,-697,921,-387,41,-303,257,-205,-391,-767,297,-745,-849,-261,-1,-437,607,275,173,-695];23;23;True
[200,-336,-820,702,554,230,576,-884,50,-904,-80,220,31];1;1;True
[-142,-532,-647,495,-624,-197,362,698,-301,-198,711,329,-453,45,109,484,59,837,-330,-829,77,-55,947,173,986,-881,-727,282,433,-106,742,951,-531,673,-950,435,-465,-385,50,273,-120,-266,652,873,440,-983];28;27;False
[-507,-841,-435,-935,781,915,711,97,-491,19,95,979,-527,-884,-208,-815,-837,-357];16;16;True
[-861,-815,875,-255,-165,-245,115,269,41,-917,-256,-551,-735,352,-126,-115,885,741,-861,864,-548,152,-430,-231,-833,-937,389,-650,-729,-80,-243,506,53,283,-28,-275,-554,583,969,687,-589,-241,444,388,284,603,-654,521];32;34;False
[345,-517,267,-689,993,541,101,-645,549,125,397,-761,-755,-601,-293,-29,439,568,747,-355,95];20;20;True
[76,-232,-943,-598,245,-68,892,764,304,828,-368,250];2;2;True
[835,678,-804,407,120,836,-827,-109,-709,244,142,-830,978,-757,-591,271,92,-365,-324,-86,962,-762,-475,-295,786,863,758,645,-615,48,-415,-266,697,-73,911,71,685,-427,850,-991,784,694,330,12,74,-247,342,-589,273];25;24;False
[-867,132,697,84,-980,855,885,-232,-818];4;3;False
[-389,-507,-252,-247,264,-133,966,-133,-131,519,-899,-31,576,-135,-732,-375,490,416,-33,-83,-849,249,459,170,-605,-909,187,636,-2,524,831,-423,-646,-861,963,597,-819,999];26;28;False
[878,-626,650,-708,-190,588,203,-756,-926,-614,206,-28,598,-967,-488,-356,-988,573,-928,-264,308,-957,368];4;4;True
[289,-593,581,-651,547,619,741,-646,-643,-663,433,-539,978,-965,-31,549,677,-107,-119,-978,351,1,991,-232,903,849,-742,-831,617,655,613,457,285,669,269,517,-191,376,-677,-157,43,577];36;34;False
[-810,-486,174,-952,726,700,882];0;0;True
[352,-26,-852,62,462,642,332,138,-674,-264,-326,56,766,802,902,-358,-230,292,988,-640,120,-848,760,628,-986,672,96,976,-988,718,496,-248,-54,890,-740,-914,-892,-746,-40,361,-978,-212,916,6,-708,-918,912];1;1;True
[732,890,990,-285,-797,-928,490,-255,193,-167,229,291,351,587,385,469,613,315];13;15;False
[760,-142,-450,528,898,524,-765,-194,502,658,689,-570,-719,-981,-180,-356,840,-373,-144,-874,46];5;5;True
[-543,-706,818,370,564,268,-578,478,639];2;2;True
[153,-11];2;2;True
[157,-542,-622,-544,-712,-401,-537,-862,769,-756,93,235,-388,114,-730,-522,-648,256,-732,-279,437,-627,-768,783,-804,918];10;10;True
[75,212,762,247,-155];3;3;True
[-521,101,-703,-629,923,-915,291];7;7;True
[-750,-560,256,-42,458,950,-868,500,-708,204,-156,-404,786,336,-556,-220,-638,496,-682,-34,582,282,858,-622,-658,-86,-68,-698,-394,696];0;0;True
[-249,-429,-745,688,819,669,-293,-658,942,-622,631];7;6;False
[840,346,-614,331,796,563,-340,170,614,-676,-790,-6,-797,-850,-342,-197,88,-258,246,-270,-265,444,-774,-377,280,929,980,-652,-798,932,261,576,-365,558,-738,-122,698,-306,588,201,-360,66,942];10;12;False
[404,735,516,-506,153,-165,0,-433,-360,-237,908,-836,891,942,57,-625,726,-204,-476,433,-371,924,-732,-212,436,872,-229,27,-131];13;15;False
[-852,-324,-652,-723,85,-10,-880,386,-442,300,437,-19,362,935,-110,480,991,458,-932,-54,989,-638,871,300,53,932,-896,-172,-282,-582,-178,593,806,230,452,771,-618];11;10;False
[736,791,714,889,-698,307,-257,836,-484,-383,359,-385,-371,-475,-819,368,649,675,-894,847,-900,47,599,-52,-813,-762,-816,-16,-381,910,734,270,-327,-703,669,223,-832,20,50,42,-654,358,771,-317,-495,839,174,-867];26;28;False
[-235,-464,-482,-938,-591,-191,521,369,129,795,139,-934,242,-453,-387,-745,-123,212,-323,85,-909,-219,-812,-732,669,-721,539,-707,-57,601,870,903,-646,183,-337,-623,-977,750,-649,597,369,-467,-802,-148];31;33;False
[717,579,-221,267,-980,353,76,-849,-393,69,399,335,-633,-655,117,-459,-689];15;15;True
[157,295,-816,832,754,32,-542];2;2;True
[286,-414,-132,994,-600,-696,-748,222,-960,-80,588,64,93,606,864,-18,496,374,-558,-848,-926,280,111,372,934,804,374];2;2;True
[-243,-917,-435,-723,-349,337,981,953,915,-133,779,-877,347,963,467,95];16;16;True
[-922,975,933,-812,567,941,-433];5;5;True
[96,332,-100,-606,-320,808,-462,-108,-204,-974,728,648,972,240,920,-608,380,232,-766,624,62,10,-174,-664,-456,736,638,-174,-154,-54,514,-856,-534,144,790,774,228,582,-698,-524,-104,-758,120,204,-866,-666];0;0;True
[-643,-980,-531,417,807,675,999,-607,563,-123,377,255,361,351,88,-774,111];14;16;False
[844,854,-192,-476,990,-896,734,-814,-390,680,636,134,550,-730,-6,-520,160,652,766,620,-894,-826,-608,-960,-70,10,432,-276,-180];0;0;True
[698,-454,832,398,-898,-546,-730,10,796,212,810];0;0;True
[598,-796,912,96,193,-304,1,632,-474,676,-420,-461,-264,-599,-457,702,-552,627,469,-367,-690,662,521,364,-245,-135,-722,315,-308,36,206,506,-454,-884,14,673];13;15;False
[-511,-595,-567,56,827,894,-126,864,-756,-517,905,-283];7;6;False
[482,-738,78,540,548,-694,638,172,-56,-596,168,-950,-218,-522,-546,974,-492,-182,-502,534,372,-408,182,-426];0;0;True
[991,-96,-759,-87,713,-959,929,-907,581,-158,272,417,191,-905,-111,195,-720,528,971,37,425,-714,-906,906,-241,-975,290,-66,-677,169,-289,-636,-926,-791,180,527,-225,-388,-169,-843,484,-842,-73,-623];28;27;False
[139,-829,762,-754,123,86,-121,19,335,59,-875,593,-469,-466,527,-313,-763,745,-478,819,-270,817,122,73];17;17;True
[-495,-315,-531,565,-765,907,669,-617,-577,261,751,961,875,303,579,255,-537,425,457,427,647,593,-131,-759,-573,399,-163,-969,-607,483,-799,907,-885];33;33;True
[-49,127,-787,-189,-519,-873,-45,-267,625,123];10;10;True
[512,-950,94,326,548,190,966,136];0;0;True
[536,35,556,944,64,-79,-624,616,759,367,-369,915,-152,-626,591,-47,-650,-165,893,98,209,-885,880,819,-195,-748,786,-687,-945,-342,801];17;17;True
[-515,869,-399,-858,612,-360,-106,-356,-696,-42,234,989,-513,-548,67,-657,471,-369,-346,-103];10;9;False
[-966,266,-240,-108,628,455,-188,-936,792,-774,404,-855,-432,-466,716,-838,-104,296,-857,-832,121,546,-954,349,131,-160,818,684,-357,50];7;7;True
[-42,137,-237,290,328];2;2;True
[-965,-539,-805,625,30,-815,-383,-197,-715,509,-489,-455,-462,329,-997,-887,-958,-301,-545,-701,-618];17;19;False
[-684,528,3,458,-474,304,-842,-768,-60,-320,-748];1;1;True
[57,-557,-967,413,907,-207,235,293,505,693,-397,929,157,331,-913,-103,-663,225,341,601,-969,-331,-809,75,831,513,769,915,853,-639,669,-449,455,455,755];35;35;True
[-578,108,440,-536,-154,-116,682,-640,374,-362,988];0;0;True
[67,616,-365,-509,-260,-236,461,-515,-638,-85,191,-872,903,573,619,845,662,510,-328,800,-807,880,-168,-581,98,409,17,-837,137,984,402,-169,478,-507,-313,-166,442,-330,-893,-217,509,-863,467,771,387,130];27;27;True
[-491,-934,-290,-216,-510,893,-703,502,306,555,-875,-290,-638,700,717,856,628,-301,572,-947,-435,412,229,221];11;11;True
[-881,873,-460,-554,693,536,-991,887,-911,-539,-867];8;7;False
[-629,557,-749,521,727,-333,-613,-889,431,667,181,75,97,381,-411,843,-177,219,-881,679,-365,-927,269,-847,-773,-43,-703,-259,923,-935,986,-97,-59,705,147,-673,895,-835,-671,495,399,459,991,-879,-715];44;45;False
[204,-442,-832,-290,668,-958,-334,790,420,780,854,284,-358,740,-244,28,632,88,-998,-644,-424,778,110,748,-682,356,-694,866];0;0;True
[713,-569,13,926,822,152,-694,257,141,-204,-515,836,-167,-454,331,-669,-919,125,793,445,958,843,-891,358,722,449,-652,-849,560];17;19;False
[-109,357,74,-482,320,-700,-1,13,343,-542,-886,-428,-697,263];7;7;True
[-234,928,626,-586,722,-950,834,-448,-786,-950,-95,828,-676,-822,800,-878,-122,-6,-930,-140,-818,323,-587,970,156,276,-272,-19,448];4;3;False
[-384,64,-555,654,-331,-785,127,580,-621,-447,-123,-531,-329,-607,-832,345,29,-112,958,105,116,-485,-723,616,-833,-945,832,-414,-521,705,402,586,5,88,325,-694,270,639,-354,343,977];24;25;False
[-670,-630,-445,112,910,-328,-790,312,-194,646,756,-26,529,-98,-656,-462,-294,-264,-404,-708,-96,-234,672,24,-370,50];2;2;True
[-842,165,256,720,-697,569];3;3;True
[-1,205,-9];3;3;True
[522,142,712,-762,958,958,86,-928,466,324,-546,180,276,774,-916,-590,-394,776,748,-326,-12,-436,-86,232,30,336,-616,408,536,-362,-1000,-236,-258,-788,-650,-964,82,-772,46,-548,-408,170,-860,528];0;0;True
[-905,-214,199,745,-375,-55,-231,-688,-387,-346,683,716,-119,465,-756,-689,208,-542,-359,989,-455,334,-859,9,163,-545,203,147,-907,-737,-462,-562,112,-631];23;22;False
[-766,98,-90,-856,-576,-946,664,-276,-630,-28,920,294,-404,970,502,-582,-862,-640,-118,622,758,-330,-806,964,-680,778,-606,-200,-324,-172,-574,-780,6,196,814,-294,360,-924,-508,-866,-426,-154,312,528,48];0;0;True
[91,-985,33,-483,839,-341,-643,677,358,530,-728,-547];9;9;True
[-916,723,95,-767,886,362,-582,873,-524,752,259,730,193,823,686,622,-488,942,625,-578,-698,442,-651,745,757,-372,521,273,-967,-474,309,-845,-969,61,-14,756,-226,-585,-857,54,344,369,388,-150,728,404,-242,287,976,670];22;21;False
[-816,212,768,-5,-135,696,-144,412,-614,180,-96,-356,-80,-264,457];3;3;True
[605,922,958,-588,516,700,153,-26,897,-411,-258,-766,408,-758,585,887,478,-319,89,129,-257,-525,156];11;11;True
[115,29,428,-746,33,-791,-511,253,461,830,289,-883,263,-492,343,-453,-91,291,-271,44,387,-640,-477,637,-733,-801,-131,-966,-37,-461,907,9,928,212,225,-277,423,-771,698,-765];30;31;False
[232,-518,-372,292,-424,-594,918,98,264,-806,-111,80,-30,428,-850,-936,-10,782,298,422,-180,884,112,955,488,500,694,66,-956,540,-395,-474];3;3;True
[678,-970,-154,-36,346,-44,-828,768,368,-486,180,-618,-982,632,-734,-324,280,352,498,346,952,-226,-88,86,-608,-444,-172,-468,600,-736,134,-790,-952,-874,226,648,388];0;0;True
[-685,683];2;2;True
[-829,-879,-548,372,-341,61,-463,-732,-734,-213,-861,919,-115,271,-811,445,475,-131,-919,137];16;16;True
[13,989,-517,519,767,339,-879,-465,-725,-55,-735,-871,-543,-393,699,-265,-187,-467,-91,-897,311,423,937,893,-367,-41,433,-213,-843,861,-143,-575,-861,-665,389,-97,5,-273,125,9,487,-947,568,-845,769,-417];45;44;False
[891,-603,-449,-811,-842,-409,185,-25,553,-143,685,105,265,-391,767,945,-362,-526,933,775,-233,927,-193,479,-723,-257,-708,-575,959,-485,-557,421];28;30;False
[-261,551,-937,229,503,-949,359,675,25,-477,925,963,-155,-391,-387,-487,633,73,-963,-687,-351,-687,791,177,-615,-453,-869,-323,-121,853,153,391,761,931,989,839,747,999,-325,51,127,-675,589,-985,-651,413,-21,519,3];49;49;True
[-124,-83,-792,-475,698,-77,617,-775,642,-464,-111,-829,-774];7;8;False
[108,-754,-312,378,-561,566,-798,360,-88,-642,-694,508,174,-282,116,-320,-564,978,898,319,288,928,-981,-82,874,510,-814,294,454,-981,-694,717,968];5;5;True
[765,-901,90,-497,844,-388,614,973,350,93,-485,753,-307,635,45,564,-395,-57,-216,-727,829,901,918,-799,-177,-805,383,317,787,99,-104,662,-227,547,197];25;25;True
[-509,115,654,886,-347,871,-760,962,106,65,68,-338,530,645,359,195,89,-429,254,809,293,-407,773,-875,-942,133,447,-225,-120,358,-525,256,-863,-43,-973,97,-783,-815,553,-41,69,185,60,-861];30;32;False
[-634,-204,150,-722,-212,226,-408,-898,-810,-188,-396,-966,226,706,400,-438,22,-786,794,20,474,786,852,-210,-146,-950,-931,-287,-930,386,-918,738,386,-262,-476,-502,406,-96,-54,682,881,-238];3;3;True
[698,-743,-964,-289,-218,-762,-731,-88,399,443,-241,-508,363,930,505,737,439,353,-520,251,-25,-614,35,919,855,955];17;16;False
[-770,621,814,-25,-334,-710,-17,-760,900,437,583,922,-677,316,139,263,336,557];9;9;True
[549,411,1,860,-621,-345,-669,-49,-887,-998,880,-881,597,-670,881,-213,-844,451,723,-348,-767,414,-182,-551,635,357,-644,369,383,-362,-693];21;20;False
[769,752,-474,959,390,-902,-271,479,-944,448,680,-527,385,-694,-82,-810,429,-97,736,-712,924,342,-152,928,390,962,521,-205,-422,-869,-298,-667,-273,-172,-853,-683,-587,325,967];18;19;False
[28,-403,-715,-889,-492,927,903,789,587,108,833,22,-421,534,186,-65,693,-447,295,21,120,-751,-224,333,865,957,297,230];19;18;False
[155,-100,270,370,195,878,81,199,178,560,-29,-82,-812,-739,769,-220,84,440,-263,148,-547,-825,445,102,748,52,611,730,-578,-808,927,-698,539,-254,577,-748,310,66];15;14;False
[345,-510,642,354,-880,-6,-126,342,-190,980,588,124,-238,-505,-872,-732,-58,-698,-594,836,-128];2;2;True
[363,-523,-367,631,379,-431,-266,-139,649,-788,-664,-998,139,83,-963,802,377,617,251,-348,-915,-467,483,-627,626,299,707,-314,409,-233,-225];23;24;False
[-319,-926,-615,-493,757,-979,242,-242,-847,-477,-499,373,-536,158,911,-755,538,917,587,651,-637,-793,715,-761,684,-961,-393,-91,-785];22;21;False
[426,582,852,-98,146,366,698,-182,-48,562,-16,388,-592,-546,-306,-526,714,136,-712,-402,-422,648,346,-144,-504,738,26,766,900,-442,704,-802,-280,-484,-14,722,-542,410,-990,268,-838,242,266,-880,56,174,860,344,-156];0;0;True
[659,315,-720,831,-239,307,-677,691,-887,-77,651,-495];11;11;True
[-849,-183,-320,918,168,-867,-114,27,-139,712,-859,619,373,346,889,-455,-912,410,111,-152,459,-420,668,461,-271,668];14;13;False
[-730,-894,729,-173,-803,20,-103,988,-708,-842];4;4;True
[608,-958,-562,34,-228,-960,-578,186,746,-994,212,490,476,-536,-592,-546,6,466,450,-826,-218,324,-520,-716,-792,810,-294,76,186,390,716,-166,-264,-322,-82,-786,-638,956,922,476];0;0;True
[890,836,560,-116,-752,-690,397,-240,-350,784,390,386,-774,142,498,-298,-98,-636,334,718,-4,274,-836,-172,-836,-618,718,970,-380,-342,-516,-320,-839];2;2;True
[702,901,763,614,1,475,-278,621,61,-819,471,3,-917,-479,-373,943,-965,-355,-539,-669,-442,803,123,-389,516,759,380,-261,196,-69,-689,-331,517,501,657,-421,-713,382,-864,-953,51,-641];33;34;False
[720,-82,370,-121,-650,-618,807];2;2;True
[526,212,-589,703,93,-242,611,-26,-195,-218,-915,-447,360,-491,-434,479];9;8;False
[515,733,633,912,-721];4;4;True
[956,18,-168,-992,-52,-42,-468,-860,386,-898,226,390,618,856,206,50,164,498,388,-366,728,588,284,684,-270,-52,998,-302,-144,-98,542,-526,800,-706,210,-98,762,600,764,266,-602];0;0;True
[455,-611,-495,-897,605,267,-350,-815,523,589,-188,-953,-306,-656,825,397,-799,-498,222,246,111,-273,364,217,-43,-234,586,-665,906,-197,545,-215,685,584,-970,721,795,381,468,241,520,975,717,-71,-89,71,931,189];33;35;False
[733,-327,894,700,273,979,910,-145,841,675,-739,626,-341,-869];10;10;True
[234,523,69,-319,919,-186,180,701];5;5;True
[-851,459,-661,-293,391,923,405,811,-521,471,729,1,-710,-993,-829,163,151,921,-667,-72,-923,-369,725,-103,241,-441,-297,-916,7,133,531,903,491,581,765,-95];33;32;False
[560,450,-962,952,974,332,-934,960,-162,726,-50,-850,-484,968,922,880,998,704,312,-382,-790,-950,-734,-594,-762,-710,-914,40,228,-806,26,-324,-370,-830,-818,-922,-742,754,810,-664,722,-964,120,-704,298,-898,758,828];0;0;True
[647,-559,-29,166,254,103,-311,221,-41,-113,324,29,603,-471,-8,474,947,31,-895,659,651,-14,855,507,675,-275,771,564,179,109,235,-411,-602];25;22;False
[-254,280,1000,547,-614,292,-268,-132,-672,138,528,-823,-634,2,770,721,762,-392,166,828,508,796,-718,-412,-476,524,-934,-542,696,192,888,-790];3;3;True
[352,-455,-480,308,-272,170,-855,-646,604,274,-518,-416,-520,-312,-64,-418,830,292,648,-520,-814,832,-900,-850,854,-199,868,244,-757,-680,66,-47,560,-294,512,678,416,-142,50,-95,-626,822,-350,-712,-226,574,450,664,254,676];6;6;True
[-89,887,-743,-715,353,445,561,-847,457,-629,-739,799,381,903,753,-599,-459,-7,811,-21,883,951,531,-821,-113,479,-321,361,171,-411,489,-653,989,591,-47,-773,-981,-563,-213,699,441,-771,-573,-183,769,-145,785,119,-831];49;48;False
[505,-917,-935,-482,468,916,182,722,460,498,-880,906,-508,-816,-935,92,-95,56,549,910,-87,-228,481,50,-78,686,328,867,591,-583,-518,-391,810];12;11;False
[-340,634,36,596,-170,-788,26,-456];0;0;True
[-838,-682,-12,400,840,954,-152,-231,-812,-794,-898,-660,-608,-904,430,484,-263,528,108,-806,799,-524,-452,-16,142,322,-738,-970,50,476,-930,78,-948,990,-316,460,414,-886,-458,-10,518,-520,392,-798,528];3;3;True
[196,-882,-750,-864,-162,290,630,-182,570,-3,-585,-970,-184,367,-60,502,176,-946,-912];3;3;True
[-831,409,269,21,89,-830,207,387];7;7;True
[-12,-512,-364,-888,-675,-138,-540,976,-539,837,-786,-656,80,580,-993,649,-386,-720,137,588,624,568,-752,-108,455,-602,-471,948,459,256,-216,777,153];11;11;True
[-582,598,-900,904,-860,-74,-952,-106,-706,392,622,182,516,650,10,218,366,808,892,610,352,250,318,492,174,822,-344,-34,714,-196,-672,614,212,704,622,-48,-164,714,-550,-148,0];0;0;True
[978,-563,442,-344,-866,-252,454,-896,108,-54,522,-984,720,564,496,-942,806,678,569,-62,364,-896,-702,-218,-928,-8,30,-238,384,342,-532,144,840,-866,-282,-720];2;2;True
[-393,497,-805,-989,63,555,431,-719,-253,459,855,941,91,483,581,-675,447,-199,743,-983,-967,651,-193,741,-867,199,-483,-39];28;28;True
[633,-771,586,952,-270,-897,-126,704,122,316,-32,-942,-129,395,556,470,329,-390,836,-661,660,-24,-787,49];9;9;True
[-234,930,-890,906,632,-780,-670,128,774,-586,200,754,-490,-788,-362,770,-122,-314,624,-540,-270,598,498,832,560,-4,-155,126,-164,736,-486,-308,-178,648,790,-728,-88,554,232,-886,158,-928,422,298,944,386];1;1;True
[-87,967,-666,-708,-580,-740,574,681,-916,-665,-357,976,535,-626,859,49,-841,803,-611,219,-479,-494,-16,-857,87,548,-51,661,394,-691,835,-939];20;20;True
[15,-55,31,-177,239,-226,-166,-731,-810,-461,129,-493,909,660,-769,-725,-715,479,636,-275,433,-791,-693,359,200,793,-922,-299,323,205,-593,263,-447,-64,-522,861,108,-737,-109,-426,-127,222,943,-694,-524,949];32;30;False
[401,-737,-375,191,-505,279,-418,459,325,11,807,453,921,411,653,771,-577,-939,195,935,-829,-603,-709,-365,-871,323,-745,449,-613,782,-28,591,993,-887,-173,-581,-489,29,-959,477,-423,263,-807,-935,673,371,-719,-969];45;43;False
[-579,77,631,363,557,-389,982,-237,327,-23,-927,963,459,557,-417,-691,-213,-137,-395,-633,783,995,-287,-699,-849];24;25;False
[237,229,983,-733,-327,-775,-197,75,-623,-179,885,375,127,-869,137,259,-271,120,453,-795,73,645,637];22;21;False
[733,-631];2;2;True
[-716,481,104,446,870,-721,440,-87,232,839,-656,92,-648,112,816,22,130,28,86,-234,-390,-669,906,989,-45,81,278];8;8;True
[-334,996,663,-308,25,-342,-386,-601,664,-577,-864,-78,-492,-570,-496,-835,569,870,-102,190,824,386,312,352,-154,428,-220,794,-98,-698,986,176,34,474,602];6;6;True
[-171,-871,-595,-523,969,41,-58,-273,-636,87,-403,-453,909,707,-805,-951,-767,183,853,276,-81,-783,-671,323,945,-141,401,-509,173,-655,-129,-721,-918,611,-383,-830,117,-593,3];34;34;True
[-777,775,-223,265,-195,-663,191,-543,-119,201,-663,-989,23,-167,-783,409,-531,499,-225,25,-767,551,87,577,-647,523,-913,-237,609,-809,-569,-33,-597,245,881,665,-245,481,-125,979,451,-39,-537,29,507,-495];46;45;False
[159,648,-478,-301,764,-618,-575,128,109,134,155,-948,-635,168,-88,213,692,-376,-280,-420,-908,506,-273,-84,-779,-52,-424,318,-107,-950,110,403,782,588,800,394,-422,-404,974,-833,202,-950,608,990,-444,106,944,464];12;12;True
[467,457,297,193,-549,79,-583,571,-145,599,673,907,-317,-307,977,-601,545,-605,457,617,-485,43,-607,127];24;24;True
[-893,780,669,-181,-692,-784,728,978,202,304,165,483,625,-482,605,416,12,701,913,421,327,524,-660,338,-581,-987,-290,-666,-637,41,308,-775,988,888,356,967,416,840,-296,455];18;19;False
[953,-832,-27,342,883,431,-742];4;6;False
[-340,964,159,548,126,100,-118,-760,-698,164,-914,-270,772,-771,-701,902,442,750,500,-568];3;3;True
[248,326,-734,-640,752,-476,-324,778,222,-2,-232,232,-468,-710,286,-50,-618,-452,518,-776,634,-200,908,-224,84,666,-814,592,610,264];0;0;True
[-31,-508,-524,904,957,-199,863,319,-309,-877,-945,-431,-945,-511,-554,-223,-853,431,951,-593,-115,259,472,557,-941,9,-430,-112,-603,114,505,765,-856,-323,70,-901,789,795];28;30;False
[-861,801,-115,-167,3,-732,27,259,843,240,968,277,214,-2,-672,219,-570,-540,-839,-497,-535,-695,125,37,-689,531,284,540,747,-669,-545,356,-33,-319,941,387];25;27;False
[-296,814,-930,234,-534,-228,-332,-686,322,220,518,612];0;0;True
[-97,504,850,378,961,-313,-940,345,-894,417,-202,106,-100,488,-538,-366,994,-256,251,258,-626,809];7;7;True
[-137,274];1;1;True
[-911,-239,-477,367,-873,241,-763,305,-951,649,-725,-611,629,-873,79,341,-481,207,-441,-55,73,-375,781,529,-401,-933,489,-631,-621,921,-639,-255,-695,-899,-123,-651,595];37;37;True
[950,-711,82,-214,12];1;1;True
[867,109,-265,679,-41,733,-631,-229,-935,-5,555,675,699,659,399,583,-351,-937,513,-67,-783,-421,-971,321,619,685,925,111,-269,-317,43,-175,261,-453,41,-369,-87,637,-41,-747,-155,-349,467,513];44;40;False
[-382,-479,-301,720,11,-454,748,697,-672,-17,124,-123,448,-249,268,128,140,912,979,-332,-306,-532,-519,-326,269,905,832,-76,-734,-317,602,-505,-948,812,-843,868,456,878,-575,-163,-102,-554,893,981,-204,-50,-418,-90];18;18;True
[654,-448,412,832,-114,644,896];0;0;True
[-287,527,969,-513,-67,241,-37,801,-55,-235,623,893,-107,-233,759,-983,-865,-949,-985,369];20;20;True
[-720,-353,-324,-262,-404,667,612,438,411,734,-135,27,872,30,981,-39,474,533,-173,346,-251,170,261,580,-28,-124,480,98,34,344,-291,849,-822,-954,281,-606,-432,576,-775,-912,643,441,-322,-729,-576];18;19;False
[-422,-986,874,962,460,874,214,-18,-2,408];0;0;True
[701,-113,-375,-539,845,-305,-143,349,-817,-355,15,-7,-671,-331,-375,-367,133,-569,-311,-373,-81,-193,-797,505,745,15,-265,-907,829,241,-739,263,41,523,67,-903,-173,799,249,781];40;39;False
[899,157,465,-859,19,-529,-207,937,469,619,-865,275,35,199,-29,-337,81,489,685,351,475,-211,669,981,831,651,247,-267,-921,-497,-775,681,505,223,-613,-657,-781,179,-837,39,385,789,595,-513,961,-975,-917,-847,-935,11];50;50;True
[-596,554,-438,750,-748,370,450,-332,-817,383,193,308,-68];3;3;True
[-56,-584,-20,-96,214,-346,-539,410];1;1;True
[672,-863,-651,898,-33,949,501,-981,239,-993,-827,895,227,-855,543,87,5,283,995,-112,-118,265,-537,342,-817,-38,-98,-661,281,458,-306,553,-120,-166,-63,161,145,622,-930,-747];27;28;False
[810,722];0;0;True
[-665,-267,455,365,399,361,835,-33,505,989,-37,113,-809,-717,-559,-435,-353,877,-137,-559,361,731,567,819,-255,53,225,447,-327,149,597,545,-17,153,31,505,-225];37;37;True
[594,46,-248,-454,80,-212,154,774,-58,-242,-492,34,-150,122,666,-972,-70,-888,790,-994,166,-16,756,248,206,162,-200,946,674,-756,454,648,-250,584,-316,784,-166,582,262,-676,-452,-882,140,-240,232,-274,-376,604];0;0;True
[966,-57,894,-579,-960,1000,-804,668,-339,83,737,-991,-217,-873,-480,825,15,213,221,187];13;13;True
[759,-195,945,843,625,993,989,-263,-571,-573,479,-665];12;12;True
[959,687];2;2;True
[41,-537,843,71,-215,329,-517,175,-911,-409,-627,445,-679,567,451,-339,629,-285,493,-9,-775,375];22;22;True
[-200,215,234,-48,670,719,-160,718,90,653,-859];4;4;True
[-758,-91,-97,-26,892,722,-369,337,864,-998,924,246,-595,-742,239,-605,544,204,372,-1000,666,966,-465,271,-956,998,-997,-466,850,377,811,-743,-176];13;15;False
[-453,711,-347,281,929,-141,-851,-431,-379,-425,-467,-433,-352,299,623,607];15;14;False
[-535,3,351,933,-622,607,879,-605,-351,-745,-674,763,-289,398,119,-969,70,303,238,-531,493,35,973,-829,263,-943,-549,745,-853,-278,-233,521,241,259,-17,-395,-851];31;33;False
[158,-626,907,364,534,766,630,-862,-752,686,-926,-24,824];1;1;True
[654,-721,669,-149,162,987,-624,157,-811,-390,873,817,-853,-482,252,179,177,-776,-42,275,-578,925,500,774,103,-947,597,345,516];17;19;False
[351,-217,-413,371,489,-475,131,-933,-85,857,-355,217,-563];13;13;True
[-249,-301];2;2;True
[93,251,849,592,-253,45,183,-407,-227,812,-841,-44,237,304,209,619,136,-504,-101,630,-264,-945,-163,242,759,-866,-824,-175,840,-863,549,320,-581,469,943,840,725,-284,839];24;24;True
[-199,-351,-902];2;2;True
[688,678,-717,509,58];2;2;True
[-405,681,375,409,-980,-715,-784,-93,-552,552,573,-875,409,-38,497,815,113,764,-918];12;11;False
[317,-943,-237,257,173,355,-845,-615];8;8;True
[-643,493,-397,41,-937,5,19,-413,-9,-81,151,-955,-45,529,-533,183,879,-795,131,-591,497,-185,-429,161,-267,687,935,433,33,-693,-655,-91,-421,-445,-419];35;35;True
[-322,396,918,824,-36,-524,558,731,724,-814,742,-544,-322,-248,-518,-588,-866,-858,-238,906,328,-244,-642,420,720,678,378,108,-204,634,-356,-238,-340,798,614,-168,186,-548,990,-238,-350,886,-758,-138,-162,50,480,632];1;1;True
[-109,-427,-229,465,-549,-383,203,909,115,209,985,-597,-71,275,643,-281,429,-825,-529,19,-485,393,-933,505,711,351,-761,33,703,473,33,979,-339,-603,763,731,941,611,987,-711,715,-263,-919,-623,7,119,67];47;47;True
[-810,-366,-562,-352,-312,-540,844,282,-108,642,952,2,-701,48];1;1;True
[497,157,-415,-459,-197,-609,413,665,-477,-97,161,-691,-877,209,-55,769,981,979,267,373,663,-951,-239,537,-47,609,-729,-971,-417,5,-11,907,-889,619,-629,-599,-98,707,-347,-173,-979,367,-839];42;39;False
[982,550,-960,642,-648,-707,-778,-538,-10,410,36,-734,-875,-978,660,-778,-712,194,-350,-922,732,6,-986,302,-486,-976,-873,700,540,768,0,-428];3;3;True
[-812,-640,186,-334,-522,-646];0;0;True
[43,501,669,-582,991,656,-345,-278,-740,-523,491,613,73,-101,-973,182,587,-221,-952,-326,-129,457,533,-927,-101,-723,720,683,-81,-257,833,-126,782,-406,-61];24;26;False
[-549,-608,658,593,663,725,-125,692,780,-535,825,-436,145,360,-562,-432,-477,-276,801,-683,314,-901,-706,511,831];14;14;True
[709,447,-213,204,-231,-607,-867,-69,-567,445,-499,655,448,605,409,-861,-754,500,661,829,104,366,184,954,-254,-242,-291,296,519,660,-734,332,572,-562,782,-587,-294,-498,484,629,679,-212];21;22;False
[-44,-344,-44,-459,-24,984,-440,-390,-703,10,-112,-2,128];2;2;True
[-289,-241,-383,307,497,-495,-127,-349,255,659,207,335,-51,-865,125,-123,131,905,-109,-161,-269,95,-283];23;23;True
[71,-122,-40,-838,528,270,-728,398,482,128,-101,-812,853,616,932,-438,-894,-386,261,949,-821,956,826,482,-296,-388,-6,941,-21,-793,969,-849,-206,-760,-104,139,-54,-466,-446,-442,-353,304,128,795,-305,149];16;16;True
[789,793,825,-489,-59,-767,-927,831,-3,289,601,197,-487,529,291,107,-977,-141,958,-639,-273,287,-901,565,-227,-641,181,-645,-163,661,-693,251,493,-45,369,503,905,989,521,197,-693,-681,-661,-37,769,-569,235,-875,293];48;49;False
[953,-596,-832,-504,-850,-86,176,-875,510,870,-431,-409,-841,-168,388,-796,-820,566,-268,-260,747,-774,880,-677,262,-433,-252,754,456,-936,492,668,-441,-499,-92,936,666,455,-778,295,862,246,138,-609,222,-338,-465,-85,969,778];16;18;False
[-373,-645,-240,-936,169,-762,-841,-667,-238,791,278,-758,809,957,165,-220,484,829,-71,345,-479,-997,-615,-397,495,-337,-511,-12,119,53,417,-979,-935,981,-853,923,826,-993,549,-31,862,808,884,-783,-399,-225];33;31;False
[-171,-830,379,686,-303,-297,-748,463];5;4;False
[-366,208,707,101,18,714,11,-438,721,546,-184,170,-66,-806,756,-463,-295,180,492];6;6;True
[155,-797,-447,504,117,545,-471,-684,-375,191,-123,-823,703,-64,-81,427,975,-944,181];15;17;False
[-677,-855,983,-977,621,-565,300,-617,-489,893,-255,77,31,-251,969,-543,139,815,185];18;17;False
[-979,-411,901,-903,615,-229,-551,263,913,771,17,-865,523,-11,243,11,641,243,201,-185,-881,223,869,15,-365,529,111,293,-621,-665,-421,-257,833,381,389,457,139,-547,885,-25,-887,331,-749,453,-29,235,257];47;47;True
[-82,-381,433,71,603,581,226,-96,-377,-139,947,719,729,-127,-443,-419];13;12;False
[-217,-595,-49,-319,-265,43,379,319,475,527,-485,135,881,-381,-39,-189,-847,-601,861,-941];20;20;True
[38,116,-814,816,528,-714,170,-536,964,56,-540,-696,524,694,844,652,-214,984,400,-14,502,-598,530,-210,842];0;0;True
[832,896,-371,-417,382,285,104,847,-294,-441,-676,-173,877,-845,-694,595,-338,-353,-812,437,-162,-913,-63,410];13;13;True
[-550,384,-985,772,-887,120,-402,72,-350,-944,286,-394,150,-512,1000,235,794,-48,-65,-625,-750,-950,536,679,713,528,356,-662,181,290,-973,-106,-758,-162,21,336,-239,-364,-29,-240,-71,-816];13;13;True
[819,397,446,-88,-371,-257,-564,590,649,-411,-719,854,416,681,-848,-737,-868,-227,19,-625,654,650,238,-144,-291,729,971,358,-195,66,-865,509,191,779,-761,-21,-163,-731,-248,-222,918];24;23;False
[919,977,-710,-140,-81,-585,-779,-224,691,-524,-207,36,-345,-584,123,-476,-850,-757,-496,846,471];11;11;True
[61,-60,547,908,-415,-63,510,773,430,-31,-24,-791];7;7;True
[259,-63,503,561,119,767,-654,615,495,-455,649,621,925,669,173,-549,-117,423,-687,629,856];19;18;False
[839,-294,-420,-250,323,749,769,-132,968,-183,-450,-313,502,230,30,835,652,654,289,-374,-530];8;8;True
[190,-510,8,-418,496,-105,815,-52,-242,-658,830,-712,908,-512,-782,530,-720,774,-252,798,-212,610,4,-42,-106,-443,-440,-494,-284,-618,524,-722,758,-294,730,568,533,-530,332,-970,240,-680,41,262,-636];5;5;True
[542,452,-645,886,-878,756,-398,514,350,530,-184,187,976,994,-554,-673,-62,-808,-936,918,312,942,-904,680,780,496,-888,-322,582,-494,328,624,850,714,49,62,516,-98,971];5;5;True
[-469,572,841,411,903,441,-614,-293,-103,798,-519,-665,27,-475,629,-753,511,415,-34,283,468,531,227,-382,-321,27,-472,-530,639,631,-634,84,185,912,646,65,-856,407,-595,475,195,-926,297,-233,-437,76];31;30;False
[584,908,-381,911,736,-384,-248,-386,793,248,376,-802,-230,-694,-435,696,658,-982,401,-624,-284,-44,-574,568,397,299,-634,234,366,941,-558,-854,689,-444,62,204,-829,102,587,466,-820,-882,-557,-775,-836,538,-410];13;13;True
[-927,996,409,-31,525,-957,796,-546,-625,-322,-218,-337,966,-790,-902,399,70,56,-778,135,563,-725,-922,906,-457,-518,356,595,-949,-261,355,744,-759,378,-474,-697,-119,352,925,-627,-930,-459];22;22;True
[-428,-823,857,-482,-990,-112,453,-147,443,631,343,-618,927,-233,-725,-677,452,360,-913,-711,369,-540,268,655,810,-370,345,24,399];17;17;True
[-411,-595,-123,-333,877,-991,931,-11,-383,-273];10;10;True
[316,-659,719,-725,498,499,-484,368,-815,121,-259,424,753,757,-666,787,-885,-704,135,-457,-534,-675,-715,941,419,77,785];19;18;False
[-161,-783,389,687,-879,877,369,799,-987,-663,845,-551,-109,91,-233];15;15;True
[663,-17];2;2;True
[-331,283,397,973];4;4;True
[-760,266,726,434,-844,-439,668,-364,842,-186,-429,610,336,53,-825,-394,32,-567,-191,496,972,862,652,628,-506,672];6;6;True
[-527,-843,195,-363,107,-645,21,-627,-69,-341,413,-943,-173,243,-193,-259,875,701,-39,485,717,-623,531,765,439,601,793,-613,377,-849,-119,-791,-871];33;33;True
[-717,531,94,-486,-600,-691,-944,-763,839,-130,-628,-784,-941];6;6;True
[957,564,-578,819,513,759,-315,604,586,-436,15,-746,-59,362,832];7;7;True
[-137,-657,-967,535,-993,-551,-135,-107,545,455,-967,877,-209,987,883,165,-329,619,-129,-667,-967,-765,757,611,717,-205,251];27;27;True
[501,241,-654,-94,-245,-335,902,646,-44,163,499,-268,953,-964,614,-440,-329,423,1000,-432,-459,-384,-470,-410,65,-481,-828,505,904,900,604,667,-94,998,805,895,-121];17;19;False
[-443,-901,-141,471,-859,739,589,565,471,110,-97,768,-637,999,-549,-539,841,-189,-935,-665,-701,-423,309,-409,163,522,937];24;25;False
[-422,-60,-758,-766,-742,-360,-596,-284,-972,-770,592,-82,-476,705,103,34];2;2;True
[206,988,-779,-512,-564,-903,-893,890,898,352,-888,456,-447,-987,-983,-113,707,-905,591,-544,-664,878,-297,-883,-827,-671,-864,320];14;13;False
[742,590,430,-71,398,508,566,410,838,862,374,104,312,973,516,248,-596,-802];2;2;True
[-956,-726,-674,352,944,836,785,279,298,-416,-238,-608,716,-812,824,-192,933,77,-316,583,128,-612,-484,-757,198,-146,147,-164,-193,188,921,-922,614,-264,-832,176,-280,-962,-470,460,-814,-529,802,774];10;10;True
[-451,413,14,-342,23,-645,-442,-61,-314,-539,-737,-985,-24,-372,395,-288,262,925,726,-714,-402,-309,297,-113,734,38,987];14;14;True
[746,818,166,772,-6,336,-892,-616,-550,452,166,-920,260,124,686,632,-802,440];0;0;True
[-273,27,879,813,875,419,-869,577,-473];9;9;True
[109,-59,155,307,-105,657,179,-499,997,559,241,205,-285,495,-471,-703,-501,15,-833,-27,837,753,-405,-795,-815,889,-105,85,-955,-101,21,215,91,-475,-209,-121,439,519,-587,-427,997,507,629];43;40;False
[-416,-484,832,700,-848,-79,-628,912];1;1;True
[795,365,454,-135,293,-171,893,-183,-939,195,85,105,-973,-369,751,513,767,41,501,-921,475,-47,-165,993,-717,-863,-487,476,-892,375,-555,-610,671,795,752,807,-845,447,733,-83,499,933,-907,169,-532];39;40;False
[555,-15,601,519,-434,-277,770,-847,800,-997,474,777,-200,-206,-657,907,-957,-690,-898,304,-5,843,-347,845,689,-938,-57,-878,752,-600,855,-405,39,-519];21;22;False
[720,-372,661,-678,531,399];3;3;True
[-975,-821,437,667,704,-343,-827,-735,636,-939,-375,-89,509,543,997,764,-606,-359,307,-840,824,969,-929,-843,678,-422,100,253,480,813,-5,-51,46,-772];22;21;False
[-263,-631,-759,777,-58,-859,167,214,452,741,-142,-353,1000,535,-307,778,969,78,-867,-640,651,442,-528];13;12;False
[-199,-4,649,745,-196,-29,482,538,271,117,-555,-569,-77,909];10;10;True
[336,-675];1;1;True
[-606,472,646,896,-272,952,-972,-720,108,448,-612,192,-802,364,942,-656,-28,-508,-292,50];0;0;True
[37,-590,216,909,-363,41,-22,-625,-253,-955,-100,-265,-681,408,248,-978,782,550,-70,711,185,-842,223,920,-996,-216,-716,-948,-423,708,246,-172,-962,-319,339,600,-324,-989];16;15;False
[-928,-50,256,-545,634,-256,265,-146,-894,-240,-126,-202,-610,-17,46,-17,988,143,516,912,312,-315,580,964,-734,936,376,-838,-574,767,-300,524,256,-210,-334,-44,-634,-100,-271,-222];8;8;True
[298,532,894,494,346,598,506,-14,756];0;0;True
[-270,863];1;1;True
[-192,409,-695,396,99,-683,-815];5;5;True
[654,524,-52,-642,-978,-372,-156,54,996,-566,822,-38,-116,872,116,192,118,634,-744,652,2,-392,326,386,752,-626,990,-92,-694,-444,640,390,-970,879];1;1;True
[705,-589,153,794,-477,-438,661,-597,230,-533,-89,-718,56,13,-947,467,435,-811,-281,59];15;14;False
[-592,916,-254,766,-709,-642,-236,230,-701,248,-871,466,-243,394,809,820,-638,-767,-953,338,-402,864];7;7;True
[-218,232,164,-470,946,558,-630,-474,-788,754,-624,626,-152,-952,844,466,236,598,-238,-524,-152,78,-252,690,820,962,-622,88,-510];0;0;True
[-122,834,-871,-747,803,-74,241,840,-673,968,-755,830,-614,220];6;6;True
[-69,-251];2;2;True
[-147,391,893,987,177,127,-153,67,-259,-695,-495,817,457,-949,-847,-137,751,-301,-907,-25,-525,825,907,539,-473,-287,465,505,-287,-827,-619,-419,775,-799,119,865];36;36;True
[-368,315,708,558,-76,334,-44,919,-882,-314,764,633,-740];3;3;True
[595,-999,657,541,137,961,819,-408,361,-311,-337,-285,-195,-504,-407,-612,953,-677,-427,947,-619,-595,-785,-427,-713,-537,495,665,-489,957,-5,329,-899,-298,487,-259,-661,113];34;34;True
[-821,683,311,729,615,-449,427,877,21,109,-215,-862,375,-379,-489,-177,-343,749,95,-341,995,-787,949,173,583,-935,-147,-999,207,69,911,-243,615,-811,-821,-165,-761,-317,-901,103,-103,-365,985];42;42;True
[-114,-312,-582,-860,-750,820,276,560,586,-962,-112,-694,208,-434,454,522,-426,490,778,944,-320,-162,-888,58,-56,-570];0;0;True
[-392,-58,454,612,126,490];0;0;True
[-625,-222,-687,-726,627,867,-983,-883,-649,-393,-775,413,-7,-800,-902,-973,-533,-228,209,-39,818,344,461,209,-815,-481,-909,125,-913];22;22;True
[691,-787,-871,-843,93,-947,32,939,861,279,881,-717,743,-431,-791,617,371,261,849,27,653,779,119,367,-519,-598,-85,400,-530,-363];26;27;False
[-139,-146,-607,751,-371,57,197,17,-589,-610,129,-765,896,-460,701,63,734,-253,-827,-955,-88,-209,606,149,-323,-220,99,-975,-298,991,173,558,912,-533,-709,546,-87,921];26;25;False
[-254,-451,442,351,847,-571,879,-945,147,-789,423,847,-829,747,-822,309,43,110,617,365,303,-493,668,29,817,-747,735,53,891,877,539];26;25;False
[344,362,678,-39,925,-412];2;2;True
[846,264,-489,864,538,723,228,200,890,384,-11,830,621,-279,-123,256,-251,-223,-574];8;9;False
[988,875,303,350,74,408,392,24,-440,-175,-154,-626,-615,278,-574,-534,-798,-164,799,-134,220,169,-656,422,927,-248,-759,-264,-42,40,-946,343,-83,186,-54,-518,-32,984,502,204,-676,637,-444,-258,-766,94,-293,547];13;12;False
[154,979,551,-942,-977,886,-918,-533,-832,884,216,-467,97,-381,399,25,880,41,605,-106,659,178,-238,-666,851,853,11,-107,-714,81,-530,-215,640,31,-153,-175,-659,62,-798,677,513];24;23;False
[-100,297,759,-950,-126,-83,-51,781,262,382,-140,-558,-176,-442,356,144,-38,764,-494,508,-404,-132,-118,-618,-308,-218,378,394,445,-722,116,-212];6;6;True
[768,944,987,744,-181,-589,844,-575,-17,-747,-108,196,-528,875,447,717,-123,165,-699,-374,208,736,-851,-557,-786,-617,313,-815,-167,707,653,60,-351,399,649];23;25;False
[-379,357];2;2;True
[365,-437,315,-747,199,-757,635,-225,-19,-298,421,-951,-881,-217,139,905,9,889,-997,-933,365,243,-445,69,-573,-307,-841,-329,-881,543,-365,-131,-463,703,-123,-467,449,-557,72,-349,745,-863];40;35;False
[-122,294,-472,174,-504,844,-530,-914,-422,668,-598,-716,-493,-955,246,-185,864,-688,-268,778,740,243,585,-577,-346];6;6;True
[184,-850,202,28,-906,-413,-426,450,-906,-302,-492,-908,-188,-326];1;1;True
[191,919,-306,183,881,259,-391,343,259,99,458,309,636,-707,-442,496,91,-269,347,543,100,509,871,-663,675,921,-322,991,339,408,819,-456,527,-49,621,-796,445,-499,232,903,339,-607,-805];32;33;False
[-283,91,-287,-199,121,-567,739,211,-341,258,25,-255,-43,305,753,867,-701,527,-347,-547,-15,-117,181,355,-309,917,-443,-487,997,885,-663,-889,567,583,429,-839,863,477,875,-988,65,-616,425,-683,159,-768,1,489];44;45;False
[954,136,-898,-802,211,386,11,-543,-658];3;3;True
[-807,412,483,721,233,-573,779,524,64,-3,341,-643,115,991,660,-393,745,313,-556,601,8,367,-599,432,-320,-27,454,747,-914];19;21;False
[-963,-323,-262,-775,1,-631,417];6;6;True
[662,-182,-727,-183,-929,493,-913,537,-187,876,-775,971,-397,-617,359,985,71,891,-479,-271,75,-84,375,-362,-45,436,795,-89,-893,143,463,881,-915,-159];28;30;False
[-977,-567,683,613,837,819,-557,-887,-571,-801,-719,-561,-69,-201,-799,525,-521,-319,-531,19,763];21;21;True
[80,759,398,-127,-948,-678,862,-236,-624,787,216];3;3;True
[863,983,-786,-805,305,-317,-518,341];6;6;True
[371,-709,-4,-165,992,-917,-177,416,13,885,-597,-632,778,-852,-323,-897,-499];11;11;True
[424,-107,-156,376,-422,-693,390,-916,-975,-576];3;3;True
[534,248,118,-762,-582,597,-760,-871,-245,-121,-21,371,958,-685,-60,-941,678,411,457,813,256,189,131,962,52,895];14;13;False
[837,-361,88,-70,-262,934,-606,726,403,886,-96,936,-28,834,-529,-456,336,-697,-498,112,-238,-618,85,-444,695,-109,141,16,711,984,121,535,-289,910,-765];14;13;False
[-681,-509,35,-175,407,295,149,782,953,-345,-81,193,447,917,747,624,49,963,-133,751,-925];19;21;False
[-258,516,-566,-912,-860,-855,589,-726,-411,-50,-510,-904,-325,-188,-372,-77,-620,74,782,58,-44,-540,-222,688,-923,801,10,193,-554,-533,-878];9;8;False
[-757,-31];2;2;True
[672,-528,-828,-929,-187,-172,974,-901,-632,142,871,790,403,768,-169,521,-688,-808,-970,-882,332,12,-469,-585,-534,-260,-298,778,-620,-626];9;9;True
[888,62,506,-1000,-78,-820,-356,810,60,364,-844,568,-470,460,672,-234,126,-844,-692,638,608,-288,984,794,200,772];0;0;True
[956,-52,498,30,533,-50,-128,500,996,-527,-399,958,858,-472,488,-954,-3,-891,384,-132,96,-569,73,-588,284,753,-182,110,-792];8;8;True
[-125,633,103,-641,-611,803,-243,-663,-827,335,-879,771,653,41,883,-183,700,389,867,-175,719,-853,-7,-619,-605,-119,183,655,-677,681,965,659,-175,-928,-800,-589,178,585,53,369,569,-783,-897,413,36,-397,-485,-471,-649,-155];45;43;False
[-511,-583,666,-938,-71,-453,-939,-169,867,-949,-808,-583,-779,595,619,257,422,361,171,-368,133,-427,390,-681];18;18;True
[569,-105,380,-470,611,-539,322,-345,-189,345,-161,-135];9;9;True
[215,-118,-495,35,207,-867,-973,816,-193,-154,-3,-687,503,937];11;11;True
[-28,-64,472,60,-564,-58,-306,-726,-900,-888,994,-160,156];0;0;True
[-541,179,-154,-709,-447,-26];4;4;True
[-430,-346,-486,-614,654,670,544,-80,-658,-878,238,584,-730,282,-246];0;0;True
[-436,542,420,276,-385,-947,-180,-340,81,570,-336,-100,-382,144,-920,-72,-102,860,640,-364,-970,-266,-10,286,-450,254,164,-26,364,-620];3;3;True
[-965,270,-555,947,849,714,751,-31,-127,97,901,-705,-149,144,-835,-569,881,807,-62,-387,921,-843,-483,-755,449,27,-190,157,-905,-719,-703,-245];27;29;False
[508,566,-306,604,-804,84,806,868,426,-62,618,-434,564,-948,-232,290,-888,-528,706,270,-416,24,846,358,170,-362,-136,-730,640,-512,-592,246,944,762,-526,-602,-684,472,190,626,638,258,178,250,-46,-758,840];0;0;True
[-894,54,-378,-672,-970,500,-918,-730,768,818,992,-618,892,-732,56,-506,114,-182,100,438,84,-888,-816,974,860,10,-662,430,-694,-592];0;0;True
[989,-745,-751,373,-39,-627,-939,-873,-639,583,525,875,743,879,623,103,-55,-917,767,-375,137,-557,-401,245,187,-425,-943,-981,273,-895,787,909,-253,665,155,-77,1,-775,-801,773];40;40;True
[364,462,859,157,-801,56,481,34,-988,-718,-408,490,201,252,-525,-393,172,126,-610,975,945,-967,91,-434,892,-441,201,573,64,-639,117,-763,-725,435,332,728,957,-304,91,-737,-19,-445,183,185];26;25;False
[-138,-8,354,416];0;0;True
[263,-989,837,-811,-975,577,303,683,415,-95,-105,215,-673];13;13;True
[219,-741,57,143,820,899,969,289,-327,-123,-753,-615,-518,-469,-789,393,-455,663,883,-70,453,807,-41,585,429,977,-59,540,-95,509,-931,-576,764];27;26;False
[-853,-395,-523,-669];4;4;True
[-966,70,615,168,-137,183,-538,-787,717,-786,-550,228,-161,-559,-660,-690,501,-824,880,-240,-911,262,-80,315,236,-19,252,-179,738,155,-894,-842,-914,-422,-758,-162,412,544,584,-991,162,-324,689,-128,924,431];16;18;False
[-450,-410,104,-207,-640,863,928,588,305,-59,146,-111,-624,226,272,678,-580,999,-270,-46,431,-484,436,760,-111,219,-31,-48,-96,-494,924,-892,-155,-771,89,580,671,-180,-424,-633,702,-826,990,-664,209,-753];17;16;False
[615,-583,-464,693,-240,466,-958,255,-851,605,-261,493,349,-299,408,978,398,-597,57,-484];12;12;True
[-910,926,-540,-108,-278,-572,836,-648,-654];0;0;True
[657,-661,151,-976,-49,941,-247,-740,-89,682,-855,727];9;9;True
[112,-58,465,-366,107,500,-168,-527,-275,-58,156,165,-846,-361,527];7;7;True
[630,-118,-943,516,312,398,184,-134,344,-278,-762,-566,-160,-980,-556,426,476];1;1;True
[-545,657,-437,347,-331,-977,849,817,511,-511,119,-723,589,411,-475,-721,-115,31,-297,-119,-99,203,-741,-835,-257,-725,-959,-149,-163];29;29;True
[-199,371,191,-871,731,257,898,-283];7;7;True
[-734,-606,-498,-888,-510,-530,-486,-800,-814,916,280,-774,328,1000,502,32,710,-824,-386,66,-22,-282,796,986];0;0;True
[389,682,96,664,-26,304,36,878,-596,-543,148,-916,590,-662,504,-886,300,932,-391,-96,630,373,463,-446,538,-310,-972,470,301,664,402,989,442,718,581,-644,412,-788,511,37,304,-252,186,808,458,-892,380,-473,-682];11;10;False
[719,-833,237,-219,387,205,947,-565,541,-811,463,573,-915,627,433,643,-281,581,-769,699,171,405,-29,919,-843,249,905,-371,595,-433,-111,-647,-617,675,-663,519,-565,531,-447,687,-965,613,-619,-925,-655,-603,511,-843,-839];49;46;False
[511,915,317,-721,-904,-569,49,-137,-490,657,497,392,-945];10;10;True
[-18,638,-578,-754,922,-824,236,-34,-6,359,848,-84,-384,-964,938,316,-652,620,-586,-461];2;2;True
[5,737,311,-947,335,483,875,651,-794,-581,-132,374,533,811,-217,287,-376,-687,783,-551,911,-903,-258,-607];19;18;False
[760,-720,337,-684,-38,-524,600,-681,623,-340,-147,735,829,-891,-421,-798,323,-444,-285,-389,504,604,15,377,-864,-246,564,-683,-28,-365,760,-329,-631,367,894,620,829,-213];20;22;False
[-304,924,-123,316,541,993,-528,-144,707,-899,-393,-198,362,7,-673,-103,-974,372,-113,765,-926,212];11;11;True
[535,389,957,755,699,-218,249,-174,-843,923,187,-391,-421,205,910];12;12;True
[493,839,-944,67,171,125,411,-965,-171,-995,617,323,-743,-499,-955,795,-179,-919,-69];18;19;False
[-438,794,764,344];0;0;True
[49,601,-395,923,-713,-585,-247,639,243,-741,-864,309,509,-593,551,-135,-461,645,-288,-170,358,905,795,679,-97];21;20;False
[-951,507,-775,-268,780,-339,875,-63,-943,-986,177,-118,-920,27,554,505,635,507,529,543,-790,348,167,-201,206,-635,-481,59,-585,112,-467,417,-319,-497];24;23;False
[-651,939,-619,-53,-854,-583,-384,-125,-844,-712,205,943,111,-243,-481,99,-83,561,357,-732,-955,926,441];17;17;True
[-777,909,-805,161,553,853,139,-377,307,-47,293,15,-687,295,-647,29,-453,690,81,-859,653,-373,-685,-245,-515,237,-219,-659,25,35,-291];30;30;True
[949,409,-291,823,-531,275,933,-835,-53,3,467,-59,-11,491,763,635,-945,521,-151,435,-691,-375,-231,-517,-409,-217,-43,-625,-417,-351,-683,-511,417,-567,-367,9,313,815,-453,-695,91,325,-807,53,-49,-303];46;46;True
[-644,-532,56,486,948,-920,-560,-434,-952,132,-790,-660,20,-842,-196,-942];0;0;True
[-544,520,-148,-452,402,150,-802,642,-788,-14,-470,-698,142,-118];0;0;True
[-723,-286,-197,639,-963,827,805,-589,186,-837,-588,133,956,798,791,-89,647,675,48,-109,514,-497,-625,-101,-522,246,-293,-335,-256,105,-307,-150,985,-540,-369,775,47,-541,805,107,-51,62,-902,-991,743,618,-620];31;31;True
[17,27,-776,280,-656,739,537,-950,145,908,767,832,-721,209,888,-868,837,794,993,-14,323,648];11;11;True
[640,-967,-569,-664,-604,939,721,-893,577,-424,-391,424,139,-103,137,964,67,795,119,4,799,982,-887,-90,512,-595,623,-349,97,-64,-58,-646,-971,-739,920,368,741,-441];23;24;False
[-281,213,-111,-375,-769,-1,-117,-115,441];9;9;True
[359,-313,-747,-33,-53,437,971];7;7;True
[-455,572,-537,-315,-843,321,445,-709,-694,827,-839,501,345,-161,-437,-323,-385];15;14;False
[541,78,367,-728,-824,106];2;2;True
[773,-549,-693,-721,828,160,-51,-58,-968,111,217,681,-556,503,-865,-280,-411,365,-605,-270,-202,310,-637,875,-770,-203,33,886,553,779,-644,-775,993,-131,145,-168,613,153,227,829,-826,-414,627,-615];29;28;False
[795,-139,-37,609,249,-379,-183,-871,231,469,-711,-631,451,-747,-829,563,947,341,-147,79,201,891,-877,-591,555,201,821,399,-959,701,511,-657];32;32;True
[249,643,737,715,317,39,269,-857,639,-263,-383,15,-429,-111,477,-627,-41,725,-489,-525,-213,519,85,-161,771,315,-273,765,631,887,-45,-179,101,33,635,-409];36;31;False
[-5,971,-503,-435,-673,-453,147,383,437,-787,-165,525,929,-51,279,-579,892,49,919,-339];19;19;True
[782,740,-720,138,800,-724,-834];0;0;True
[584,870,-438,454,52,-142,-158,-235,-250,416,464,-484,766,988,-988,-874,-204,-590,-88,576,890,786,-172,744,-326,-116,-78,-512,-54,-984,792,-681,-852];2;2;True
[256,-731,257,221,-173,951,939,-451,833,299,-17,-427,245,-139,-301,975,439,-216,623,-948,-55,741,99,557,635,613,683,-817,-95,437,703,-841,-195,677,-767,-283,277,-416];34;34;True
[-113,-726,444,-284,8,493,0,776,734,-977,462,-824,606,-690,-838,-600,-722,564,754,126,-58,990,182,-310,-634,-444,786,838,130,960,780,-266,-598,204,541,-314,-390,-368,-978,-100,-612,18,440,-116,2,698,-474,990];4;4;True
[789,-666,746,-293,-962,727,-885,909,-740,21,-330,795,582,-820,-336,180];7;7;True
[-738,628,574,-38,-31,162,172,886,-420,-113,338,-125,-62,344,602,-803,-640];4;4;True
[-791,-182,-184,777,685,-314,-181,51,-633,963,359,31,-651,948,-374,-329,-263,-443,443,956,-902,-254,421,-993,585];17;19;False
[-678,-328,377,686,-370,-544,805,700,946,-446,858,-378,118,-649,-629];4;4;True
[104,346,802,-42,112,-140,545,-93,801,-64,397,-414,-968,980,894,-559,-80,464,-657,302,181,934,519,-984,-683,273,-825,496,375,360,-479,-729,941,-753];16;17;False
[487,214,-1,-264,279,-579,-681,-253,237,-855,-639,681,263,503,-65,-119,469,51,-635,862,-850,701,607,-975,-619,-809,513,-23,-293,53,837,-775,697,481,-943,-437];32;31;False
[251,-181];2;2;True
[-175,-335,131,779,-795,-839,-36,-903,-367,332,337,-741,751,-483,-937,-415,-363,601,13,353,-758,627,-611,-127,459,282,223,773,-413,245,217,761,-41,293,-533,161,241,159,55];35;33;False
[721,-651,-502,561,691,268,639,-808,519,917,680,-731,795,-116,316,233,457,412,-144,358,-194,727,831,-527,195,899,-887,498,31,605,953,-565];21;23;False
[400,588,-968,-162,122,106,755,97,-278,-742,-816,-512,314,384,-890,320,-746,-352,430,-458];2;2;True
[756,-360,450,-908,196,412,24,130,-974,-920,-556,-330,-30,782,-30,-758,-72,-920,-240,-124,834,322,-210,274];0;0;True
[459,544,754,165,-92,-413,973,-895,-580];5;5;True
[942,-704,418,-998,668,262,-858,-2,-694,-688,-460,-988,590,994,-862,-774,920,-716,848,-782,163,-908,16,256,-914,196,934,456,970,16,44,-626,160,-980,376,398];1;1;True
[-490,565,-499,-170,-509,351,469,-229,241,951,-965,-293,865,169,385,-549,75,-983,155,-581,-951,821,907,841];22;20;False
[680,790,443,-726,895,-419,-200,684,192,314,-162,901,-212,-683,-149,318,802,212,-876,140,-258,730,13,-87,347,668];9;9;True
[-401,-261,957,255,711,117,-341,-275,-39,-935,-717,-765,-849,259,467,-579,-129];17;17;True
[424,-400,328,458,-818,192,-686,-630,-949,-710,-605,-892,160];2;2;True
[-83,-709,605,447,881,-631,783,-731,-907,-603,277,-3,309,707,-813,113,-693,-741,849,621,-293,-391,-495,-391,489,-43,-607,925,-7];29;27;False
[599,986,-471,133,121,498,341,-605,-539,405,-667,-389,341,327,113,-749,93,651,-379,-965,-199,293,381,-171,33,857,691,265,-599,59,-365,139,808,-595,-5,-525,-714,-875,151,-841,-423,-901,-961,5,549];41;40;False
[-461,-967,601,-395,-419,381,471,-481,-415,171,-709,965,587,745,791,909,375,769,-343,843,-963,-291,-199,915,-713];25;25;True
[-14,-614,780,664,767,-44,-672,656,-494,494,-290,568,-270,362,-34,-200,306,980,-952,12,478,-114,440,-86,-174,-546,604];1;1;True
[873,-669,-589,-258,-320,125,251,969,-888,715,-271,817,787,111,567,593,-967,-659,-651];16;16;True
[-800,672,934,-440,-95,711,866,354,279];3;3;True
[420,-304,-570,-840,68,985,-937,-18,2,584,600,298,-1000,-129,770,-697,362,-897,-435,203,-200,805,-716,34,226,206,216,-88,958,-228,818];8;8;True
[-118,-42,-122,-164,180,-293,-462,-378,-470,-684,304,150,-152,-192,340,-80,652,634,314,106,-80,-658,-204,316,506,-602,540,-950,-502,-376,146,-418,916,610,360,205,-566,852,576,-80,380];2;2;True
[-829,-477,-625,-699,-493,-537,-643,-353,111,-505,-379,275,-415,419,-189,-74,-583,697,-235,117,167,-385,751,623,437,-659,-295,124,277,45,-775,-201,-341,-697,311,-797,303,-537];36;38;False
[487,33,760,-931,-78,-763,66,-58,425,-662,-50,506,-793,-545,67,-261,82,481];10;10;True
[-15,745];2;2;True
[361,414,-269,918,-427,327,457,-495,-633,518,601,371,-523,212,-617,-164,82,971,-919,920,-271,59,-572,-123,945,921,-595,-405,-659,477,-338,577,761,-35,-681,241,-31,327,-360,-229,534,-716,434,675,-321];32;34;False
[92,-498,186,833,434,514,-206,-581,77,217,-149,-282,273,-959,350,753,-596,68,848,-386,-232,4,-284,-811,-383,88,284,-348,233,-684,-37,482,855,-651,829,980,-650,-785,-667,104,590,-655,829,647,187,-23,-325,-712,682];23;22;False
[177,233,-178,-303];3;3;True
[-579,-283,-733,781,634];4;4;True
[813,-119,898,-864,192];2;2;True
[-746,-111,-425,-944,584,-36,376,-206,278,-14,988,858,8,-986,-56,110,13,642,-64,-766,858,-386,-144,328,-386,-146,20,-802,-304,576];3;3;True
[330,238,750,-570,452,146,448,550,-458,246,-432,196,108,874,864];0;0;True
[-526,828,-583,-726,-390,276,-469,932,-857,30,-950,-382,-532,327,823,-562,-231,497,209,37,877,498,125,312,481,-748,75,-43,332,-216,-183,-571,199,924,503,-523,-860,23,57,268,-576,482,237,373,368,549];24;24;True
[606,476,-266,204,-537,-278,574,369,-389,-916,6,-1000,-328,-712,780,677,324,837,-712,-82,365,239];7;6;False
[338,998,148,-12,-298,-568,-204,488,-444,-304,-682,-406,-892,-578,-414,936,-728,330,734,-564,-228,684,-480,-216,-28,770,54,964,604,660,-926,-574,906,-994];0;0;True
[-346,-857,791,518];2;2;True
[137,-415,-71,385,-151,209,-987];7;7;True
[276,-690,-492,886,396,712,-724,558,304,748,-314,-786,-720,-52];0;0;True
[-675,-323,-928,-677,691,886,699,-309,702,550,209,-783,635,-989,-414,312,-17,592,991,-411,361,211,-231,-695,280,-583,1,869,-131,230,790,-99,-623,-159,280,49,125,829,-277,-657];29;29;True
[571,845,-552,-333,-949,-336,-711,-875,471,-725];8;8;True
[-561,-925,-939,-595,915,-357,-275,651,867,-729,587,-99,789,-867,-419,863,53,395,-849,571,689,-129,-849,-125,35,-393,-61,903,97,-405,-785,-653,33,-199];34;34;True
[308,-475];1;1;True
[794,552,224,620,772,30,-848,-904,128,-85,268,948,-378,-544,434,728,110,644,-216,-552,-268,-384,320,-416,171,-984,158,-888,-74,-580,694,-466,-774,404,-288,920,-502,-182,-410,-548,-382,804,88,-238,582,-566];2;2;True
[648,4,446,758,-560,-242,-316,940,-814,-898,150,-230,192,756,478,-786,248,8,486,-714,614,184,-574,-702,-244,-614,690,-928,202,-912,-714,404,-568,-960,-532];0;0;True
[-485,456,-757,-239,-210,-929,70,244,-830,260,22,641,709,40,865,131,-771,459,507,953,938,699,-968,81,-114,821,-668,-294,772,321,-109];17;17;True
[-963,-80,841,-477,-846,-677,-133,-767,200,601,191,-159,647,784,87,-113,-423,791,707,-377,-498,994,-329,89,763,387,-675,-581,-717];23;22;False
[480,368,172,730,252,0,-880,-91,315,-633,968,-614,664,-6,-922,-96,189,968,-942,336];4;4;True
[971,-457,57,-841,-137,-287,-149,417,795,5,-839,-179,227,619,59,-369,-537,-777,15,455,-145,-315,-535,-1,-9,969];26;26;True
[-205,-363,-921,-813];4;4;True
[-879,-986,-294,492,-675,497,946,614,-74,946,968,274,-37,-522,-568,410,401,594,842,-527,996,-82,562,408,-276,81,-576,519,986,528,-928,-391,-911,-74,26,-868,210,-637,334];11;10;False
[-915,-637,-931,963,221,731,-397,-429,455,89];10;10;True
[355,205,113,925,-689,-735,105,-729,53,53,-403,397,-777,157,-997,-97,467,11,595,-381,-941,613,91,-663,-137];25;25;True
[253,-187,-205,402,513,289,134,283,-251,202,-95,-240,506,489,-617,509,-31,-881,-823,-539,588,255,-419,-631,761,-701,432,737];21;22;False
[360,-538,-309,-877,-212,-354,666,980,733,-330,-638,-656,-46,-814];3;3;True
[-721,878,100,-430,-22,-92,768,747,594,634,409,646,-768,470,784,948,809,-146,588,987,708,-248,-399,-524,-448,-168,-478,492,800,-360,245,-510,-280,-440,-116,-922,-402,-504];7;7;True
[-745,303,163,363,-229,-203,-27,-411,-319,-473,-931];11;11;True
[-513,-396,-513,76,62,-113,-107,-121,-438,591,294,0,-928,748,-346,356,-485,108,776,-274,-142,-692,948,-798,-710,48,750,381,-509,561,885,-687,31,492,-168,-739,270,828];14;14;True
[23,-641,-413,-73,-647,921,-459,241,671,11,-417,107,893,293];14;14;True
[734,188,252,-682,-258,642,570,-746,434,618,56,846,-186,448,-66,690,638,456,20,582,950,-82,834,-126,424];0;0;True
[337,-791,-25,-915,337,971,-345,-983,-155,861,-797,415,-179,-115,-173,665];16;16;True
[728,198,767,839,-120,607,212,498,214,-500];3;3;True
[824,726,-297,-520,-32,-196,262,-321,-724,-938,-284,-90,214,496,944,460,703,274,-518,-960,-586,-228,425,900,-318,-318,-860,183,-517,203,-524,726,724,-224,594,-530,-800,276,951,353,-810,-266,798,196,672,857];10;12;False
[241,-261,-231,-935,-158,-206,972,410,-914,376,473];5;5;True
[-43,-496,949,-856,549,617,-991,-571,189,-251,-337,-315,485,787,-193,-276,49,895,969,371,-367,-555,159,-83,-597,-695,645,923,-26,187,-765,367,255,-718,281,147,481];32;32;True
[349,995,-94,348,-909,551,457,-127,843,927,200,-407,846,-227,340,158,-418,316,515,-690,980,-321,-878,-339,-61,-642,73,953,180,947,110,250,-805];18;19;False
[-694,234,-180,-76,-573,102,-353,10,-841,751,-128,-393,958,288,-418,805,778,-596,-10,670,-652,-354,-132,-92,652,-164,42,666,-704,-830,854];6;6;True
[-654,-923,411,545,-715,-199,513,-551,51,214,-885,162,507,-30,-117,232,879,164,435,187,-698,-220,287,843,436,722,192,-345,-565,681,617,557,810,-581,603,-605,-764,-797,-839,680];26;25;False
[848,-6,918,56,542,696,902,-524,434,524,-938,-900,514,-346,646,528,230,-588,-668,976,-329,-642,258,-990,192,-210,736,588,666,-248,654,-518,962,-10,998,378,-544,796,-164,362,538,-42,-600,738];1;1;True
[550,104,-633,658,886,-199,-768,-266,-998,-310,262,376,258,-474,260,144,168,828,-749,928,430,-548,395,620,-666,263,424,-424,731,705,102,411,-440,-914,-654,29,-181,-415];11;10;False
[957,945,-751,603,679,-739,385,-41,-327,305,563,-517,-113];13;13;True
[920,298,-246,-600,-572,310,464,-448,354,630,-892,-870,-94,820,824,730,-322];0;0;True
[-344,227,596,553,-918,-859,853,-191,-505,365,234,-161,-609,556,370,677,-967,-310,-878,-126,-124,972,-157,-897,-146,432];13;13;True
[-649,723,677,-759,-873,277,-405,-383,-595,-118,932,-455,-649,533,-311,948,445,147];15;14;False
[-665,-861,269,-769,-429,839,189,-869,-793,17,-885,771,665,-245,-319,-669,657,661,-665,-597,89,-303,769,-905,489,635,-287,233,825,-575,-883,661,673,-315,701,173,-335,-59,-405,517,-775,489,-91,321,-659,495,677,-69,45,723];50;48;False
[733,923,75,904,510,663,920,639,150,-77,986,-164,-942,-384,-378,-381];7;7;True
[578,542,-662,390,-59,595,-207,743,-208,-934,888];4;4;True
[-678,496,-452,352,964,730];0;0;True
[-207,49,-113,-11,393,55,947,-337,-189,-245,-793,-657,841,-889,979,-607,545,-695,251,133,937,347,-689,-589,-83,185,-345,-617,-683,855,815,-767,835,683,-177,-721,837,-129,511,707,-33,461,-231,-149,-423,557,-577,-297,663,-45];50;50;True
[-304,70,-476,-718,208,966,955,-328,447,-654,510,-145,288,640,276,-452,-286,700,668,239,1,-200,-449,-46,107,-620,472,898];7;6;False
[351,831,105,-811,-261,-783,-962,-232,-425,-219,-215,264,-374,702,-251,-993,122,831,-849,283,-7,414,252,381,820,219,830,985,-339,-515,193,-539];22;22;True
[-421,-355,622,921,-247,-419,-852,-112,213,170,-621,-276,65,835,385,905,-472,202,-587,353,528,505,-956,-455,491,467,171,-597,379,-899,-71,-506,-579,37];24;24;True
[980,-474,591,218,-862,-393,-808,177,224,-715,96,-935,965,-712,-802,-258,-641,968,206,452,542,-214,822,-670];7;7;True
[633,105,-607,-593,651,519,333,348,225,118,-335,-659,851,426,-346,649,857,225,-593,-887,839,-755,287,-561,731,-53,-685,39,363,-679,-93,-577,-39,832,-385,503,743,-909,168,-339,912,-647,240,-669,917];37;34;False
[467,-865,977,-955,591,-9,-875,-851,715,-501,499,-831,-543,711,-155];15;15;True
[-457,-731,663,-144,784,-787,265,-463,-329,287,825,-647,-327,-111,-61,-686,237,-505,729,-59,167,469,-391,682,-89,707,649,585,-323,259,-675,-273];28;30;False
[81,933,639,147,-303,-655,911,-467,-937,-883,225,425,997,-587,33,403,571,767,201,-953,-463,-805,581,127,-559,-807,561,-557,19,623,-965,-753,189,-947,-457,673,985,-53,321,-779,-551,-303,-99,627,-505,-799,701];47;42;False
[788,-41,404,-996,646,887,-144,514,26,-392,41,-173,273,586,560,-776,990,-576,-580,784,-538,-74,28,-378,237,941,-770,-436,-488,-634,977,-913,-492,625,-580,-751,303,-254,-837,-720,614,-958,694,217,-266];14;14;True
[-773,-984,-137,37,397,-828,883,523,-523,965,-218,-643,231,786,-9,-141,116,849,-772,-260];13;12;False
[-226,570,-818,-682,-820,-992,-112,586,-896,882,-318,-46,422,-52,798,140,-952,972,-552,-832,482,-624,324,-188,496];0;0;True
[-670,-726,-546,652,-192,-559,414,-661,168,794,94,318,-894,-582];2;2;True
[94,-268];0;0;True
[879,-51,37,-39,481,265,-383,241,625,-781,-709,451,41,-733,-727,545,-51,841,715,-357,-943,-821,-883,-863,-69,381,857,77,-997,177,149,-839,-459];33;33;True
[-41,595,925,-647,-281,-941,541,659,427,707,-47,426,-501,-427,297,19,779,911,-203,-134,815,785,-529,381,703,-365,471,-79,471,-941,-597,861,387];31;31;True
[-288,552,-768,-832,750,-660,64,-920,8,-844,-178,-304,777,484,826,954,-172,624,932,94,-362,-22,-376,-964,-300,632,530,590,968,-128,558,0,-283,54,-372,663,656,-315,-156,176,-714,-858,646];4;4;True
[612,-99,790,-218,-698,490];1;1;True
[-402,326,-458,-954,-789,-916,372,-52,666,-702,0,-166,522,-996,834,610,-270,374,518,-216,522,-490,-326,362,-378,974,-798,326,-968,134,230,740,-652,18,-834,158,92,-432,588,466];1;1;True
[236,288,-334,-280,-422,-424,-858,62,-628,-862,780,-860,148,338,-336];0;0;True
[769,-233,-523,623,-229,993,177,-33,-287,973,-407,621,295,-435,39,143,-473,-711,639,-959,-657,-443,657,-792,845,-579,746,-889,-36,636,157,317];28;27;False
[491,-280,-840,634,-832,62,169,-837,181,-689,382,808,-538,-938,533,400,-640,774,30,-35,366,-860,-524,177,-1000,-737];9;11;False
[517,78,-13,370,214,0,-629,293,-46,422,992,530,351,-288,-972,262,-396,-720,-942,-998];5;7;False
[505,-463,669,-755,11,283,-597,-99,-565,277,-775,-899,251,-463,-55,485,665,-773,-223,-587,555,-615,469,-299,901,-47,-259,841,821];29;27;False
[-913,955,-253,167,33,-139,869];7;7;True
[167,-515,687,-319,805,410,595,-159,-651,775,-324,281,-747,-777,-819,-683,723,-839,375,160,-425,111,923,-55,-639,-681,567,-731,403,461];27;28;False
[-134,-84,-539,-774,-444,-280,132,685,-83,-662,334,-392,308,-707,600,-542,-298,-928,-450,284,-465,-408,-932,-773,-556,-54,-77,712,-868,647,-490,200,618,920,-770,149,-804,268];9;9;True
[162,-212,692,136,-60,476,200,-681,-928];1;1;True
[-467,805,-159,473,-183,247,927,417,-567,379,49,175,539,-979,201,873,-921,-563,-399];19;19;True
[534,-258,871,-315,-779,-74,218,373,457,583,934,1000,-386,253,452,-940,838,-382,570,-670,306,-398,769,30];8;8;True
[27,-340,186,-934,432,201,-215,743,-108,-592,-428,-180,-796,42,-304,705,-190,206,718,-59,142,-556,462,-519,582,-499,658,810,448,-246,-520,156,737,-550,120,591,-609,-953,548,518,757,256,30,422,739];14;13;False
[269,-547,-35,821,-211,267,753,-601,-901,491,-709,-139,-953,47,-939,-317,-265,583,-900];18;18;True
[-55,813,269,43,692,786,-114,14,-541,-195,331,317,-406,-729,335,-183,-255,-571,-758,218,-465,-48,-902,-188,-695,959,359,-595,300,-168,797,-105,95,279,911];23;23;True
[872,-515,950,782,205,656,-252,838,-804,343,930,238,-648,-77,-760,4,992,34,-626,674,353,360,786,898,642,380,284,738,-476,640,-124,351,-278,-124,-220];6;6;True
[259,297,-809,25,-342,379,931,-647,-760,-49,420,-108,-91];9;9;True
[-293,-209,351,378,255,-598,529,186,689,551,644,173,668,-633,712,-333,495,327,-717,703,-615];15;16;False
[-91,777,939,497,861,465,-593,349,-341,-508,474,347,-799,-231,546,-645,-925,945,671,-311,-845,508];18;18;True
[-50,-581,-967,-511,-194,989,245,-47,-189,115,615,330,727,969,-91,-887,-733,579,786,389,633,-173,-29,-45,668,187,-195,-284,-759,-969,-981,-647,621,820,68,-335,541,-577,386,-274,617,-819,599,-707];34;36;False
[-798,-994,-240,986,758,236,172,488,-106,82,40,-218,818,174,-209,16,-406,-454,-884,-836,612,782,-666,-287];2;2;True
[954,-510];0;0;True
[438,194,-935,-425,22,604,-615,673,514,-246,-764,837,994,294,413,732,-727,-451,-522,-794,766,-160,892,-525,-16,-438,-306,-35,-852,907,-795,930,339,978,-823,865,905,623,-936,932,-482,918,-996,-904,-534,-50,-708,-570,-885,-195];19;20;False
[-340,-215,-812,-215,-535,400,-908,640,-636,-554,276,-308,-154,502,536,580,450,-700,424,-461,-122,396,442,-262,598,-982,596,-548,-20,-608,299,848,5,-294,-982,570,572,920,426,618,-490,918,-236,-242,-888];6;6;True
[961,493,-189,-279,-73,265,-837,219,-927,-993,857,483,-601,-43,555,-255,-397,159,-5,569,-65,-719,-955,195,-417,227,293,639,-5,-959,-363,123,-97,293,983,-329,-267,39,943,-73,-811,117,245,939];44;43;False
[-513,37,-771,352,422,-163,910,-124,-773,18,-242,-429,916,313,251,297,-86,-668,-213,546,119,248,-202,-299,374,596,-839,7,-102,-412,815,-933,-188,401,-970,-488];17;17;True
[-327,-837,55,25,-21,-115,135,277,-13,525,-763,515,-671,-625,-903,-861,709,141,963,973,-421,69,-273,409,534,-907,365,399,-597,603,-303,-769,-17,71,-983,-971];35;33;False
[-514,734,784,822,-356,306,512,626,-756,910,40,106,804,-788,-526,788,-304,-14,-968,-440,-854,680,306,796];0;0;True
[-411,348,256,506,737,236,286,-634,-746,-687,-627,-543,-88,522,527,-842,190];6;6;True
[-70,620,-701,-836,-74,-674,-38,992,-32,-108,796,-918,-982,692,462,-54,-444,-548,-438];1;1;True
[448,732,-106,352,922,-292,-36,398,-698,802,-702,472,754,928,-738,646,-400,-266,-324,-612,742,240,148,-14,28,-864,-334,-296,474,-198,-348,406,-68,-436,844,-624,-564,228,-42,64,936,212,-352,-686,-938];0;0;True
[-897,-479,-127,-767,881,-781,115,19,459,411,-925,113,-139,179,941,-903,669,-439];18;18;True
[-303,616,492,-901,-116,388,-184,362,-859,372,581,348,884,182,-265,-68,674,786,-13,720,-834,-4,-80,-266,424,456,-196,200,72,416,-863];7;6;False
[-448,-778,-442,-701,-588,-734,-684,890,-244,580,-826,560,-414,990,-490,-920,548,594,-506,-72,266,-442,812,232,116,-590,-168,262,564,380,884,25,948,-400,979,-615,-315,-440,282,-748];5;5;True
[-102,-977,-633,-572,-723,131];4;4;True
[945,494,-58,296,343,346,30,136,-240,530,626,-821,-52,-832,-579,-854,-470,526];4;4;True
[-316,318,832,762,-660,758,952,-414,1000,-466,1000,602,474,674,-582,280,-340,384,-388,-94,-504,94,684,948,776,584];0;0;True
[666,915,140,-794,794,984,332,136,978,-462,-242,79,-411,-174,818,-358,-108,129,262,770];4;4;True
[-766,184,918,-922,350,-752];0;0;True
[-996,-391,701,188,-925,184,429,-674,-652,-167,136,-161,-591,631,580,913,-875,-746,-225,969,-127,-378,769,-757,-107,627,583,250,418,-322];18;19;False
[338,6,792,856,526,-54,-368,702,1000,474,790,-42,-992,-84,58,-366,-384,480];0;0;True
[610,465,-843,-912,107,923,92,-406,240,662,-173,-934,841,665,345,760,835,-489,-833,-766,-140,670,-909,758,219,283,-885,512,924,-427,-963,-667,-915,701,473,-443,-473,-595,-837,293,-9];27;28;False
[-499,345,-269,779,855,-945,-250,955,473,-259,-967,-130,634,598,577,-714,877,-265,-107,-121,-161,-990,-283,-939,-741,590,-290,-414,697,-930,782,-273,-711,-881,273,977,769,-783,106,-987,621,-541,607,49];32;32;True
[-627,-215,773,193,-186,-545,-24,-222];5;5;True
[731,-441,-463,-648,-701,-617,-699,681,-768,807,221,5,266,-749,-25,869,73,-210,-537,-335];16;18;False
[306,-72,-269,884,-354,51,-238,365,118,659,-265,-942,-105,46,716,-643,750,-968,331,958,465,108,380,267,202,299,154,710,-795,211,31,464,-218,8,-572,796,950,-667,595,-21,-160,-429,-222,-261,-634,-875,-102];20;19;False
[-599,315,855,-456,76,279,487,-267,445,-627,365,-390,322,-331,-415,778,-182,-845,463];13;15;False
[266,-213,833,33];3;3;True
[198,107,940,-639,1,-106,693,726,464,37,-516];5;5;True
[613,-907,408,701,-579,50];4;4;True
[188,644,-344,636,-790,339,470,-378,848,-986,908,802,318,-870,-524,392,-430,-608,150,-440,-894,-764,608,-618,812,678,-106,728,516,-496,-114,972,716,-516,72,72,-456,374,732,718,-144,-959,-99];3;3;True
[520,472,806,566,894,401,-315,195,164,534,-69,144,672,833,102,-563,-932,718,782,-22,-80,377,296,118,-552,644,569,167,-793,-808];10;10;True
[631,-167,-439,59,727,-719,231,-11,-263,-209,139,323,-983,567,193,-647,-801,775,-635,843,-201,-343,303,-305,439,755,115,175,-723,117,901,-575,-987,963,543,-963,-89,-673,455,-923,-713,-307,-851,-743,-133,-847,709,717];48;47;False
[-975,230,-797,591,109,-743,-438];5;5;True
[856,737,743,511,-24,-208,738,698,-295,59,25,247,569,-789,121,-869,520,406,617,-791,291,-611,826,855,-637,-470,523,-755,863];20;21;False
[463,755,-342,-805,963,-853,-67,-893,959,-323,405];10;9;False
[-301,611,255,-239,-177,-141,669,345,-179,-375,955];11;11;True
[503,-363,15,598,-759,-839,973,-79,-25,-891,343,801,919,-445,-799,827,-361,183,-691,-425,-423,83,337,-319,845,321,75,437,-483,-319,-513,155];31;29;False
[809,889,-737,-153,-573,-113,229,833,139,685,367,259,-497,-117,-683,-367,883,-3,-53,525,285,489,-897,-703,-179,-15,-561,-291,-509,241,-611,-817,811,-15,287,339,-645,209,-343,171];40;40;True
[-306,728,-436,82,-614];0;0;True
[939,-211,-127,882,140,-402,369,-44,178,806,-419,-985,279];7;6;False
[159,462,897,601,-203,340,-477,-772,440,341,8,-984,979,636,833,509,624,591,-101,-31,253];13;12;False
[804,178,-654,-309,-670,-642,-875,-516,886,212,70,-966,340,429,112,-992,-199,207];5;5;True
[-647,-533,499,823,-947,-24,-428,-249,-623,817,-187,675,-981,599,387,838,-155,-177,-127,177,-317,923,431,93];21;21;True
[402,134,-482,-548,-172,704,-948,240,90,966,690,623,208,14,-220,20,-48,-100,584,-188,396,-558];1;1;True
[-294,-164,630,934,-456,876,624,114,-698,560,-250,-152,1000,-318,362,-840,-342,-346,-578,100,252];0;0;True
[-1,743,-23,457,229,385,763,943,871,-463,-409,-225];12;12;True
[527,645,807,971,55,287,875,-79,-253,-389,-63,-781,-327,-741,837,911,993,543];18;18;True
[-407,627,130,-499,245,661,-397,-85,-125,952,-63,-149,-191,-429,813,-678,-897,144,125,524,-802,-470,915,-183,646,-702,-85,-181,996,-611,-542,-312,-935,795,51,-263,194,162,45,-829,811,511,108,-499];29;31;False
[567,-322,283,-455,71,-793,587,608,-818,457,-956,390,-946,-181,-6,628,375,-848,-584,-757,-217,-971,553,-333,315,330,702,48,26,105,648,-137,864,-985,863,230,562,-21,-339,89,-953,-869,631,863,-451,759,732];28;30;False
[400,-32];0;0;True
[-892,133,372,-563,-776,-834,300,42,674,850,-14,-822,508,770,-333,-805,528,984,-711,555,-734,598,268];6;6;True
[614,-370,208,-892,-228,-884,-220,380,-187,576,-346,-996,-356,-788,-820,462,-404,999,872,44,-650,-202,790,926,44,34,998,-803,803,136,622,886,-561,916,-384];5;5;True
[-406,-406,-507,658,750,-277,974,186,-844,-995,876,-162,48,416,-515,428,370,-544,-770,-14,214,-478,-454,520,488,744,796,784,932,962,-978,82,538,-310,-422,-438,2,-806,-204,424,784,-664,553,-888,-910,654,-976,996,206,922];5;5;True
[817,423,107,491,76,619,-192,601,581,962,70,542,-935,340,865,-111,951,983,-863,20,-942,-173,823,-884,763,620,-802,780,-133,517,-796,-936,679,-592,681,910,-29,-863,712,718,-973,525,915,-645,624,-559,-334,431];28;30;False
[710,-37,-159,461,327,636,997,-777,-125,-375,-770,269,406,96,-240,-460,844,-355,278,468,-483,174,-92,447,449,-358,770,515,-833,456,-98,261,-2,308,-604,-689,-461,693];19;21;False
[-32,826,454,-166,-988,578,-268,96,-900,-94,874,-692,520,470,282];0;0;True
[-323,669,737,-651];4;4;True
[-904,82,430,878,-470];0;0;True
[900,-44,210,-728,130,976,-770];0;0;True
[-417,588,86,-175,790,-154,-562,-987,-22,-996,-852,-978,388,-716,-954,668,752,-735,-446,-356,636,-372,-56,398,714,-211,760,-378,561,333,-820,-938,28,-136,-16,168,-190,-352,16,-756,772,526,-871];8;8;True
[-582,-503,-52,96,243,518,-676,388,-546,358,-423,-760,-278,-489,-300,-451,-695,-927,813,-776,-222];8;10;False
[443,951,-87,561,47,-843,-695,-603,-644,-570,156,-345,593,-413,-561,175,-107,836,388,202,-427,114,-259,230,-219,335,-353,-786,-426,783,-8,739,237,-593,813,-127,855,542];26;28;False
[218,482,518,732,-644,-712,-410,718,-460,-514,672,306,-934,106,-628,-844];0;0;True
[274,981,343,-213,-733,637,120,-385,-580,307,851,-287,611,-56,171,-250,-509,36,162,-457];13;13;True
[662,48,326,-692,960,-810,-802,414,-190,-802,-198,-442,876,-818,48,774];0;0;True
[-778,395,569,375,-736,434,-945,-223,492,638,-251,-176,662,474,-988,673,802,-472,162,542,134,-33,-148,45,52,-482,344,-531,113,184,-127,-264,453,970];13;13;True
[712,597,888,-736,-314,-297,-331,586];3;3;True
[347,857,-298,-147,-149,-269,-311];6;6;True
[346,936,974,-498,192,860,976,-450,416,-270,808];0;0;True
[-854,-766,222,-834,-186,52,-494,-814,-668,68,100,424,294,464,-384,-180,978,-354,-908,718,352,670,78,212,78,-160,-614,870,-892,-520,256,-554,670,-564,938,-372,146,630,20,710,-968,160,112,392,-400,-8,-104,-262];0;0;True
[630,248,-243,352,-443,606,340,-484,751,380,-789,-506,-246,-656,548,910,-975,-171,-32,-775,724,-174,502,388,-739,470,82,-505,-574,678,-666,-932,196,-98,266,872,472,354,-52,722];9;9;True
[652,-272,144];0;0;True
[-813,237,-627];3;3;True
[-415,-370,46,-800,78,-475,897,-672,774,-512,562,-322,662,560,-965,278,-793,-294];5;7;False
[840,836,140,-970,289,658,-762,-688,-668,259,488,409,-281,744,604,-580,-483,-432,744,98,487,266,764,818,-320,356,-412,440,968,486,273,801,-280,-598,361,-728,878,-802];9;9;True
[-740,787];1;1;True
[-796,-572,-317,730,-238,44,-736,-838,408,12,278,298,-31,-230,-660,942,894,-266,-83,-834,746];3;3;True
[289,-131,-501,-227,187,395,-441,-669,-159,-841,937,-965,571,-899,-741,443,865,-135,-931,-467,-855,33,339,503,-995];25;24;False
[-531,449,575,-209,-143,-575,121,-304,-951,316,565,623,-729,217,840,-847,-845,614,423,-849,762,-477,585,-519,-40,153,-203,281,707,163,587,243,297,-573];28;26;False
[-126,493,994,-917,-3,47,932,-243,-944,-166,-676,507,-202,-994,-206,556,-765,36,817,-83,552,-660,765,474,381,394,814,315,-232,468,588,543];13;13;True
[196,156,-274,-571,-608,-495,808,490,935,-163,-331,-653,-266,458,530,446,-203,496,4,908,-877,-843,321,-231,-390,-756,532,-554,724,976];11;11;True
[-610,-626,787,724,596,-686,-986,-288,718,-308,105,99,86,726,814,296,-176,-784,736,614,620,272,38,192,-362,-139,662,-764,514,194,-183,762,-126,-142,-734,-186,-760,-14,644,442,112];5;4;False
[810,285,694,922,-792,-999,576,-629,821,-616,241,-239];6;6;True
[822,580,94,-592,-830,-490,-556,-500,-312,180,510,-996,910,-718,730,-18,-172,-916,870,992,-54,474,-196,930,932,16,276,428,-786,-538,-440,494,216,342,-178,-76,474,510,-304,380,-658,-2,-912,-428,920,-714,830,-842,244,-668];0;0;True
[-974,-680,-32,224,-430,-158,-996,-58,714,918,-196,-144,458,-140,656,290,120,648,226,288,-670,80,524,-464,-212,460,280,438];0;0;True
[-946,969,99,-165,181,-267,55,817,-927,-653,333,-747,971,-675,635,79,535,755,191,543,-863,-751,187,-831,-669,873,621,575,6,-980,155,-451,789,365,71,463,-159,-23,-433,-881,201,743,125,463,9,415,-143,153];45;40;False
[-761,295,-119,571,855,613,-211,831,-583,-383,35,-277,351];13;13;True
[591,855,181,787,-939,525,-225,-491,763,-203,-435,547,114,415,913,331,-233,749,859,527,-335,772,-569,-885,625,275,193,-603,-445,-35,983];29;31;False
[63,-922,-949,799,785,-456,-532,-249,-563,-79,801,-15,72,383,-605,825,720,-59,-471,-933,987,423,204,587,910,-751,763,-73,781,273,150,-877];24;23;False
[-449,105,-753,73,345,-159,-507,926,788,-403,916,-670,-910,-807,773,-361,494,355,-628,907,-686,-609,85,-715,843,-340,-866,589,45,-395,65,-781];22;21;False
[111,-151,530,485,218,-953,-894,-851,287,-997,-621,-251,818,-978,703,-987,-992,-685,810,451,358,291,59,-131,916,-245,984,-715,366,770,537,-307,-349,85];22;22;True
[-973,-231,802,-559,918,504,-195,512];4;3;False
[257,242,-672,-44,0,-378,-456,-538,-11,131,848,437,-771,932,494,72,-54,923,269,-223,536,296,418,-66,-16,431,829,413,500,500,-834,532,412,718,198,-64,514,802,-400,-128,-243];12;12;True
[182,289,180,866];1;1;True
[757,-5,973,-871,-185,-37,817,-41,-461,43,-989,-295,819,637];14;14;True
[944,-362,418,-146,548,94,284,709,-317,-944,-118,711,535,236,961,-96,-144,845,878,-687,925,914,556,233,20,-403,-155,-769,-759,-88,-98,716,-612,566,-252,-62,-607,511,966,-774,-408];15;14;False
[-379,41,-85,505,269,-215,-196,355,-479,-803,47,-982,763,-482,823,367,163,985,91,871,-519,-817,31,335,-973];22;22;True
[-140,854,-824,-872];0;0;True
[-932,356,-229,-462,244,-822,486,-946,-438,-388,-808,-251,-66,800,-500,316,-674,157,346,-530,-60,416,-835,-966,646,-528,398,-968,-334,226,270,268,-254,440,-220,682,-504,-120,-366,-992,138,-532,906,175,524,16];5;5;True
[905,891,-819,-183,-379,153,-841,799,-83,45,-559,553,477,673,169,349,267,123,-265,-417,825,-485,-9,629,-843,-573,247,587,-605,-137,-653,-221,-641,727,865,-649,-389,587,423,697,241,831,163,-487];44;42;False
[-375,-493,585,739,101,93,-273,-945,341,455,619,-569,963,-47,283,-569,921,261,-971,-803,-951,-529,637,547,-705,313,885,397,17,35,69,423,-223,939,-469];35;35;True
[619,-275,-237,-465,225,-377,-451,-397];8;8;True
[793,-804,795,163,803,731,-648,-681,-296,-3,799,199,-225,-711,-95,564,-672,854,-355,223,77,114,-608,753,755,217,695,783,-130,750,-201,353,-986,-163,-465,943];25;25;True
[257,325,-302,864,-390,855,-749];4;4;True
[387,339,-852,-978,827,-993,-624,-49,-167,361,-7,859,-318,-459,917,-531,148,939,931,-219,-629,777,-372,-767,47,-549,321,401,540,718,-764,872,-472,960,177,848,408,31,22,989,-410,429,-481,54,-819,-563,920,-306];29;28;False
[-203,185,-229,855,523,-734,-489,-197,537,105,461,427,-393,-969];13;12;False
[254,342,-754,-540,491,97,-398,314,-241,442,872,482,126,-764,996,-168,-38,-580,700,-349];4;3;False
[-834,-821,-349,641,-352,678,43,731,824,203,-231,285,-549,652,-970,137,343,-71,542,224,-660,-71,332,131,-897,-141,298,630,-171,90,597,381,-966,-449,943,404,202];21;20;False
[915,-227,203,277,563,831,-165,25,-709,79,-793,-551,5,139,-345,653,183,9,-925,767,-511,-695,-419,-245,-585,-781,613,807];28;28;True
[776,919,978,653,555,-698,-116,688,-854,-878];3;3;True
[-966,378,514,-398,500,522,680,562,461,-498,-31,80,242,360,5,-694,326,-658,435,-457];5;5;True
[366,152,354,-145,-1,967,267,-205,-682,774,162,-867,-400,-210,495,-772,-712,-508,-471,936,566,9,-783,433,-165,-357,760];13;14;False
[-42,230,4,228,-904,732];0;0;True
[254,-344,874,-846,-374,266,-80,508,-876,350,102,-744,-91,521,22,-56,952,-976,118,808,148,564];2;2;True
[-646,-46,842,-968,-382,1000,738,-238,762,616,-308,-768,-818,138,918,-586,80,630,520,-450,558,786,-150,32,308,-106];0;0;True
[286,768,422,264,680,488,588,124,-14,-468,-440,558,962,-760,-728,-716,-304,764,986,-904,564,-672,-202,-86,-256,812,550,-614,478,678,-334,-620,52,-776,918,392,156,-306];0;0;True
[919,-323,15,973,-392,228,-781,10,263,375,33,-761,546,-839,-163,-835,95,63,807,196,-571,-447,-289,303,-339,-141,-471,-807,923,-28,150,445,-255,-885,-786,907,88,791,757,-675,821,507];33;34;False
[394,-14,870,314,-128,-542,-640,322,-236,-362];0;0;True
[-341,566,-917,-470,791,3];4;4;True
[-928,730,-40,638,-110,756,434,-975,-756,286,529,338,-464,-820,-938,188,-512,658,46,-134,-132,-344,958,-269,-428,494,146,562,726,-316,-731,-902,622,538,-601,-658,231,-249,552,680];7;7;True
[478,-334,362,-26,-920,-172,-590,-568,-338,-906,716,860,-976,746,-760,-308,-304,206,826,-428,170,-676,-258,584,-332,690,990,564,288,-218,354,464,636,-582,794];0;0;True
[803,-886,-56,114,201,-948,217,-552,-404,52,-64,500,374,728,498,-998,-988,-38,208,-704,264,556,542,-520,288,412,972,740,-462,-508,-632,-913];4;4;True
[-31,-525,-262,985,297,-129,-611,579,-23,-268,-867,-845,-921,847,-571,295,-961,-81,315,733,-313,656,887,61,588,274,529,-384,665,690,636,879,-465,-797,-21,63,-58,-43,-95,203,-279,-999,610,-683,879,-950,-993,-73];37;37;True
[303,-927,-915,821,-203,-761,-127,-445,-504,-723,-913,-875,-999,-605,16,965,-929,739,455,941,-511,69,725,53];22;22;True
[-241,576,-466,-857,307,198,425,802,-850,873,591,814,-897,-402,913,-509,660,-287,-227,460,-803,-704,739,-553,-320,-610,459,985,-729,-461,600,-215,-531,68,-549,806,83,-852,-352,73,369,107];25;24;False
[-591,-767,117,-3,75,993,-529,-383,-355,-157,-773,223,683,-309,-9,-249,-955,-201,-377,181,361,115];22;22;True
[-91,-515,779,-622,340,-177,895,51,735,93,737,143,264,969,-407,979,998,-606,101,-837,-771,55,385,71,420,201,-295,827,-547,-713,933,-227,334,921,319,-687,-293,330,-29,189,-749,517,-127,757,-805,-135,-661];39;39;True
[-576,-454,-771,614,-482,-960,0,-696,-689,-348,-526,670,-828,-844,118,317,150,884,-934,-882,550,-206,304,734,572,192,946,-422,-930,256,938,34,806,636,296,368,838,-832,-722,-176,542,-934,-154,720,622,-783];4;4;True
[523,896,742,-954,765];2;2;True
[-795,713,185,793,-549,-317,-281,529,-935,287,-205,-523,-253,753,-787,333,-105,-693,129,-739,-941,-973,-911,-345,-579,-223,93,341,-799,875,89,-539,827,369,97,-555,-215,-501,353,561];40;40;True
[-336,-706,828,-426,-674,314,434,-520,-204,940,112,852,550,-748,-654,644,24,-362,612,986,-536,-758,424];0;0;True
[-348,-510,-428,618,-868,-486,190,-580,272,937,284,360,579,-770,-486];2;2;True
[167,-266,610,140,-502,-853,628,-721,-318,722,50,-452,-500,-217,-114,-255,768,20,607,-541,-941,-933,-80,556,872,-595,-794,538,-173,-449,208,50,672,597,942,-211,-325,982,-930,-418,-861,112,560,-663,884,-874,594];17;17;True
[336,-503,735,307,265,93,-167,-129,-635,887,125,801,-61,969,-5,-795,-224,431,-81,-295,-695,-175,767,157,-949,715,103,217,839,491,386,239,-879,619,-481,-351,763,895,-971];36;36;True
[-606,292,982];0;0;True
[-759,569];2;2;True
[29,936,-192,256,339,-664,492,574,949,927,-329,-464,252,-487,484,510,156,-814,311,-637,934,-30,734,-595,-766,-278,520,-155,243,291,-271,-261];14;14;True
[869,417,-346,-467,559,-401,-835,658,-555,-965,-385,-327,947,-916,-898,264,-889,-365,-289,442,-127,-305,217,18,-365,130,-719,-141,899,-868,-724,749,322,91,-775,489,-919,229,121,-336,-913,119,893,-80,901,-297,-391,76];34;36;False
[620,543,660,-284,-24,-382,-232,-144,-260,994,-12,-286,134,220,-394,94,600,422,-110,-778,-648,-660,362,-886,-926,908,390,384,-234,332,-628,-12,238,-676,-782,974,-12];1;1;True
[167,193,-639,799,-17,-261,280,505,-805,-75,-687,711,570,269,897,457,172,-884,814,817,747,750,280,81,938,-914,179,227,991,853];21;23;False
[-825,144,-649,565,565,989,-933,-966,-197,-358,133,268,-586,-97,-520,-768,335,269,-169,149,188,147,212,-955,355,-568,-241,293,626,-603,-448,239,267,-1,-260,-925,389,866,657,298,-604,638,-123,-629,-251,776,-878,-520,499,-905];30;29;False
[-436,-520,-925,404,714,472,-526,-961,992,74,918,676,-748,-784];2;2;True
[-998,248,192,-504,-234,604,-638];0;0;True
[387,-1000,-493,984,699,863,-51];5;5;True
[424,-802,10,-90,-416,-490,546,-668,-948,-12,508,-252,360,680,706,-502,760,832,966,-302,-682,-832,-916,-718,724,-970,502,-134,-582,14,-366,-784,-860,318,-864,-554,612,192,932,266,-174,-722,214,116,-868,300,214];0;0;True
[429,-219,-621,551,937,-145,293,945,559,751,37,-557,-633,679,123,-649,-373,13,297,-249,753,-395,-445,-717,749,-985,609,-915,987,-585,729,-653,807,-213,-983,-289,513,509,819,945,-609,45];42;42;True
[-748,615,381,-18,372,-128,808,-270,345,311,-313,-734,-2,393,261,466,755,-434,-541,244,46,-324,714,-394,-452,-959,-153,788,63,-579,-108,834,-351,-979,-975,-233,-875,-625,-860,-866,284];19;21;False
[-343,407,-351,-57,-993,109,-207,85,264,-535,533,813,657,369,-379,589,-155,-785,-97,717,909,79,-947,-495,-949,713,85,235,561,485,405,-539,-47,297,-113,-195,607,240,577,-559,-929,51,-471,303,333,-167,793,-909,951,-95];48;40;False
[-848,324,-607,647,433,-643];4;4;True
[-883,-783,769,621,-101,869,797,-405,977,393,-535,973,-839,631,-831,-41,-913,-799,573,-975,-305,45,387,725,-899,109,-317,871,35,-15,751,-261,223];33;31;False
[355,707,-113,359,-909,-491,-141,-747,359,-139,-856,-173,-789,-397,-191,-809,-819];16;15;False
[398,824,682,129,-50,254,-618,-740,-139,-762,-360,-398,-650,-992,108,-11,426,462,988,-210,-368,431,-412,338,-148,-748,-48,-516,-840,-242,-112,-522,-334,-160,954,168,-394,350,16,0];4;4;True
[96,-640,-336,-906,976,-526,866,-346,-875,-376,518,-216,28,828,-603,442,-62,-660,-692,-430,278,618,-971,772,482,612,-373,110,812,190,76,-180,-932];4;4;True
[-553,368,589,941,-847,942,-972,-757,-662,740,-990];5;5;True
[-82,910,-450,-866,772,706,-738,-115,570,518,-226,150,958,362,-828,-398,-776,-753,-406,-632,-54,-1000];2;2;True
[-326,-288,24,-770,-76,314,-520,626,598,302,-630,-590,50,50,-116,246,924,164,152,-858,-860,-188,922,-88,-898,-26,-66];0;0;True
[-916,-611,308,-814,70,285,899,262,644,-396,-54,265,-227,-390,-629,-615,299,-20,-390,472,535,-712,442,307,-62,-51,889,-112,-747,-317,54,-734,504,696,816,-608,532,520,-639];15;14;False
[-989,853,-359,193,583,842,572,-232,-901,972,359,-510,-459,599,841,-611,-572,339,843,724,-510,-661,-712,754,255,589,-422,439,-738,863,-952,-773,-178,113];20;22;False
[319,645,197,743,-165,-851,491,-743,341,851,287,841,-723,-209,113,-827,-531,-381,-925,-997,-221,565,-255,743,-691,973,475,-295,-871];29;27;False
[-306,434,-544,168,624,526,-446,-416,390,404,-614,348,288];0;0;True
[941,-393,331,-338,-854,-168,341,-952,977,-551,-272,-753,-703];8;8;True
[-112,-955,127,-237,-126,-980,-629,108,-1000,-835,-302,-562,682,241,-924,-993,188,-493,350,-500,140,718,-758,-425,-498,-628,-789,986,-360,370,873,-715,-306,118,704,881,-43,-608];14;15;False
[-502,724,860,-468,728];0;0;True
[0,943,-713,403,711,945,-781,-629,-545,451,153,-315,465,-222,847,821,-140,727,-759,801,-94,-385,639,201,214];20;22;False
[831,981,-413,239,-351,927,-987,595,487,639,-785,337,-111,-7,-497,577,-105,-979,287,157,-375,-499,707,-756,-902,889,-721,583];26;26;True
[-802,958,636,-895,-608,365,420];2;1;False
[271,77,-157,589,936,-901,-913,-547,-671,-99,-529,-53];11;10;False
[140,-586,-302,-562,-30,-90,894,-392,400,814,170,-474,630,528,100,-642,974,-244,680,-662,964,310,-734,458,-524,-550,-780,34,952,-198,-222,326,-462,-256,-510,-46,816,852,-36];0;0;True
[808,-372,-896,706,-940,-84,-186,852,-784,-772,-968,-834,180,206,334,884,824,-940,-424,-310,-706,-124,-640,208,-506,-954,744,102,-752,-636,616,-746,168];0;0;True
[413,385,-157,147,605,909,446,950,-321,-718,174,931,-625,-297,995,-291,-261,333,-264,638,441,-136,-272,-517,-890,772,860,241,-787,457,-861,-556,526,-122,229,-426,673,-762,-940,-751,769,816,864,430,-673,937];26;27;False
[164,-188,78,-506,715,236,262,476,664,242,-656,-16,-678,-346,-28,-786,-848,-924,-140,984,302,-598,930,34,98,-808,-741,-627,-186,712,-454,-915,-297,-540,706,-288,-310,-348,80,939,-751,-564,-118,-356];7;9;False
[-748,339,-402,368,445,853,-362,-57,-342,440,284,-631,-764,-356,697,-198,-270,-596,-792,-242,-368,-160,-977,114,-255,722,464,-384,738];8;8;True
[174,-558,-818,252,828,36,556,-544,-932,-946,676,162,146,-870,540,56,-228,172,-748,-492,604,688,-712,96,-620,-128,-686,-948,-774,18,610,778,-286,342,422,488,992,-938,648,700,-349,464,353,996,444,-228];2;2;True
[-32,-816,486,884,102,800,394,236,-452,965,-608,628,88,192,148,-576,786,-756,336,535,870,968,92,-111,396,686,662,913,-667,639,-76];6;6;True
[210,756,-508,654,824,790,644,-161,966,482,-280,440,-822,886,928,-219,962];2;2;True
[308,-304,746,834,-14,-776,108,16,52,490,358,-728,620,804,828,-274,-574,372,158,952,508,-598,196,828];0;0;True
[-684,961,-321,60,907,341,589,-237,-981,-861,-858,772];8;10;False
[-667,-838,815,-207,177,-35,610,894,-744,-961,-252,-667,-178,-215,995,906];9;9;True
[-962,-289,427,-209,314,-507,-744,-911,-462,362,240,-233,686,-572,-30];6;6;True
[-17,-404,327,-608,490,563,185,658,-675,-418,602,-341,728,720,-903,699,-626,-668,-854,196,238,48,970,70,-381,335,-446,-957,-381,656,-192,407,472,-862,-887,-427,508,-245,163,-971,-512,914,1];19;18;False
[-625,849,655,-169,-13,779,221,369,-689,-945,391,-111,205,233,317,591,755,-831,-549,353,175,-327,513,-83,815,-725,183,-119,807,-491,-805];31;31;True
[-114,-262,475,-826,224,-834,880,269,-880,362,-180,448,-789,584,-199,470,52,712,328,447];5;5;True
[-367,777,-822,170,860,-904,262,-325,360,-428,10,113,121,956,-231,436,-671,-302,-719,-242,735,513,-757,-286,735];12;11;False
[-705,-143,-619,335,307,-846,-132,-824,855,403,-855];8;8;True
[348,-224,-156];0;0;True
[-181,-95,731,297,-987,924,-448,673,-399,644,-8,726,591,-975,962,-165,731,-131,-845,494,209,111,-777];16;15;False
[-583,312,818,-330,26,850,-874,-984,240,169];2;2;True
[262,196,-491,-332,799,-68,-740,938,-258,531,-794,922,161,-362,-282,-777,745,-343,297,567,-888,145,561,451,157,-742,67,480,-14,984,-703,440,-44,-878,452,-809,620,190,-690,-386,-661,-610,416,331,-92,-407,47,746];20;19;False
[-897,-273,-971,-451,-662,25,716,-585,-288,953,-585,401,-859,810,-713,-755,-43,-600,-34,642,-131,-399,23,453,-716,-559,289,796,-823,-635];21;22;False
[-439,755,383,415,269,-923,-729,-509,-21,381,237,687,157,-753,-273,-641,-333,-627,-865,481,381,573,-611,-37,631,-219,-217,859,565,-615,-453,351,-543,-439,-931,703,163,-411,-751,-863,399,-843,-321,-645];44;44;True
[696,-230,988,712,872,354,976,-814,306,-372,144,-702,-758,-225,-238,2,632,-428,108,-688,-190,-214,-986,392,-874,124,-626,-42,286,-902,-400,-242,-450,542,836,126,-350];1;1;True
[132,-508,634,-298,-130,538,-176,-704,-948,748,774,64,-258,-964,-830,-918];0;0;True
[485,363,-235,650,-41,149,543,-519,-125,-113,-555,205,-933,443,899,-928,714,821,963,587,-6,-548,354,-97,572,573,-516,-119,-993,-277,-115,-189];24;25;False
[-303,741,31,993,-885,-781,-881,-745,415,-385,-923,-599,891,-401,725,943,693,-845,263,-657,-101,-21,759,501,-945,-595,-939,-967,559,-127];30;30;True
[99,484,56,843,-52,88,582,42,-866,-816,-173,280,646,616,36,-523,-972,-524,-98,471,-93,-542,-360,750,-340];6;6;True
[229,-178,393,783,-593,234,-429,669,-647,599,-901,-291,-552,-910,707,-703,294,-773,0,-55,-228,-276,669,-928,-1,-902,579];17;16;False
[-717,112,458,771,464,-161,-14,695,-233,-654,854,-672,-740,846,-554,928,296,-291,322,586,864,162,186,-104,468,-557,-846,-2,-384,901,-961,-64,131,862,-261,-95,480,887,136,458,-411];14;14;True
[892,-300,-606,-286,-638,-556,806,-838,302,784,-922,726,920,-864,-818,250,-850,-840,602,-610,-610,950,166,-872,-666,-482,458,-216,426,876,-310,-96,-728,-472,404,402,52];0;0;True
[431,243,420,-821,56,-801,-688,420];4;4;True
[-969,582,86,-552,-260,586,-229,631,904,862,-896,454,579,152,798,-406,249,778,-542,38,-29,390,540,-854,519,-762,-645,898,280,464,-208,-78,-20,302,-440,154,186,586,313,-954,661,424,484,511,-796,-912,-939,644,-949,834];13;12;False
[-573,-487,155,556,413,615,760,745,449,495,387,-118,659,791,987,943,-988,806,-152,-884,-575,-964,233,92];15;16;False
[493,902,898,-927,-188,-278,-489,-152,-772,-984,434,-144,280,-648,-802,-638,-164,48,420,640,517,-625,-380,-803,-780];6;6;True
[-261,1];2;2;True
[853,-863,-745,-383,257,441,-619,413,809,-417,-667,455,-829,-825,-659,651,-473,-325,711,839,413,389,-931,-163,-147,-319,95,-19,71,17,77,809,865,429,-287,-133,625,-571,-227,-993,955,275,167,137];44;44;True
[881,-857,-369,595,387,-109,-237,-993,-907,-719,-779,901,-235,107,-67,-341,801,-887,777,507,181,147,909,189,-851,-781,-685,891,-442,-727,469,843,785,-131,-651,-255,131,-859,895,89];39;39;True
[-134,-359,-446,274,866,846,-960,894,204,-540,-904,897,-879,698,20,-244,-918,-642,740,220,854,-438,-646,-204,-848,464,-866,-205,-820,511,970,962,902,-276,-252,-846,198,-288,388,879,577];7;7;True
[-771,395,-903,-895,-167,785,514,-316,488,-173,97,-685,201,419,810,981,-729,-984,-160,-484,-82,-539,-203,-601,694,858,571,259,-417,214,854,-169,23,-873,-128,72,-638,637];23;22;False
[-13,145,-661,725,646,-55,683,-361,-661,863,237,784,-226,747,-666,-357,699,755,777,768,-57,-813,662,-15,982,640,-921,749,398,558,881,-169,-31,-319,274,-109,-769,187,-39,74,991,-219,-217,-344,701,-469,553,436,643,-870];35;36;False
[-559,554,348,-956,-485,-23,15,260,-159,969,-935,-435,-561,-913,443,-989,473,-981,954,-655,193,374,111,919,-128,513,351,-15,-793,-43,645,-587,-661,221,-119,-609,-615,815,-223];32;30;False
[585,760,791,-535,-952,478,286,888,356];3;3;True
[17,-773,-383,-643,421,-613,659,385,989,403,483,-449,35,-455,565,-579,993,639,-813,-781,-355,-709,-901,-87,499,987,-659,831,-961,-715,-721,677,683,-313,-577,-279];36;36;True
[645,301,-531,-779,723,657,-257,45,891,-563,865,651,-487,-523,501,-637,-291,125,85,-413,515,9,-867];23;23;True
[-255,-235,223,181,-763,-773,279,-563,401,-877,895,-655,775,429,-423,-909,-235,195,313,-499,365,-675,505,-869,-621,809,967,679,127,-373,-551,-397,587];33;33;True
[-229,325,-190,661,-393,797,-499,684,255,-199,-562,482,-211,-715,684,533,-443,-341,631,-15,896,-287,576,262];16;15;False
[-228,-322,167,244,949,793,-112,-998,331,-801,-311,117,231,-917,-126,-968,-983,-487,729,-107];13;13;True
[738,-136,-611,40,-474,227,-976,644,861,441,861,-953,83,479,282,-792,-723];9;9;True
[838,-266,-298,-892,-795,930,-40,950,367,-672,-456,-28,-844];2;2;True
[61,-617,60,910,-350,236,179,899,888,-507,-910,20,-143,974,269,920,887,517,-906,-848,304,927,-94,-833,713,513,175,96,-263,-833,-968,-438];16;16;True
[213,-470,900,-696,184,198,-876,-188,-10,-418,-246,-216,-792,-620,-878,652,988,-498,248,-744,-892,-401,580,-818,-728,-542,-152,-98,-320,710,-848,-900,792,956,-260,324,-364,-511,-111,-346,646,-460,222,432,434,537,-622];5;5;True
[817,-459,-761,-319,-869,-859,577,-226,73,-791,811,-469,979,-289,421,-117,-725,-845,-802,329,-359,-540,429,845,717,469,629,-417,493,-832,-987,-791,-443,-878,667,568,-175,-950,581,-509,467];34;34;True
[-853,397,-214,175,177,153,-311,478,-445,703,769,721,439,-424,925,227,131,134,-563,-157,-202,785,-167,-483,-345,-681];21;22;False
[5,413,-637,817,957,365,208,32,996,-725,266,-437,979,978,79,-579,507,279,-360,-472,-107,-718,949,364,784,-147,514,841,-981,109,-151,899,-348];21;20;False
[-363,797,-553,111,-675,183,51,441,615,-713,269,147,-673,-961,741,9,-977,-965,937,-233,-353,-649,365,141,-477,985,-833,-233,765,-781,735,-399,-575,-817,889];35;35;True
[-970,639,-700,-835,-884,-161,-331,568,-970,443,-214,400,502,765,19,542,-199,298,88,-723,-653,136,579,57,-562,-831,-420,-25,-445,-769,-397,-37,296,-196,241,-971];20;19;False
[641,854,617,124,-228,-186,-486,893,-511,6,-339,-259,477,786,-514,804,165,-174,-620,869];9;11;False
[-222,132,-160,880,656,-544,-996,2,-920,-786,-552];0;0;True
[731,697,833,483,-517,968,843];6;6;True
[-269,-702,-374,-234,-298];1;1;True
[-55,-905,791,667,256,-861,-665,-999,525,-571,-522,965,41,-317,-297,346,560,-575,-424,-37,659,282,207,-769,839,-58,952,329];20;22;False
[305,-769,99,302,439,221,-598,-933,-136,-712,868,333,989,-142,383,212,-463,259,-449,-131,281,377,-843,-383,-642,560,375,-883,772];19;21;False
[-124,-560,280,-252,-298,138,330,-32,764,-694,52,-212,-800,228,462,-950,666,580,915,-112,112,712];1;1;True
[282,-88,-984,254,-134,364,-496,258,-200,704,-156,868,302,-468,-504,792,-278,50,-374,540,-368,-442,817,-488,-418,-620,-44,-426,-798,616,-90,478,96];1;1;True
[264,-851,-756,231,479,-661,-939,-919,-83,-597,-711,837,221,824,-768,411,-196,-145,801,559,483,-241,430,-651,425,779,-543,8,904,791,642,639,-643,-380,263,394,392,-995,-600,835,-60,-850,-237];28;30;False
[417,89,-470,683,-583,545,462,968,-941,390,-547,888,59,40,189,-118,497,118,-256,-378,-527,777,-733,-230,-816,-208,995,641,-167,566];16;15;False
[-707,861,-951,-321];4;4;True
[430,892,-402,976,108,950,94,652,206,-494,-638,-694,-750,-806,-60,534,568,134,-382,752,-276,850,218,-222,248,486,574,-412,-450,468,502,-860,-364,-486,-920,100,-626,-724,930,-220,154,-354,-866];0;0;True
[-855,-935,-803,200,-24,-630];3;3;True
[694,608,433,938,218,826,-147,-840,-465,-570,208];3;3;True
[-119,-923,-653,-773,-539,685,-133,723,-179,-97,-993,-801,-715,-535,553,-669,-415,-435];18;18;True
[-604,-961,203,-99,481,-9,-485,-647,761,631,-21,-855,339,-145,-875,661,-655,-731,-591];18;18;True
[713,-189,-744,356,923,-674,465,-736,-830,-175,243,-689,840,-289,-463,818,833,-551,-100,805,995,777];14;14;True
[751,629,327,399,643,573,393,-13,-545,-611,201,223,515,-641,-549,-21,339,993,-879,-759,823,-225,-221,237,-793,-107,-485,949,-467,-115,-291,-529,-971,-405,-741,-303,-269,337,-945,455,-767,-625,105,637,717,147,-125];47;47;True
[-793,755,667,576,324,-503,842,-839,36,-548,-456,108,987,446,594,-141,-430,-959,690,432,-300,-120,434,-508,-500,-970,-123,308,-427,421,153,824,493,-989];14;16;False
[572,-338,338,-286,570,118,444,-338,-706,-682,94,-76,-774,-802,224,-260,-700,-576,986,142,-448,950,296,-358,-654,72,-418,296,-908,518,-764,-930,-576,16,-274,-126,-752];0;0;True
[647,629,321,525,-213,-815,443,-179,-636,722,441,729,-132,-666,-412,-243,-629,-124,-281,805,-225,-119,394,661,117,-972,239,482,219,951];21;23;False
[790,-540,666,-812,-956,422,-996,-60,842,912,-842,-342];0;0;True
[-438,-978,-724,-474,562,236,-202,-584,650,888,818,860,-170,-926,34,134,-576,964,-16,-892,240,230,-138,926,-782,-318,-338,-174,-176,-252,-650,898,-436,-318,-268,722,-278,-862,-336,310,600,710];0;0;True
[48,223,891,146,385,366,326,-804,-342,378,960];3;3;True
[-807,723,843,789,-221,495,831,971,147,-521,-261,467];12;12;True
[-797,-868,-609,561,501,-753,655,-511,645,-145,293,-757,337,967,-259,-333,479,427,-269,321,231,-461,-667,-38,-243,-951,-423,-532,-255,-853,739,969,281,831,-71,-691,-579,675,559,983,439,-297,105];40;36;False
[-28,876,836,396,-728,292,-412,510,-458,-488,177,986,-446,636,452,-842];1;1;True
[-437,-689,755,-995,97,-561,-708,-277,172,630,-518,853,379,-478,162,730,-421,944,419,-114,711,-135,550,902,368,-197,-937,24,251,-946,766,164,917,549,-713,-536,576,-651,-804,-413,232,619];22;24;False
[-9,301,214,499,162,-615,260];4;4;True
[-556,712,310,888,964,-382,166,886,-278,-558,-668,22,186,-124];0;0;True
[423,-796,160,127,117,742,656,-463,261,-755,355,624,482,-507,-824,-549,474,981,662,-549,-355,-729,620,353,243,867,724,-538,341,-952,-265,982,-245,197,8,820,-776,-875,964];21;21;True
[-790,982,-178,-848,686,152];0;0;True
[-384,-776,-396,-642,-538,-44,28,-496,-284,-576,950,-506,-754];0;0;True
[-623,-941];2;2;True
[-623,-941];2;2;True
[-203,-224,871,628,-748,-618,-385,-636,442,982,106,380,-838,-389,-70,943,-836,708,-181,-772,-713,728,-397,-436,791,-896,229,906,52,-865,202,170,-584,720,769,276,900,-629,-282];13;15;False
[566,52,-340,-335,-236,971,-123,-911,993];5;5;True
[-326,-305,263,930,-163];3;3;True
[337,750,491,407,-810,265,-686,395,993,881,-497,-557,-570,207,967,93,-547,559,-701,392,74,841,493,-355,520,-950,-959,343,411,-435,543,887];24;24;True
[147,-129,-479,682,925,931,889,-271,-311];8;8;True
[-109,-152,290];1;1;True
[347,23,-393,739,107,553,-423,109,835,-359,-287,-642,227,-595,-617,-203,205,926,121,-349,627];19;19;True
[-296,-846,584,114,-1000,634,-996,196,-662,952,32,-794,-950,-158,282,142,-618,346,394];0;0;True
[584,-15,-942,446,-38,-162,-541,835,-666,-974,235,-903,-221,-337,-449,423,731,-673,763,-525,-182,-283,65,19,-980,-129,-139,659];19;18;False
[198,325,410,434,-324,30,646,-338,236,-809,562,661,-726,-280,738,-987,247,-590,121,666,382,336,770,476,930,-8,376];6;6;True
[260,258,806,-890,758,562,160,-866,-434,-748,300,8,-84,-106,-812,212,-878,42,610,848,602,216,848,314,-318];0;0;True
[-453,-844,177,-636,-525,362,274,680,323,128,-201,144,763,91,757,-699,908,502,-510,-701,-475,-260,186,-730,-981,-702,879,523,363,-288,-145,889,-413,-403,-391,-398,31,235,51,-210,-767,-378,-239,32,-191];26;26;True
[885,185,-673,599,-899,-277,549,-635,118,103,785,-81,-543,-673,-857,773,973,-199,153,264,672,166,-769,577,-857,571,435,64,-959,542,-369];25;27;False
[-265,31,181,-913,-191,-307,-129,-49,-165,555,-205,-945,487,-685,193,491,-163,-693,-583,263,-981,-335,-261,255,-807,-287,613,-991,971,-17,555,737,-613];33;33;True
[308,746,680,-426,-403,620,-200,-470,-1,362,-749,967,-448,-540,98,46,693,-668,184,-766];5;5;True
[418,-322,646,-517,194,-249,-180,-631,662,-260,665,-821,128,-436,99,130,177,-371,-521,100,-392,-470,438,397,-339,-190,100,110,482,-832,-416,256,-813,-855,-278,374,-93,601,-933,-700,841];17;19;False
[116,348,-47,660,-154,-386,-873,696,-742,642,780,-168,952,-284,-214,-854,250,394,-382];2;2;True
[-672,-706,974,890,-24,978,-462,-126,-964,78,-946,-824,-480,368,306,558,110,-258,-816,-710,339,338,-556,-230,82,-276,816,-934,772,996,548,268,-980,-282,402,306,442,124,294];1;1;True
[186,642,-718,-22,62,26,538,-580,546,402,218,578,88,824,-814,-398,-11,-558,-286,-942,908,536,-932,-116,454,-696,-836,-795,-640,-958,704,430,-320,918,-27,580,366,478];3;3;True
[-243,817,-835,-401,-623,645,609,-27,201,445,-867,193,487,17,455,897,-565,909,-295,-401,-55,-635,-207,-761,-215,-747,-39,357,-885,-403,827,-893,504,-815,775,641,-351,-539,800,681,213,-431,193,155,895];43;41;False
[-820,82,-604,110,358,-574,-876,938,510,-446,-874,-322,-200,-354,-400,-664,172,-72];0;0;True
[-915,996];1;1;True
[158,84,-108,884,932,-826,-904,-106,-476,524,68,482,626,114,-386,-272,-76,850,-94,546,850,-348,-402,674,-332,-898,-273,-617,-824];2;2;True
[-604,757,-290,-726,-187,83,260,-615,244,-962,119,-54,971,-718,-505,18,-190,-12,499,141,-537,643,170,-586,-229,-253,660,929,-926,-966,459,749,-264,-940,-582,339,-406,-953,161,533,-75];21;22;False
[173,-294,624,-497,-264,-310,-146,292,-986,-109,-978,751,944,764,532,734,704,-180,810,-128,-358,-891,284,910,-728,-41,-666,-694,940,-838,-558,-145];7;7;True
[-187,500,169,972,-516,358,574,-785,290,113,527,-580,-789,-968,-152,-237,-287,-708,-505,132,28,-970,124,-327,889,-509,-191,-270,-135,755,488,-26,855,-446,-161,7,-77,-406,620,406,-582,-372,-21,699,469,829,809];24;25;False
[700,238,-36,663,234,120,932,-755,713,-672,796,-452,55,-504,170,351,179,-492,-702,820,628,336,-276,999,-991,-596,-121,-684,320,-171,-60,-777,-161,-516,768,535,383];14;13;False
[-268,377,-84,-193,-647,-98,-842,264,-677,858,885,39,382];6;6;True
[-868,-203,-465,61,-339,251,-853,358,705,833,-59,975,793,-129,950,999,369,283,117,-771,-955,905,97,-788,-229,-769,-719,325,41,7,-923,557,694,391,902,-57,377,-841];32;34;False
[-688,274,-760,-562,352,316,-196,804,808,10,870,-662,858,-448,888];0;0;True
[187,203,210,229,-810,504,865,461,477,-429,430,-779,999,464,923,529,882,910,196,-391,755,-718,-452,-941,-426,20,639,-531,2,956,-970,977];17;19;False
[704,854,-334,680,275,986,-262,-844,112,128,578,64,-905,658,-880,-281,550,76,-956,764,-112,964,-386];3;3;True
[-241,765,-613,843,467,763,-691,-174,482,181,-989,-365,-625,-125,-37,372,861,609,-417,767,907,-35,-897,725,-91,439,-33,91,-449,935,419,617,113,153,-361,-773,665];34;36;False
[183,-29,-811,-774,755,-185];5;4;False
[-12,-156,-957,-16,-638,-989,152,-203];3;3;True
[-74,609,-517,-362,-780,-427,261,927,-740,646];5;5;True
[-607,231,-312,-847,-499,982,250,-994,-950,-697,495,-49,-924,647,-331,-55,-264,705,530,-953,487,-706,-668,-892,-863,179,-616,-218,-226];15;15;True
[-317,669,-387,-799,19,565,972,281,-608,-291,571,-777,930];10;10;True
[-310,-136,-208,-728,750,-860,577,76,220,-976,624,644,900,-578,-346,-518,-614,-668,744,-460,-646,404,96,760,-66,270,-80,-194,48,-270,986,636,-36,160,566,146,-848,-868,922,356,-928,-526,236,-558];1;1;True
[445,-241,449,395,-119];5;5;True
[258,-822,318,-362,447,-805,-605,463,-480,902,-381,-956,324,-795,-966,281,100,321,843,674,-454,458,34,-512,702,995,178,-103,909,-743,-544,-374,-510,-210,-762,-928,-590,-34,588,-324,455,-870,-747,-738,939,850,505,-503,-864,752];18;17;False
[-612,620,220,102,754,708,24,-384,736,544,962,-452,208,-754,848,931,502,-704,60];1;1;True
[-796,679,814,889,250,-498];2;2;True
[524,-618,-910,252,-358,-798,-335,-956,859,-490,986,-446,-62,-124,424,-600,-791,-466,992,-342,78,266,832,-664,-20,-226,-238,-390,-386,346,-744];3;3;True
[170,709,-298,529,-696,385,983,-863,-383,-682,779,593,599,-65,795,-803,-509,231,-763,561,-11,726,541,-521,393,-205,-447,153,-341,-983,-513,-983,-103,787,-158,-47,-631,-271,-497,189,701,843,973,7,469,-241,-601,-733];42;42;True
[-670,-469,-15,-297,977,666,-505,-767,517,-702,-529,-855,-980,-437,423,381,830,-379,337,-274,-53,975,-442,-868,979,218,-961,-683,8,633];20;20;True
[-975,-99,-349,383,-237,-177,-468,801,453,475];9;8;False
[693,519,261,-251,-831];5;5;True
[-159,-907,987,289,-855,153,-871,-593,-897,785,803,969,317,943,263,-301,-447,-953,-631,367,-263,533,443,215,-715,-815,497,763,199,-15,889,459,683,-817,637,-75,-677];37;37;True
[256,-28,-716,474,342,388,-536,-80,-572,120,282,-80,-64,-14,986,-104,-584,-982,-24,616,444,304,-790,30,416,196,-264,-374];0;0;True
[983,-513,-923,801,-563,-363,403,977,831,-525,167,-661,211,305,-219,165,97,803,-459,365,-475,-519,139,701,281,325,699,241,493,-977,-467,373,87,-433,-179,979,-717,643];38;36;False
[614,-463,241,-314,393,-908,116,971,-511,189,-406,-954,134,-161,-368,-697,-18,-735,-439,193,833,730,339,-850,-244,664,-129,155,924];15;14;False
[876,-599,801,-713,393,-900,-552,311,532,-76,-139,-28,-817,826,385,376,408,449,537,-318,303,670,-179,-404,193,503,-482,-817,-297,-416,934,695,-746,-170,244,287,817];19;20;False
[62,-638,856,394,860,466,854,-516,336,876,94,-844,138,-652];0;0;True
[-594,-286,-302,-672,362,377,998,-962,589,61,-960,80,386,582,194,202,-530,154,-14,-832,18,-426,-517,265,246,-118,464,-463,-228,-474,-92,-470,-974,418,96,790];6;5;False
[332,-258,-928,-96,841,778,587,130,914,268,834,62,-579,-460,-76,-200,612,-354,536,272,-596,667,887,-776,-986,-713,768];6;5;False
[471,207,383,757,565,-639,19,-537,173,679,49,509,-727,585,423,645,903,-895,767,53,-477,951,361,-185,849,-315,943,-979,-201,673,579,-517,-363,865,139,-55,-963,557];38;36;False
[382,-502,-66,310,-444,206,514,-844,-184,416,46,294,-788,160,96,-122,112,538,638,228,590,-350,596,-746,-60,436,-780,242,-248,204,-370,582,412,-558,-460,116,-658,530,-858,588,330];0;0;True
[-180,-554,382,-114,622,138,-940,564,-606,-104,-524,986,-32,628,-254,986,-450,-924,404,-256,-270,590,-628,-310,-4,644,748,742,400,-462,-336,544,600,304,-554,-96,658,452,-992];0;0;True
[-668,-828,-944,818,126,-78,48,818,-666,-6,-656,-962,918,-358,-514,-414,-542,-506,62,-566,662,230,-312,-868,-180,-508,640,-478,-278,808,-202,-594,-730,-700,-954];0;0;True
[114,694,-916];0;0;True
[-571,-291,-505,340,-109,286,752,-114,-419,103,183,-286,7,163,-929,973,131,-879,-327,-178,-33,546,123,689,-285,-949,954,964,711,-174,123,367,472,-662,56,58,793];23;22;False
[-203,-816,370,486,12,-402,316,-138,-122,678,88,-520];1;1;True
[74,-916,-22,986,968,-964,-258,896,968,-802,-744,-566,-56,740,-678,-864,940,-842,-220,312];0;0;True
[-293,-600,-648,-258,182,-240,114,434,-58,-714,707,-179,-212,-695,-674,-486,947,-252,892,-158,-981,-186,766,-446,-579,828,-375,-952,-273,-746,514,556,908,784,0,227,-264,-562,-815,422,-444,-134,-519,-784,914,-535,-860,-940,-788];13;13;True
[-315,-561,97,-768,947,-991,619,677,522,307,968,471,387,77,-198,935,-513,-797,117,-189,95,83,-841,-273,971,-373,919,-514,-819,164,979,76,-675];26;26;True
[-201,361];2;2;True
[305,223,791,19,-423,-83,346,-489,99,774,-104,753,-221,-69,787,927,826,805,851,-450,15,-392,-707,418,-999,-199,479,866,299,77,-671,-543,623,-130,-190,387,-848,-738,-85,988,-471,297,-101,275,-312,-701,-748,524,-388,-497];33;32;False
[-848,287,-162,906,-691,-968,-26,1000,-977,516,-436,-497,120];4;4;True
[819,959,-739,-709,662,-681,-263,648,953,46,-522,47,23,83,-797,636,537,-771,763,-19,-974,693,-411,-462,-925,-133,927,261,-657,-105,-528,-105,847,-815,-112,-885,954,-394,-245,283,556,-517,-648,-683];31;32;False
[-467,-981,-501,-989,-123,427,-839,85,-653,551,995,-901,-351,-25,-975,107,-275,527,443,-893,415,919,-773,-789,523,483,845,-755,789,887,-651,85,465,655];34;34;True
[157,87,414,-952];2;2;True
[350,739,-959,559,-340,-709,-577,-611,-237,-751,-141,642,464,-879,77,-216,513,559,-341,109,814,472,-513,-1,-460,-769,-715,737,892,-364,-50,4,390];20;19;False
[345,-487,-401,-355,-701,767,659,560,175,-261,687,-195,181,263,21,-469,-527,-731,883,-541,855,971,567,575,-581,-711,183,757,-309,903,543,-529,-609,185,297,851,-719,-965,273];38;34;False
[-48,-228,-952,-877,626,-568,-438,184,-766,-914,648,336,-669,940,418,758,124,-578];2;2;True
[-266,444,446,-592,70,118,-568,448,986,434];0;0;True
[947,-804,-491,239,-405,771,701,531,649,-995,-287,-745,-363,239,935,-815,-453,-361,837,931,-712,-189,-881,-919,-297,-593,-955,-195,-495,-975,421];29;25;False
[62,276,-121,-926,-945,496,96,-929,610,939,95,244,-500,-287,-853,-734,-765,330,714,415,-581,69,738];11;10;False
[624,947,412,629,-603,63,961,-689,533,29,-23,291,269,-947,168,275,-871,-741,-771,353,-980,1,-121,-323,-441,-561,-907,-180,-119,215,-171,989,-217,-869,-237,549,-853,601,879,355,559,851,858,513,549,619,-532,-188,783];41;40;False
[-746,438,-281,714,360,844,-344,972,64,-742,-976,785,-46,418,-528,-740,-394,260,132,856,-810,-492,445,458,240,-494,-486,-806,-764,-568,268,-920,-352,-196,858];3;3;True
[784,243,-77,-179,-505,-929,-476,-135,-711,-967,973,557,412,-745,280,-711,-77,-486];13;13;True
[-427,-857,-397,-907,-359,-179,693,-441,-857,-267,-555,-123,567,-217,117,-869,963,351,87,697,-355,775,11,-393,-823,875,65,-27,-295,137,339,-293,-845,35,-51,-441,269,-91,361];39;39;True
[651,661,25,-953,-105,-611,185,-529,83,409,-167,-813,263,677,487,771,-741,-405,569,171,-301,781,881,-157,-163,-689,-955,-315,13,243];30;30;True
[-444,-692,846,-840,204,-944,440,984,-696,-552,-572,132,280,134,194,-486,726,-212,-942,-706,874,816,-28,788,-858,760,-162,550,-774,670,76,952,-960,-56,820,-162,212];0;0;True
[-582,-546,-295,-197,638,-826,780,331,854,-754,252,712];3;3;True
[-80,909,-818,600,304,-188,-671,-862,-735,-685,-580,-266,-96,-190,-285,217,-581,925,349,700,-804,-304,-274,472,578,950,-894,-755,-729,317,-510,121,438,-790,730,888,-126,-494,-975,-430];14;15;False
[669,895,-459,431,-821,-804,673,-146,137,-321,583,-557,-571,-579,-653,-19,112,-217,438,207,373,-547,-96,972,-433,316];19;21;False
[627,-119,985,-311];4;4;True
[-375,153,687,307,5,597,231,227,-937,721,-629,511,785,545,-839,933,-559,-209,467,-279,201,51,-871,-323,-187,369,-989,189,-693,841,989,-613,-133,-679,-73,987,721,263,-803,159];40;36;False
[608,616,-75,-808,731,-260,-78,923,9,-187,-115,-158,-361,-534,-330,-672,-440,-266,84,929,799,-582,22,-933,583,-476,420,106,-141,761,221,643,-626,-343,416,357,701];18;17;False
[-589,451,747,885,259,713,-974,-919,-289,608,429,2,-697,730,779,589,246,921,650,209,-465,85,-579,921,-425,-559,-179,-817,175,732,-235,76,-730];24;26;False
[-184,-634,-711,-7,-149,363,425,523,239,-381,-529,-493,-801,714,507,-696,153,233,603,-408,323,-294,922,-795,949,164,-504,-3,-543,-886,481,-21];22;24;False
[919,569,494,376,44,475,562,-48,201,33,-17,-864,494,163,248,844,-311,-10,-868,-460,-414,159,-87,892,25];11;11;True
[364,-739,375,-144,-767,421,-731,263,-493,-635];8;8;True
[-887,-223,-672,875,-633,349,-15,-613,207,-997,-245,425,175,635,-951,-105,-673,-273,755,256,-179,959,801,645,405,997,975,-517,777,-335,-195];29;28;False
[899,991,240,506,-871,-430,399,-886,-89,-985,63,199,-795,-102,-649,-978,133,-183,193,695,-807,803,-318,975,939,-888,165,-505,-791,-152,-469,837,513,793,-549,244,-611,-543,-22,196,-354,875,249,10,936,-419,-821,-178];32;31;False
[974,-227,-188,-406,39,218,188,-544,-550,98,718,956,346,544,-34,-686,-759,-252,-163,-857,134,-591,570,-958,424,-650,440,-252,578,626,-706,-538,-460,-122,290,-82,-402,-534,-746,454,-236,490,-358,-270,18,794,-102];6;6;True
[396,126,124,186,-370,728,-16,-794,750,-994,766,96,-804,-82,-828];0;0;True
[43,-881,-479,-246,-576,-156,-167,-758,-131];5;7;False
[8,92,-715,-831,-537,358,878,-199,-344,-42,-38,-986,974,694,-659,-123,238,-418,-478,391,672,-421,894,788,21,-357,-348,-904,987,264,64,-720,-920,-161,-191,29,-126,-907,-746,-570,623,527,-57];18;18;True
[686,-238,108,-379,-177,-675,956,-153,84,-323,693,-223,257,945,884,-291,905,-53,547,511,353,-991,442,219,-917,665,-725,807];21;23;False
[-917,-865,-853,-367,-157,937,610,-973,-353,-277,311,-771,389,-923,-625,319,853,-985,-607,666,-891,965,513];21;20;False
[-634,-419,-517,754,-6,-771,-612,52,105,-144,692,-833,320,850,42,-928,626,982,266,498,476,-322,-894,987,-650,927,-133,-1000,798,-770,8,-130,-703,783,-101,-78,-655,-974,440,751,510,88,84];13;12;False
[-164,-792,-786,-515,728,830,254,-882,-42,-188,13,809,-572,467,-139,559,899,608,-954,732,-598,-727,470,672,-370,564,-816,-526,-906,754,104,246,-293,-156,-87,-640,-916];10;12;False
[-941,-629,93,-91,331,-189,-35,343,147,29,777,-885,397,607];14;14;True
[-289,-57];2;2;True
[-101,156,410,-484,-255,492,842,654,263,-256,369,-877,102,-378,-537,-605,154,-488,892,674,736,436,626,-910,-476,53,223,-360,-480,-132,94];9;9;True
[896,-266,702,460,-908,-422,-66,694,54,214,620,-946,-418,904,712,552,406,562,646,-748,-696,200,294,792,-656,126,-262,-332,-182,-796,-602,-820,-24,-162,-504];0;0;True
[-287,427,655,833,-479,-639,135,215,-869,-271,255,-537,-945,675,-989,-347,-649,-385,-43,-565,579,-489,-757,977,-993,865,631,123,695,997,729,387,-3,407,961,-921,-231,-377,-105,997,-637,-697];42;42;True
[791,649,246,17,486,714,57,603,-398,853,64,387,472,-367,706,-981,-300,554,-548,49,941,702,824,-885,677,-321,567,884,833,-808,-673,-351,620,443,669,-173,345,81,940,-633,-173,-736,-93,23,-655,-940,-625,810,-539,91];31;33;False
[929,-269,-681,523,-83,970,378,92,618,-135,-281,-95,930,-542,31,432,345,911,-184,858,-169,232,973,564,-857,635];15;14;False
[-51,-209,-999,-837,-181,831,181,861,599,995,-937,-987,805,137,-709,633,-339,711,-461,-253,-117,31,-153,525,549,935,-139,887,-51,-937,621,-67,811,979,131,-579,-333,-487];38;35;False
[988,464,963,-28,-724,573,-945,751,586,-673,-328,507,989,886,-493,259,190,-527,708,709,-454,917,-879,-158,-598,539,-82,902,808,200];14;14;True
[-803,133];2;2;True
[40,-679,-510,922,853,-67,537,379,-497,154,46,899,-955,-859,248,-481,201,-646,897,508,-303,-128,575,-989,793,-485,-67,-39,-874,325,899,923,-637,971,-689,-381,-177,-28,437,-479,-171,-149,519,854,-169,423,185];35;36;False
[283,-262,491,-67,978,-155,943,241,-571,799,-257,-463,293,-481,741,-581,-976,-233,-643,643,719,-965,-797,970,-889,643,645,204,-115,-71,996,-995,278,459,-829,-906,-679,-881,-8,584,-34,387,175,727,7,7,-279,-655,668];37;34;False
[659,-851,-903,-681,-567,361,-711,229,697,-679,-941,-137,-105,-431,921,-223,-97,927,-235,463,-765,-429,-105,-787,-601,689,-439,249,-319,-593,-119,51,123,-395,377,-43,-389,-297,561,825,437,425,-761,183,-401];45;43;False
[207,73,983,799,571,492,923,428,957,383,-968,-346,-532,-66,681,-413,324,435,205,-362,221,256,599,-899,-164,-677,751,-150,965,847,749,-999,180,925,772,841,-224,-80,-303,115,-343,297,-491,641,243,809,86,-7,256,-369];33;34;False
[-818,-128,260,680,974,516,-886,-16,562,-894,518,170,622,-534,94,-204,482,528];0;0;True
[-97,579,-63,687,172,865,501,449,387,-47,-583,-59,-922,-775,67];13;15;False
[638,-204,-974,184,402,352,448,-218,370,930,288,-74,-212,-646,-790,254,-298,-688,694,-460,16,524,906,168,-382,-928,-136,-856,50,-88,-244,751,430,-420,20,-863,-896,-774];2;2;True
[-768,-280,-381,515,-993,-983,-751,-901,988,-262,939,440,-600,-385,231,426,844,-413,-161,70];11;10;False
[-344,-390,772,-736,-448,-764,-286,-746,-588,-164,-850,-758,432,-918,-978,48,-990,-628,34,-642,22,-756,-204,338,920,18,70,-828,-828,642,-826,-62,-14,410,148,-134,676,-884,-164,-102,550,-608,682,648,954,-576,590];0;0;True
[81,971,499,-427,827,-601,811,941,277,-645,92,471,-841,479,-703,545,-561,409,445,481,-459,83,-411,-445,-547];24;23;False
[-245,-697,-661,-843,-455,805,-571,-369,597,829,-403,611,-23,5,319,669,-887,597,359,-871];20;20;True
[-971,-271,507,-173,265,-633,-295,437,773,811,-611,-235,23,677,397,845,-635,833,-239,-803,707,-759,753];23;23;True
[-241,-124,-700,817,570,980,622,904,-902,-991,-638,-954,437,703,-931,-797,-689,13,93,649,161,937,316,-282,-533,54,211,615,663,330,868,595,356,-411,-526,795,821,941,-499];23;22;False
[-11,647,257,-511];4;4;True
[-421,-640,209,621,210,992,-584,-646,-286,992,279,38,-960,-156,-490,-290,966,513,-615,-372,-819,621,242,-160,316,418,281,134,-347,-95,461];12;11;False
[896,363,8,150,516,-765,-582,746,-823,920,241,-664,424,-956];4;4;True
[951,-182,-649,581,-959,65,-85,367,-251,785,471,183,661,427];13;14;False
[-579,555,-845,419,-259,-941,-639,987,645,-303,61,987,-296,11,775,-377,619,933,623,-115,-583];20;19;False
[-976,19,509,-298,-466,-45,-790,-818,449,-526,185,-391,264,573,249,732,619,-145,-815,-795,-628,-579,451,-837,299,-697,-273,748,-759,-803,936,-971,609,186,860,947,29,-525,104,-71,92,725,-289,333,-993,-45,-163,-689];33;34;False
[-457,291,-323,-869,347,809,-159];7;7;True
[741,-15,918];2;2;True
[258,120,367,-386,490,352,834,-293,164,-399,14,370,349,644,-676,301,-165,-269,-736,-490,449,32,-782,-133,-501,-356,590,-536,-837,913,-884,52];12;11;False
[558,116,959,-350,646];1;1;True
[204,230,624,868,777,-236,-761,478,-342,-100,-70,64,948,-908,-206,500,-244,58,148,-268,-802,-220,980,-740];2;2;True
[-213,-977,859,-243,743,-32,403,189,906,-619,103,115,-912,11,-235,-65,215,-819,44,553,808,851,-937,-960,-220,943,663,-357,327,443,-908,733,409,-991,-91,-702,-159,-829,-796,285,13,563,673,-431,7,529,-955,-211,536];38;40;False
[-821,593,-941,929,-779,225,-979,443,909,-989,-491,901,-791];13;13;True
[970,490,962,-600,132,486,780,-168,724,-950,-834,-620,-640,-667,790,248,-730,-362,800,346,-796,-22,-358,621,-64,-576,316,774,-534,354,-438,699,666,156,-796,918,282,-544,884,180,-264,102,178,392,998,228,924,-7,982];4;4;True
[337,299,344,-929,711,-519,-493,-610,-89,-909,515,667,453,431,-675,-97,361,824,457,863,195,-935,202,865,294,-437,-17,-855,531,753,-759,-435,378,-299,-943,-879];30;32;False
[-647,-173,-941,315,788,276,-897,565,310,450,418];6;6;True
[761,-16,817,978,-753,687,159,-237,-405,17,252,-861,-564,-111,-643,579,783,287];14;14;True
[-374,-270,306,36,-972,482,-470,-686,862,-864,-701,-948,-248,-714,846,-899,14,-626];2;2;True
[866,-128];0;0;True
[366,-366,372,-688,446,356,316,502,-446,-92,-518,366,424,-942,-864,348,740,662,454,892,-492,-912,-374,754,852,196,102,20,-182,616,688];0;0;True
[-683,-861,400,794,211,959,520,-850,-215,865,-992,549,596,367,-196,519,-673,-779,-778,434,955,100,-641,-249];14;13;False
[-672,-708,-912,531,232,-272,574,586,-629,834,559,-154,168,-52,-926,576,-228,684,-331,-628];4;4;True
[-704,66,536,392,168,420,-617,490,-476,862,72,-208,-610,-247,-358,638,-464,-58,-480,-172,-946,170,-824,-780,380,-512,42,-2,278];2;2;True
[274,-92,-756,136,-190,-585,191,492,-925,778,67,151,-520,-578,-109,101,-779,-44,-883,-622,916,-429,190,-212,126,-44,119,863,-887,365,597,499,407,-647,-43,-489,82,-753,32,258,-898];21;23;False
[-628,-124,-873,-361,-913,-138,784,85,-233,-39,-101,578,962,-495,-543,317,337,81,49,346,359,-605,-600,93,425,-419,-439];19;21;False
[61,210,741,76,-957,744,738,-532,114,-926,466,878,-171,-358,-135];5;5;True
[408,-391,477,746,661,859,-747,254];5;4;False
[276,-158,-328,590,-120,-868,-988,-86,-610,472,456,-140,372,-472,588,786,-544,-632,-358,-550,516,602,450,46,188,-912,312,-988,968,772,-284,417,268,-238,-432,-854,38,930,-16,498,234,-246,-558,-326,593,382,-562];2;2;True
[8,-796,422,332,-790,618,714,678,346,-344,946,740,458,-950,74,-896,626,-366,852,218,-822,848,802,-462,884,-526,268,-448,-540,-812,528,-442,956];0;0;True
[-444,534,108,-486,257,-952,-372,-563,-648,938,-312,693,768,130,840,713,390,54,779,766,728,928,878,598,146,-381,180,839,548,-690,862,784,-515,229,726,726,403,-66,-950,762,-661,-542,216,-578,-416,-94,914,572,-942];11;11;True
[287,558,715,-321,777,-188,-102,448,-261,-665,-46,758,998,-969,394,-806,-685,-936,826,-531,-265,-581,-722,583,-777,918,-265,244,990,-848,686];14;13;False
[20,-589,604,633,27,172,214,-131,-605,-979,-153,25,-749,648,341,-745,290,110,473,-835,-791,871,654,-349,-917,87,-981,-703];20;22;False
[-773,769,550,-689,205,-734,451,-602,-635,441,65,248,-899,-655,-293,689,241,931,-140,-287,-771,827,200,-153,811,-775,643,-523,179,323,-380,769,-76,-814,-422,70,15,390,149,467,-569,-397,434,-370,-877,722];31;31;True
[-766,-26,6,664,-876,-842,-568,850,-156,718,-900,992,-218,-539,-514,284,416,190,-684,49,680,570,892,-28,50,620,434,-788,-546,-364,-322,880,-278,548,898,-946,-920,832];2;2;True
[-554,-413,565,-791,-466,497,201,532,-888,833,395,-36,885,-843,-430,-995,651,338,861,858,-715,-623,995,-312,-781,945];17;17;True
[-69,-232,-517,59,336,-236,697,645,-598,313,-55,322,-690,-769,-265,114,-691,913,608,403,-507,683,-971,-801,305,-681,-417,-303,-55,-655,-689,506,947,-117,-811,877,742,845,263,-739,-366,-915,-626,-576,-657,-155,-239,-965,-237,-493];37;31;False
[882,38,326,596,962,822,124,135,725,-546,176,16,-713,712,318,-993];4;3;False
[-624,461,-189,127,-284,-298,501,193,89,-880,349,232,-323,312,103,581,627,127,-946,85,448,-926,783,778,-790,-774,-800,-622,689,-973,-667,-933,-650,-311,193,-706,-175,-821,227,613,486,-454,923,-329];26;28;False
[411,762,78,566,292,-865,-801,49,-568,-113,-510,-678,-80,-404,-606,558,-420,406,480,-34,306,710,338,632,718,112,591,713,826,340,80,316,-486,574,-481,628,369];9;9;True
[957,-183,-169,222,63,-688,846,239,-707,-437,698,-980,85,-5,-199,-779,547,-745,992,443,-927,-921,-847,-565,957,335,43,-909,-705];23;23;True
[-606,-524,-144,609,800,998,982,60,417,290,765,-620,-756,-800,822,-107,632,848,346,-658];4;4;True
[-338,-628,-242,494,-614,246,722,-746,-164,-246,810,584,44,-288,-82,46,390,-98,386,74,-332,-656,460,220,576,246,604,-330,-320,308,-730,-98,966,-752,-180,268,-406,-396];0;0;True
[166,788,-82,-5];1;1;True
[-32,-172,757,968,280,-279,342,711,-181,884,-555,-506,-877,878,881,533,194,735,867,395,92,-510,-50,-614,-150,-395,-458,-492,-135,78,163,439,864,674,722,-891,-46,546,552,-628];16;17;False
[393,587,-657,-139,607];5;5;True
[-66,-701,-479,-696,-169,-968,-725,187,666,495,579,-353];8;8;True
[98,546,814,138,-898,656,-583,748,164,-892,276,840,-924,964,-873,916,-199,-23,589,-616,-444,277,938,460,-222,-348,661,-768,20,372,-770,-501,758,-276,-626,758,537,-234,256,-126];9;9;True
[-3,513,318,-387,-769,-705,-513,519,-437,-767,962,-537,-127,-269,223,-27,532,-543,540,-185,487,-425,-328,707,505,-120,-888,649,-975,677,11,-779,-647,291,-247,-166,958,473,21,-954,-235,653,-155,399];34;35;False
[-689,715,589,845,231,413,-815,327,-877,375,749,-277,228,-691,182,-970,-217,233,-785,283,-195,-787,-667,-603,-808,858,899,306,757,-168,-804,52,897,-317,-967,-109,900,491,-973,-138,934,-199,59,873,911,-71,-851];35;33;False
[68,-106,190,-262,106,866,82,754,-472,744,412];0;0;True
[163,449,-479,-332,666,592,990,-517,-712,910,-60,-279,379,21,-157,778,140];8;9;False
[-467,62,10];1;1;True
[-574,547,295,235,731,-469,-540,-343,-539,-887,463,-321,229,-881,525,-228,-532,-717,-811,-559,193];17;15;False
[-226,564,558,-874,-62,-224,-460,0,-902,788,-880,242,-668,882,48,1000,-382,-226,710,842,184,746,-476];0;0;True
[-306,-622,-189,-525,-99,-897,-718];4;4;True
[-131,957,-632,-249,278,479,-54,618,-710,-332,378,590,-753,155,-308,124,469,704,418,-334,-611,-670,528,887,-518,-788,-400,-62,547,-831,-653,35,-179,485,645,-605,-717,997,-929,-582,408];20;22;False
[461,-685,-824,-82,-156,-469,-65,86,-207];5;5;True
[-814,726,-923,-860,959,-49,173,-318,616,-904,-528,329,750,137,774];6;6;True
[605,508,-794,-775,-699,399,746,670,944,-719,103,919,573,-151];9;9;True
[506];0;0;True
[506];0;0;True
[506];0;0;True
[506];0;0;True
[506];0;0;True
[506];0;0;True
[506];0;0;True
[506];0;0;True
[506];0;0;True
[506];0;0;True
[506];0;0;True
[506];0;0;True
[-595,-279,-41,-609,137,963,-629,99,-889,-943,883,703,-591,403,927,-137,-711,-501,-803,531,-185,-497,631,-689,-593,705,619,-947];28;28;True
[87,173,-620,-641,243,-989,993,-52,-716,577,323];8;8;True
[467,869,159,203,229,-301,-663,633,-419,251,-553,523,177,-59,63,-863,795,-523,261,-779,553,777,175,-571,723,-991,31,-497,-429,-53,-173,-239];32;32;True
[-871,309,875,947,763,541,-151,-561,807,437,671,621,-281,-409,233,849,-461,295,967,-157,565,705,-59,-985,117,360,891,845,95,-75,177,875,323,-499,894,-57];34;34;True
[851,-621,127,-795,273,-363,-241,983,143,-289,-103,507,551,985,41,-267,447,999,647,431,-469,595,571,45,57,709,-817,-627,669,857,-841,-929,553,817,-595,23,-95,921,33,191,-693,205,241];43;43;True
[971,-351,572,235,-914,-946,969,677,488,-41,157,-284,1,784,817,-771,-191,556,-631,-727,-543,327];15;17;False
[-82,285,365,-263,794,-166,-925,498,989];5;5;True
[-46,-560,914,748,924,608,-932,478,-464,-176,788,426,804,610,522,80,684];0;0;True
[250,-655,-428,-207,-967,75,-522,402,-315,-292,-510,-596,-481,-519,325,568,-93,895,-961,17,-73,365,-405,370,231];16;15;False
[844,216,-836,-783,650,614,-709,67,-16,-878,-938,-572,920,-476,-562,780,-126,341,478,114,-120,-323,-126,218,-413,670,272,-192,196,-268,468,-908,-770,660,-834,488,382];6;6;True
[113,-787,-261,-349,-343,-995,891,-681,81,-905,809,-601,41,-833,753,-925,937,-401,947,-199,359,-677,-695,471,383,311,-301,529,337];29;29;True
[611,277,643,948,345,-714,-811,50,779,353,-217,-41,-435,77,-906,-581,-191,433,-622,331,346,-924,735,965,-192,-77,560,494,-142,-172,-567,-724,-419,960,118,-297,-719,-102,-743,62,-511,-961,-226,689,783];27;29;False
[579,-863,80,-675,-137,-668,-459,-291,-773,-431,828,-227,866,-950,-366,689,323,131];12;12;True
[520,-706,-306,450,-28,202,-418,478,134,-988,-850,-138,520,628,-926,994,992,-42,-370,-962];0;0;True
[-717,-373,-217,163,517,743,729,361,-237,-283,-143,123,549,-413,603,-135,-593,-925,-215,-585,967,485,487,-421,-977,57,-683,-451,-735,405,19,883,-765,-989,-469,753,149,-755,35,-915,-199,-371,353,-367,-449,291,859,341];48;45;False
[-898,50,118];0;0;True
[822,440,-915,912,924,-76,-566,520,412,538,441,-674,2,556,960,-386,886,-504,-356,122,-360,874,-404,913,-563,-902,-26,48,476,-740,-482,448,712,356,514,-462,-148,993];5;5;True
[979,537,388,-138,-350,-558,-924,834,401,694,490,-456,-267,900,352,306,-187,-565,-861,-251,265,523,-126,-425,-38];11;11;True
[-592,714,-258,-578,-506,-806,-892,-280,592,-774,10,-650,-394,-116,712,216,-249,-658,-10,-102,-408];1;1;True
[127,-535,661,76,-301,753,-782,695,-875,135,-63,203,25,-157];12;12;True
[978,936,334,-482,4,742,-968,-8,-662,86];0;0;True
