x0;x1;x2;y;y_hat;right
"7_7\\l>~PKl/igC9ZjDBEB3f1pUR<Ubgj3'fyM[05Hf lwF7\t";"z.`u|c";"{";False;False;True
"q(6W68r&N+elM*;~.J\"S|7$bRa\n";"#T}\"L:&~ihld5vNmibX`On72>2GU4eV?a'\n";"<qVB)Px4>^Woi";False;False;True
"EveTYO";")@jUF?LJ+z^w>@q<nDAo";"#(}~";False;False;True
"\tO7oEQ<C";"<b&s7\nCYz*2(,Yi}k,";"<?JhJ8881\tYw5Vjf>QteJiG5|";True;True;True
"=i;(mA!yYW.Vo#a";"mU~usEr nYOOL`j";"\n5(\tX)YqV_ &p(=p\tO4gZ|fH8qAv3q'>\t-k|?&afFQ \tCC";False;False;True
"|1NVOoKbGs<U_zf A|9w)]oM4";"hEG><azyQY/De";" >\t$1H\nr=~L=X&^WS37nhg";False;False;True
" ZO'6P.~bR[NDZ7s:a} m!o\t6TiV8hbkfD?[S]Cm(V{N^mf@";"";"9%v`3/-";False;False;True
"U_Gey.*%R/Kua1";"U_Gey.*%R/Kua1";"U_Gey.*%R/Kua1";False;False;True
"qU3b-!g~sCUTaltHd {%,j.i[=Y4>na5n}&";"1'&=hMjv<a";"v2_TV![hnLoL\nn+fh:b2H0@OD_V.BJ^I=b%&1tl-y";False;False;True
"3 sAJ!\"";"cHPf YR&0*XFuMO\nk#4TuhC0tx;Rbw@|w-HT$";"gExnJ{A%_t E\\Ix/7";False;False;True
"vf8c_nc2W]a=L2jT\nE_r6\"aCNg\t)Y7c-T<95&~0h-+drM";"dGt%2C*Tlei%9F0?Pci(Q}K(/$1";"s;nB";False;False;True
"8g;r7 DCn\"kX]tjE&Eb7}T.g5Y:aS\"\nom5%\\l";" ^r(s+6\\&+ }E";"2dGk.ZTkvt.WaMmxp3d\\<-)OlsNpVa`";False;False;True
"la6>yAF4x<z";"'uWXGG%H%3`y6Jd{nn2]";"g<bj+;_:rK.p&=ZoH!H+=>9$h iv:1BasvUe7aRF|=l";True;True;True
"=/0?<-\\!@9f+;@;D)K";"@b]";"AkB7MR\"dALzgJ\t?#Fi>5%M+*>~\\ 1d3E{xP ^q>!(|<^\tX9";False;False;True
"zs[b9\\v '+m15|m>~iU;C1PzD$Yp=";"Tb.GD%}{'b1>*vg2sCFN'H'%SG6@F</2bfPh a`?2aQkI]u`";"2yD-o?)kY&Ug";False;False;True
"j\\+7\tZ";"Q2;TdWR0vrdQE}aBr";"WM(!p1#]n|8 \\#+/st,?Z!1[vsH(ROj2>ew";True;True;True
"L8llw&(S2pBw=kA1";"L8llw&(S2pBw=kA1";"L8llw&(S2pBw=kA1";False;False;True
"j+WGA,rFWM\\4Qw{1Y1z3RJNIwKW?";"qh1e[R]\tCIsN??9\na*q+GR`j&#{f#y{\nu3VDlv&51";"HQ3'Wac0T{w=\tR=4k4SAVeqI]2DxCONL.;3";False;False;True
"\":\"";",ZCs\n [OH_%)IlKg";"pHSCCZEOVVDgQ~%H[(Z>)qTU 25L<%v";True;True;True
"#Z*C\"A[6-R\n'IP+7?q`0pZ";"3+i0vvf{g{oQFreo6i%*6KaX";"wAe1wJxXi^*f~21?XZuXd2`.g(PlgiWuVa'U)\n>\"b";True;True;True
"i~9";"0nz0\\;Gj8*";"b\n3V`h`pzw]Tc\t9t$5\tKxZ_c+`g:gyUxC";True;True;True
"&pJ%w7yv^ s6";"C S{8tC)hD)k]1M}9`;Z2C";"j<x@Iwzq%(zXp~Kja%>)ik^RgTI[kee1\"";True;True;True
"";"6;\ttnr0";"U8N48ex64%";True;True;True
"_=@Uz_Ytx%<R!Mc?xqW?i";"_=@Uz_Ytx%<R!Mc?xqW?i";"_=@Uz_Ytx%<R!Mc?xqW?i";False;False;True
"]b,$qr@rC7tY&o)n/";"Bv*g/2Zp/NNB3_*#F@&I,U0\\7V$0Xb\"DFwtj\"";"pk\\K{cZZTzfepvu]%2ya<5u/%t^h\\-8JQu8zXC";True;True;True
"+0m'.hLT|M+\"Y2X5r0J&M";"|ByLwT~te+FLqE\\nE~QhY?MmRVwda.?mq8X|IWK-";"qu`O7wOFA";False;False;True
"9L\\hpl!mi@xC6!n--aNt0AG-2";"p,(g\t";"Yv:T1FU8hy,hanhr%2Li";False;False;True
"<*)-7'8%#_zaZPu/\nySO? (Ha{t[hds^r:MkU6";"";"Szf-5+7!y@cLVyK";False;False;True
"\"\n;63>cXs$JCl";"eaqVeVXherDtM7uM$pu[#3@m<i]6";"dLo}/";False;False;True
"c6HA{3C-[R&#IJIX~t(ShYQ";"0gNc|Zh{]vS@";"J";False;False;True
"&\t<!Yi+tNe\nmbaK&aBa{S/E{K9\"[";"`P^V\n-Xi1 H^_kWbvAvCc6b5X9\"*P/:";"dmJ^)sNW8Ls$ELQDThNsWy*UB@db!})M L7Bx";True;True;True
"K";"d:)Y)x cP1#a)x1sHo4=gc9sc\\&z^Fol-i~6=tgV?,";"=#Q";False;False;True
"W{aW9Z1Y5figTJ4?>hv";"'ZoZK1_(dX{~M\n<F$xoZg0V &0A!s5S<:7";"^pkeUs7tqMLFTi";False;False;True
"`jF,S8x;IH?kH\"_h@{3T>/ubyG.H6KJxAJ!yp'[C";"`jF,S8x;IH?kH\"_h@{3T>/ubyG.H6KJxAJ!yp'[C";"`jF,S8x;IH?kH\"_h@{3T>/ubyG.H6KJxAJ!yp'[C";False;False;True
"\nY\\$bm9>#-2sQ0_P?Wnic]h1@S.-e(fKuL5sd%V%`";"\nY\\$bm9>#-2sQ0_P?Wnic]h1@S.-e(fKuL5sd%V%`";"\nY\\$bm9>#-2sQ0_P?Wnic]h1@S.-e(fKuL5sd%V%`";False;False;True
"";"}S>x!4B!v<leY";"@71.(%zNen|)S9':{`Kxdd)H";True;True;True
"W7?1w.Sf?a)ZW\t7No^d?}\ns^yMymmK<]k=jk1tzA%Cewk_!^w";"V>c;^qjEz/r3@T5z\t\tb_YfpIp4]4ip";"J_O%Y^CW8|C4L{A0 Sl-W\nVj7-";False;False;True
"l4vZ>M<+_m1_<'u2Ob863L!}()";"Fx6kYp_2cP7Yxt[Q9k)\t%.G<RDz\tc+F])<)UO5ByY&`(r";",-JY=ahB7i[IUJD$@`&\t1*_Dipd~g";False;False;True
"pKm5a7nPbmsoK.";"z\t";"\t{kBJ>NX`OkqK}\n\\Jt/c;?'OQ`.`";False;False;True
"_9Q5] p`V6t_k {LncxGn.5kG}X{ bM4Pv#XK";"5Pi';oFk5SMltO,\n+pM7&8sV@'(nn";"CW8y{i(gCqFJ85~:>V=oc,AH%?V+?VYB^B_ z--vzI";False;False;True
"Rr;-Nfy\":n^8c~}uL.wC)sJ##lzj-UTwlUbbIFwu 5w";"Rr;-Nfy\":n^8c~}uL.wC)sJ##lzj-UTwlUbbIFwu 5w";"Rr;-Nfy\":n^8c~}uL.wC)sJ##lzj-UTwlUbbIFwu 5w";False;False;True
"o~hF\"i#MX@l<";"1&fdx:zDoN]_newDo";"`N[T\"7&";False;False;True
"n=+r1ZhAoqCH}wHT,.AUQ)ZY@(b-I]HS!$8bRz";"}}=`HMLwk ";"|I\\6+6$bWvcph;qkP$<O.2B=< 5:|($W2jp<KN";False;False;True
"t!sbUZXT\"%Vy:0E4";",{F&;\n~'hpMo~n\nKwDVdYwN<%k_(D/[=,kC";"EH{F  L$9;9ds!A^c$aTJ&)'YHomb\"=b=x";False;False;True
"rxD15_fLu.!<8RnnMHhXcV{";"z5FRURX+'VodgSU.UjLQlBP0?vPTE}P7m\tjr]X-0{g+,";"zaB9nU6S,9}<'<N\t3Y%*;sw4c6\"E@9WLT,YT\\~BI\n0pP";False;False;True
"ANO8>9p\\y_VR[dgZ=>.%y.eq/>Og*";"ANO8>9p\\y_VR[dgZ=>.%y.eq/>Og*";"ANO8>9p\\y_VR[dgZ=>.%y.eq/>Og*";False;False;True
"]p@purQ6'[=8";"]p@purQ6'[=8";"]p@purQ6'[=8";False;False;True
"\n";"Tq+";"dr&H\"V@PE0:o]zBS!sJ+oPx{T@$i$(8J";True;True;True
"";"R_+";"AX$;j\"-HL+nHi)20UZAwTbm4aA&sv.)8Y3@AY";True;True;True
"9GZC!@Ps[$P+r9@n%";"EFa/6A;_H\"`-?1ll7>k*$S";"ZkUUWMf\n!J\\7:.q~Tqli(e8vx&wvSX=KJa(8)@JM\"F";True;True;True
"\"@H&GRdd>\n=C<_(Mg;LGAh\nJ]A";"iA:( _~ZYpnOMBg4\">nkwJLWK0kDi_\n9u.$\t)wub'p^";"2,7JJ]T}`@!,`YGOekpTxaV]y@3DFxeU8t]?]NgQW?MfY>1";True;True;True
"Qj}.DTYx8.y";"ruE6!6:SayOK <6Z>cpeE$?y*1+!";"tn'N4w6aTo)JXK`\n<M^q]\"}GC%!kjw/O,=3{\\d(4{*\tp";True;True;True
"fr #L R\\4)9}XaUfIV2)-l&";"u-hi8><?==9/z\\p_o?D4>BQyI9[";"3p>gUDscq7Wc+F /^cque#Mn7Gnl-19PCVATqUqG5\\7";True;True;True
"rB*D5a, RCrap+";"8O]!]\tw&gwOs#uO[l";"eVifHh20OQ8x(N_&_qGY;n";True;True;True
"70|2L~3r':i~%Q(hI1Ng/m>7Q7i+tR";"FTb+aI(J8ocI?bs!]$P/5,^h!O!'rk:|kihJU-7&/$\t!<R";"56LE`0QD.\\zdb:]e?RL}";False;False;True
"*cMRIus84]";"x)BI#Dix2acsoN\tUk\"F{OD]5";"%4p!%BVe!@2<$3cGp|:^}2 RC~wF-t:_-xPqI(BRBn:2";True;True;True
"=sji<F[]l|]H?P\\jC q?TS$";"a?&Nx> x:39";"].CLmX4\nO0SD&Dx\"#x.z(rw3fK6=W";False;False;True
"mDr{=/CE=93N";"\\=feX2;%k]";"lB`N#1PItzkoh`0\tJj";False;False;True
"E0\tu\\\\5sjoFRMki>_$j)<JsO1Z6l{8bRRDC*>5gPh";"{0grnM}\\pVgRQwAC3fnQN%-H-!pz;/V4+Ai";")kGK,5'-&cB|o.eI)N*=eDI2\"MyB`=YF";False;False;True
"U}h>RQ,o6o[LoeK(j8%n";"lo?L{5b\"r~_&E/c=}L|,F\"tZ7]NDFjf>wt+p a}78@dx";"<JHjd\"~?bNo\"M$W}Q2GQ`]]5uP}T(%h'(gVPY7M(ny\tvj";True;True;True
"\"Fk1Ka#dtRq.AcG)N#(r\tX2F6|St0(BT*-ICrx0:rt%";"V\tQKg':W&sfw.";"";False;False;True
"GDU$o1oqO\n-";"%.\\wKRLjM+";"Zp?7&v2\\fr|TS2'>8EO0n_,cLl\nRlQ&8[:/U";False;False;True
"VBi";"(vxL[EcAM!P)LyoB+J*wRtu4z}0/2m+p4j";"-5KezlM'ZB5~\\:rUDMz6dYiGUY!m88^mHHJe=\t!Nke98o{";True;True;True
"E3G)bV78:w=^Xx9fX^T\\V]G@tZo&%W;\tLr3-7";"{G<n4Z%.cN_}p*Dv#!wPFbnLJeM&! I)D=-T2%y6F";"|h`{)qd";False;False;True
"}w,=*/My_(!#bd6hC";"6'[hJHOQ)*3k]\n\\.#'9&>{U^";"79MG\n_Wy\\K1[!at| `$\n_B7%;Ai(wkXz@}d{@dQ,R /";True;True;True
"&XC%ji*]Dr.n$+sU&f7\n`~MlBM >r";"avS'w1t'B_0=x{";"&4g";False;False;True
"7LT;_Z+M2xKILjh,%f{{snnOz) \\#?pUSH";"mJzTyV~Y&5@~n77ROIGgaPN+\\E8r4~cu\\2C_>12RAo<Y";"0A<sR,1~uHQkR|gg>@MgB\\r!!IuQ4(4";False;False;True
"h\t<JA5&Mu0Lli@9gL_(_#HRqY1sd@,}Z#A=lN]H2dG<aY";"vAHbS07";"ZK2Zc&\nhr0~yDi";False;False;True
"<";"u;kLCL-~<Kvp!rcmVUv0H\n{}bR]g";"IpJN^Kcy,\\&-=H,qp,<Al^jngxxB1IkkH@AM^on";True;True;True
"'@|0NGw^:G\"L$_o29v]dlx:Df]z64s#Z6";"'@|0NGw^:G\"L$_o29v]dlx:Df]z64s#Z6";"'@|0NGw^:G\"L$_o29v]dlx:Df]z64s#Z6";False;False;True
"";"E@_X6zE)]`nG$Uhvc%g7bM#|eO\tX\\jde]L\tEo1kRqpyyp";"M0=-SZb";False;False;True
"CrYV2MVj^0wUx2elF'v7BHD0&d`.F6kXN0]YG";"(cP=Y.xOz3B?80^D.4bVV.88m_(*r\nnH/bFho*&vod/\\(\\W0M";"uzcwB.. GZ=(v\t k9[E2>b_S";False;False;True
"+^iv9].Xq6h$g\td";"geD]>V;?l|,wx o=";"#LV0<=H,\"HiQME^gM#l8>p/mio";True;True;True
"4B[qf_z]2(V:cI{";"[X/t!.WLb*!^I>%i'8~U[X3'WrPDeD~r,F4D7\tw<|_";",v]%NBL/vVNw~4Joh.#{z!e%`1Ku!zyy/e$A[+s!3S{Q'{`";True;True;True
"";"i9k/!";"#2q9pn\\I?&-";True;True;True
"nB";"shNTj>rIL|LV&U\\>SXp\tfLFjz(>b/NR`7}v(frpf";"rd4>L#kmUau,TZ\\v3=%D+liE4[_S}{{0Ab8&+|l";False;False;True
"Wx'*Eb ^'";"E$j&&2rE8`pLuz*WF`0N\\+(";"$mZ\ta3b=u#5lLbmg.;*1}jl-Hn+?puA-";True;True;True
"R4~&}~6ZwT@";"R4~&}~6ZwT@";"R4~&}~6ZwT@";False;False;True
"\n(^e`U{";".LS:wR_kV=Zki&m/w?CN`do}@!KZ*%8[DtrBqL+47?8Ugr/i<";"5(3~=Qlr=%Hrq";False;False;True
"$P R7z`@o7R@cI!D14M-W\tn?)>x>xT2- <.NvwRXY<>hEJ>06";"zY(xOE]~@_aUwrub,nX{<3w^A\"_qo]ozEeC\"Oc_G!drdIA\t0";"pOA*(F\"Hf~6l;Z1<`F<tEjke";False;False;True
":qv!57.98~ytF@qCRrHurg\"T}yytmL";">8u";"";False;False;True
":2%%%TM2q<wxJM\"*$vXo=>:=N|WcA02>5qjB!v%;!U>\nJU`H";"k|+";"0N/2Mx>C*";False;False;True
"NDE;";"x=VY~R77N";"W\";.P ;'`|{4i'[?ML@Cn0&\n*|{>#@";True;True;True
"so0kZ\\oRa?q}^>ZvCaJ";"y>CFMrWCH4Wrg{+";"/xl&O[TOa.=Fv'5}SG$y:O60\tb";False;False;True
"b3aIf]bR7dZI<[*vR7(^9J#;$E>SEMok^8JUa:!=\\C-/s|1!J";"<984r/'Xw@c@?eiZiAdZ><";"yfqcK;\t)\tfA+?`P'pb}V3\n";False;False;True
"{V=i-%EY\t\nS5wM#Q.Jkgt";"X?1,y.}aa^V}}Uw2QZvZz9MA";"t{(zqbZMX=07eLT4+u,I-%iQH-($#";True;True;True
"Z=x2,;}gyk.xu|EtI!`[d?Q\\)':/?3/ejaD";"1+x5uQ7{guh6d.6t|5TuwT4Tbsv\n}NE:>.FTgrDJa4h<w";"=]mae%UXMU-K^Sb\\x&U9nqw#f8>g\"a!n<8,F:S;&h,207";False;False;True
"+{Da\"[,c[Z<suU `Ox=bcm#UP!xQ";"LAGrSLBL&i*-9|pT{YF_s_o\tq#Fv04w5]@;Q9";"s#Pa9E{3i70|A&J*nsrU50\t<g|EBVK }JIm]";False;False;True
"La";"~w|>{7( [$dy.jsNli0>.( ";"+c?gM(z(;.XcGBQ|4[g[/~{P3)u)plA/7A1JJ*'^61rV/D&/7";True;True;True
"lcFt~tfk3X+P4W'KhV)vZB4 k|}*` ,<&U0t-g\\v~=";"vW9\\hD[YT[`7W/AFDoruN,}H\"%kfw'po:L<bTntH@V";":Fq-^6x2q)7Ipw0&Tb\tEq}y/|8aTM ";False;False;True
"H!\tz'<k+#+1jg3$dLZ)kQ28";"pqUk?CY\t5@\"g1EOw5~mp~4UXG#9";"e[Cs*H} ZxxOJO!LPC!sy+ZY{(V77ubb+~*1";True;True;True
"Yax|I=1GsQ6&tY'[vz}OTE\\Rv]Xja]%W\nZWJJQV&AZb\"|j";"L^LivEwj|y=u\n[t ]WD-?uhA-9";"";False;False;True
"MbUf1Q&}Q7m4[%u!;obPk4vAQO*`";"z%!1\nWMVF8j}  b\"";"w7>2kPA";False;False;True
"sGMTOa9h^?~j.F^]/;S ^ODq";"sGMTOa9h^?~j.F^]/;S ^ODq";"sGMTOa9h^?~j.F^]/;S ^ODq";False;False;True
"Vj0uLI$'Ur(f\\\nVX";"#t%yyK3[m";",\"M)X\taY+WsEKx&^!^0tE\nw)yXlV;";False;False;True
"1k@V2X\"WpZ][}t]a(;3q(`Wd\tT";"1k@V2X\"WpZ][}t]a(;3q(`Wd\tT";"1k@V2X\"WpZ][}t]a(;3q(`Wd\tT";False;False;True
"~";"~rTO(b";">Q1,dB<KVr;p j]5Sv -j9|U*\t=}xy1X$)Jp$%T2K7[t";True;True;True
"";"j~kf1c;z?&";"BmZ$[q10cI+<e;T#K'DnQ9QR-7S.?swD&4B! Ljl]Wn{TOE~";True;True;True
"}UOq'<";"ab^`)/bZe_\nIdL cWch=J-y:X";"8'y_T#";False;False;True
"*miUzt)X^K`U[%?r/`R^QmBdh(\"\\(dqK!,Lj";"1 _ZYC3e@434A\tlQQbLg;[EZQ(q{](LQUprId";"\t@\tqcyyP486'/KZ\\kr^";False;False;True
">#j%o;";",\nl&f9E]~%?[!";"U:%#1Qe*M?\tY]1<(7??v=c;=p:S\\I";True;True;True
"s=f6C+Y&&9`M`E|9PJj{2MiFKu7~O_Os_FO|U0\n,o";"tn(<Y5'I|;K1 OF!3#u}\n*:s^L}'uw0g0|\\wE>Ck";"{i\\WU!t$-j{b4qwsFohgKU!5I";False;False;True
"^O5TtiVou[q#<p#";"f0@2P}4P<R3f*+mX_\\CAV\"\nri";"L1z/:|C-6]R:/C\nQINJh0\nt\"dC&F\tZ_LH>L%Pd/[<cFe";True;True;True
"#*`0,A";"6Iz&U+^1%Uljgs@h>Es`cv<yccenrJ||5G,oH$";"xiO|^l.9%>l88+";False;False;True
"uHpmaLdE,K;2c_|\nb";"{foZ~5@";"h MR_OW\tvrC8v\"!/IBAK^ih]?L y";False;False;True
"VVdL!w\n4jl(>3\nOV";"[{ ";"u.Bw&bS\nL81e59UW},*";False;False;True
"E@tOC,=*C?c=[DE=";"+a<70<<,zP0Yu|&?4z7d!-(c53R+ULUM";"i21mryl)Dv^8h`D/SnWQFn>v)se`:bK-n`kGm?b\\)";True;True;True
"8<{#N9 <u/=J`@~\"|^KaSp\"P,!-<Dcsx\"";"_KTm@#p6IFLDhgP-=;DjX*'v5M_<.S|4&/Ir<hEY&=aQnUI";"Z8%$3";False;False;True
"l8<U0ajWr6'Ac*Fefilt9mdtblZN~ ";"SU^j.{YqLQS\\#/GYK,m|Jjd (|Bo4#/mN*";"sH`:q)7UX'_b1*E6YpH*PR(V*.^@!eEfr";False;False;True
"E=Zz0O5/\\>l^+1p.";"(jZu/K.\teDiXHm@B|HmS YFUqq73";"\"JS_L\"~sN$KW*cFrk+YU$ICF1xR'-rJgXL9E[ULdu";True;True;True
"0S2]-6i<WUy9\n\\&s5YzLe}}S`3";"Q!r$Z{X";"}9%m<oJ>QYo$2vw;NZA HlI`FG";False;False;True
"gw\\BJg&%IZZrR\n<qL ,3hH";"l_nq,)!l|pRWpjv}aNe;'6q]e";"kjaAn&k'WoJ$h\t.CqQ/Q)x>31XQ9EGz'`ztk:!lh/\tobTG";True;True;True
"~kHGy@DU.([=b\t6MFzP";"@_{||>g3";"7zti+OonX6q#63NFhMzGqjnN}HD?aka)ul.^th;mDq";False;False;True
"?E,iX/rVJ9Vj mi#Z*\\L+]t`xq@=l{h.0~U[(;4^b";"%}vxbKb;";"r0kRG?2Y|n&'Y2$+aXPFYWBBlw*UVtY*RX@7yl=,;";False;False;True
"\"}JqM4[I";"|i0E$JtI`^;1`3;xc8Jdo=%XY2 5~ph-iQ|<FAC]lm!.c";"*U+TvQa\\dj#4=YQ2f:;fL*RP^u4[99\\_7Iex9 ({M83iE><";True;True;True
"^h<xz~{5:7sPdR`\t(c=qt.";"2\\qWu^qsw$Ti8Or";"SSFlkfxtC;bFqlczg;w@";False;False;True
">I'zu3n*X|OC)#F|q^:p/F+>%l:%m'(/F";"qYcWf\thqH-";"Z";False;False;True
"'5N>+it";"WeLaS,i`58";">]z<7\"It@OMyp2h(t=EWA||$Y89";True;True;True
"s";"\"]CC6fn$t#v,mH]^`c!Rh\".|n:C";"96_eL9W^erWVliC";False;False;True
"6V3C#!&j9*3wANs;GI";"i{_-\"3fUvy";"g>-gS0`A>P ?T!vK~g7>)ED?&/`h;r~kq!Q";False;False;True
"Cxo_<<(2-3)X{%{fn7su[8}2eSc[y^";"<HB.v]?l'9eRC?nRKhaO=\\J\"wA|";"Hs5\\)w<c/j?y7N1A2NStTPK?R";False;False;True
"U&l=\t/&(X8|q@rk7AjddYY+G[n>U~CK (}v]kE";"4+!$q3oW@<_#*#1Bg^A\\XD@nJJ@aS^)ASvIqbM_k+\"";"4poa1@FyZ^::pSw";False;False;True
"Im4l}jSdn86cJ<1#[ceB89^\n~([t";"+!iil' e|^l6){in9g$Wl0E9_'wGgW>*";"sio.GwDk=\"[Dl5NmK[<Z3X5(+}=wx;\tVm{Vm";True;True;True
"&4Y";"&4Y";"&4Y";False;False;True
"fQLR`L30D_xfTcQ<4jewsn4j\t/n%gzWJ.'1";"S<@e@F7^r;\\\nr\t\"s3\nmiGxqX3)7 Uwcr6\nvM#T";"kCXP_wL^oH\nY^BzNP(4L~W@O$BGi)nd%a~d 3QEn2>q/u916";True;True;True
"z?-9w[z~ZB+vJ$\tL6d<Hd* ay qS{,akR`3e&VsRod0\n}";"OG]F7DgH2EolZugtpF(=$)&&R{.gRAs-dO;\"!>c?v$Yl<)3";"N>v16W tU/XQ:";False;False;True
"5J@\"eNd|C)W7x2/JYw5fJ\"{lG .uQ8GJLjv]X";"pS*>bsgjDZ H.AY\\";"p\\vJ=KO`Rh";False;False;True
"][:!>ciOSZG-@l\\%vz\"B?>3";"k0[Jw7[Jdaa";"sLr\\7yr]'!]MT7cw\"'$v}'3\tX^\tLxRMp^\"J`_Q/>O";False;False;True
"\\|'5\\(])";"mF~\t\"h*eLrQG[.z#hyy9.)-";"[V/'yr(tIzN$C;RY4X_></NBc8Jg%";True;True;True
"!rr&4P\\7]I<C$LU#Y@>g,]Dw\\}lpc8pP|kvxoV^i4j:";"/IezjqlC;61-v<#I[%D7!Ar:(:^f%%V#";"Lbm7+t+[J.SvLl0`NSyi";False;False;True
"W_:|8BWn)Zbg{O+N`2y~=K4*J#n\np)\noH52RJx.sbYrmF<";"W_:|8BWn)Zbg{O+N`2y~=K4*J#n\np)\noH52RJx.sbYrmF<";"W_:|8BWn)Zbg{O+N`2y~=K4*J#n\np)\noH52RJx.sbYrmF<";False;False;True
"PQz2M7C!^x1TO\n -gY&m";"vYHPgjlTRNj 4?&S%?=_dOp,HF)!wB\n[K;>:B34";"[o]?ilH|(>/O@;0^2zos54D\"V{Rv&Sh,4_Z$>a(5%Oc5#";True;True;True
"J]t?y5/L^I{Z: -fj9_\"Wec'Er\\tDwoxy";"NLdRZ-QR85I};j";"+f(qRc>ZLp,e\tDT?Ky\\r+";False;False;True
"p?3*'na";"x-i-4h9tj!AK.i4";"4{+=o>j{.n\ndO3'm%CX7TkkGhqNnF$u=S&QQ('P1'-";True;True;True
"Q*:aC)LLThfW%#y'~Ah..'y`Z+u ";"\nkI\\s}v_NK#:\"O479P5^\"zQJ'l?gF.M5";"].gro*yMp,L.u0\t;`).':cNw2zSAqm,tx!{w^";True;True;True
"r9#zbS({yNO|P";"xdTD:EU`-\"m41pOK^Bd>&I&sw*O$>ak5G.\tY9T(";"^Of8YG):GVg5,+JQfrf>y;.Cq";False;False;True
"2{%4e5'$Z5`z4+ex67FcEiUX5%RBw0";"pq4T|7_@fu5dF3v+ot!Dl/o,TlC3N)Q`[Gc7 ";"tA&xX<zM0)84f8IgxHG~[g@$>X\tG59q*N%dEoRi%v}<";True;True;True
" g,:8`mT~mR\\5oa\nEW1Up\n";"%;e|f*+}>9Xf4Q1lj\"l#rB\\yY7k\tfL!\"!Bt4+ hR[:-H";"1RuMri@cm3+";False;False;True
"m&V:yGscgia%q9?6iW!vAxj1IRTL`<{c5Qc,v2t";"m&V:yGscgia%q9?6iW!vAxj1IRTL`<{c5Qc,v2t";"m&V:yGscgia%q9?6iW!vAxj1IRTL`<{c5Qc,v2t";False;False;True
"]o";"0p^!F%g< J@?%*KA6Sgyi`0GmV\\UkM{)C";"ol)4H?\"Z'Vg-uB7dh>{`Xeu_'nZ\"!%zcGEV*c\"8: Bm+4";True;True;True
"l;jt@q!X\"$3|F_$Z8RePMR#0( .w*Z";"RdW";":\"GdZi[DV&o\"~a?\"r{";False;False;True
"K_^e4c7*i\n^";"s! `,_g#V/7\"6l\trH+c`b1Qah6kWo,<N3, \nZfm6P}";"/";False;False;True
"4>[Ckl5ba\nVjk,xiN";"|x^,?Xf4s\"C7/f1{nw8m2&";"['!Y;=E3:\t4C9K}#lU/Gd1Z>^kr\"E[+j`iB}e_%o\"50^";True;True;True
"T(&@8nRH*C$QN0)";"Cbyrg0!w(Xq9ar`\\";"SN&ngLJ8t>Mo/jDus3/<]x-\nS_mH]b)'^g";True;True;True
"%0d#k";"d2\tvtVeA0Iqn6[kH#xuY5W!zGCX1qjc";"EV#vTq0\nj>J(,YG~h{z";False;False;True
"^|-oGz^<kJTC~$5_Q!,k=n@d1+?";"^|-oGz^<kJTC~$5_Q!,k=n@d1+?";"^|-oGz^<kJTC~$5_Q!,k=n@d1+?";False;False;True
"LrbB|C70I7W@`8\\jr%adP\"ilSV[0\nJu7svDYwV";"`Z?";"S$oM-kNocq]8kga1%$FT?EV0(@!~>6";False;False;True
"G-SZ1VrI<{i '-u";"WC\"SP\"6D[m/tM5J-deB%F Gqm.nM RCr";"U2V7";False;False;True
"Rz`=,h}&.tL!uVDCYH";"\"\"/aFeX2`Y#)+e;v";"";False;False;True
"cnC^O%\n$ZofhQ0,Q(F1R=OiWR!3cy@6tX=[^";">H+eVZr_U:\\t s_";"4L{ 754ve^+Xsd";False;False;True
"p!M";"Gqf!9Hv";"z;c`3ImJ>|#o";True;True;True
"%c&jc\\k@)\"[>V;";"5ydJ\":8e,gZ[LQP\tOXHDct3taZE7mNS*OZ?XbK<'5kJn8";"ovy:?";False;False;True
"zS\t@9BMsp5/vX`tu|)@J6#Ct";"w2MS],BzE&cU}nE;Y'|gK=xku/,v8WT@>LhS3uX,i$8T?";"sf;@+W\"_V M5#xm$><6eR]+";False;False;True
"ReLiCa\"7a{:w3x?6u";"GyPx?=.vE>- Xfd\"!`e";" wk9:$%Hc;+IV'ge_uKZ\\C";True;True;True
"/r#b,g\n(&AA9\\gvV.%_\\rHN8ao d!|m-Xc0k <U)a1(%3YYv";"DyL2I(u<T(5jHuKVTR XxHzuS+[h>)Dg_QiVPQp^T\\3g>gc?";"|[??tT_Sf%<DL|,{KR=,a--XCcbM#%LkT(=b{cD";False;False;True
"wz%Y`_j*[k[1J)>m]c";"2xs?*flRBS1\td=$&qxzzCuM5AP,.H_cW";"?4=iA.CF]P2%*tn; E9_x={]_)6)2tT|7pPhyN~";True;True;True
"9$_Sg2lR$q}f&p_S\"K#sW2Opz&H<c5IDZ\nd`s9Wz";"<{%W\tAx:i>[7YI4ot6HHR*aF<s=!J|2/Qc:vd>\tlyKW";"Qc]R7[";False;False;True
"n_OL;~";"_W9,/+2@'ZHa<z\nV$";"[5*TM`3m6/Yh\n:mae3f@Q@t7~ALf8it*?(5DO<j7e?^";True;True;True
"^v";"O^cwV nDQ(\"Z&$>;YZ!yx%KHE\tOD'Ne\t)|";"2),L/M3SmoSAP-\tw>Ma@3D}5CD?IAM\nQ%sa+(x6";True;True;True
"nJV\\ B";"c\\)GuR2z^t;tt=>fo^\ntHb3W|NGG:u!npD?'Q\\0$*H";"HwCw>.:T#f6,^[L|JP\tU$'\npy)nms]2@;Pu*Wo-r[IrU{1r2";True;True;True
"$}spZuY:";"Xd\nPiM";" #(<s'UaPa>a|7w_PlWu\n\"/Xj\\27X@U ";False;False;True
"\t}";",}WpOS  rlf?7Xx8aKg:nJ";"<RS$.UqnRbkt[\"b2^|gMvOz3(%\t?QqM";True;True;True
"_b])k>N";"hhi:|f\\A^7K#L1";"wqk)@zkp?y4F_y(kf/URO";True;True;True
"69LGvbc.0:";"69LGvbc.0:";"69LGvbc.0:";False;False;True
"$";"y\t\n+Ci-<YE9";"]\np)5g=QeAXXgUW<S-YuE,.K9y F??/fEY$J|&OHn's2NK-ir";True;True;True
"W8Yr=JO}IwB>aZH\nQn5QxQrd5!0Do_8}d!S.O#siBH7J~<";" L-}K5pjVDo-fVr2aM\"yG*<:Qb}:Ym";"1O?LX$x>>;^.%9Z6'XW3j2/?mHgT(fHK_v_M3@& 9,<zX Q";False;False;True
"J(g23|MQ0<y/yLd9NO`<pIbYRoUYEL`!!t4dcH";"aa'd[$$2";"OzA.IB$iG{,lZ1Dpx9\\";False;False;True
"&xVAt:";"PakRc(qZM&^+\\";"i8qFK6t&W\t`|\"8e/@j$X)L m'r}.[w=/WQgQFq962_xNO,;";True;True;True
"!@~7*>p49y;zwhbSOdfyeDW&cs~X\\}>/Fef+";"_K&8\n?|";"BEQc_30aB~8W&Q)";False;False;True
"-D(T]aj_el8Z]s# JG!w?2bWn";":6S74QQBmU[^.*TPS%C";"_vw INl \tv8SS{`BR+{j1tH'tO Z*W@2-4Vs)1P/haP'";False;False;True
"k`9jarq3VRL2s5<k!0>C$dRL(-#0>=UpsS}7[b [7OY\n";" Ylh1,+)UErKvK{Uz7y_-q7tjT\tJclmW";"Tuh\\r<\\I'}";False;False;True
"_fy9={_,";"]_;M,''6,csv482XFo$l~?b\"@cX7";"f'}\"Kcr|oXp*-_z{()H@a";False;False;True
"Y\t]if`g8kz+-,-X\tq5^HB,>Vj<*^8P,*aVhQfkLLY-O";"yz\n}1|gY]/#Vm/hhL\nW";"";False;False;True
"2ON+Z'!^u*`qS~";"G,qYV}%EjFO}q<T0kXd/I_K7},~B]";"\tgab Hho3Mi??X=oV\nVi},4,((,d>!3:q%pLY:D3 <qr*I";True;True;True
"4{h";"V._w~jW(pPE%\n7\"UtuE4";"EvAWeXQ*x.uA|>*Lm ae/^";True;True;True
"+beQThvWtjmxZ";"R`z4Keq,G9<%fa_c?S>J{!/%";"_#vM5m3:E:v4(H\\Fn=@p/yKGma#k_B`$0<8].f53>d\\)iM|";True;True;True
"s;{z-+\">";"e~Pq^/{F&0w:X";"iVY#wI!k*pJCla<?8#cGkVX`ZtsA\t";True;True;True
"wPGI]?7q B\t@??0";"'*%sy$GI1,ZZV~^NpXQvC";"yQ\"FF\"z\n4!oGFnV\tR6m-t\"bn\"hvPO4hz2";True;True;True
"x\nT3=}VGhELj7Pao[j9rva!-xud^oCq";"Or~,T-wJB/[;";"c=Xqp I]fzk!pa";False;False;True
"g<khQ";"$KL!B3N\"'j?EHJG|L|\te%t$'tcJJ2";"NY-M^}pt\"+|:pOF\\G|3\ta:~o?zJQ{-z.\ni(vq*x%]g$!cR6N";True;True;True
";";"'HU;bkNE=o[#{&yYK`[p!yXZA1~gprv~n;\n,Be7<%";"1qgp\\J\tP&QHix!%aU#2>v_5%'^+bY*uRX*\"G+";False;False;True
":D(+@[kaXUiK/";"LRu_V%/YGx";"E]<WUo$vKkBq1h";False;False;True
"g7";"F>8|p3^#z+D0%c*Y]OCSEcaex|`ioXmnwmI";"szatwvB]-MRA5\niZD\nfjs@7-29~,E('==C;zWb?;o";True;True;True
"C\n:D)DGCG\t`9D7@>mj {su/Ktq\"4f];V0(Wo%TmnRcf5\"X)r";"2'tI3'cWe<r06q!<?a`s\tQ&,[+g{bskH";"FrkOyQ[@g";False;False;True
" tNmdPx;3#^pfM8KmtXXO=M";"fnY7oX&i&U5lZ@.jplA|yF6n`b7Reb(\nxsrm]JqJ/%mJv$Aj^";"%8U9hT3_Y5p!J{RqcdtKr?\n;QJ1)e5IaR";False;False;True
"iL#\ncR.i,i<7Y~9iVniXII=/'DLEzS,''ua;";"iL#\ncR.i,i<7Y~9iVniXII=/'DLEzS,''ua;";"iL#\ncR.i,i<7Y~9iVniXII=/'DLEzS,''ua;";False;False;True
"hkX!!K~#j6 q=QH";"l[FDcRUaE4VN3_Q\"jEHnt0";"";False;False;True
"%]~6ArrH\nPuieXkK_%_]Pd(upR";"G$ujOQr5Gg[(pHB]SAqO~UD<U";"3ct`9z]\\X@Br;fvfVDxgu*8JFG~~+;";False;False;True
"E].vD2''cpN@d!2E:P[&A\t]%(\nP],XJGxp$YwF%";"@5/q\\4\t[%h?B(lbV1e$u!IXtRY9#IFGCXS.#5j)\n";"}DQ4A*G}R]`iD890q}'VC~-Uy\t>SX:]+dD<Di\nZ^";False;False;True
"1s_hjf]tp*@fz!3UY`:&mA'n13rc a.08#1@}_e";"nD981^qoG[\\yuFjf;eQ~R!E&Z;k(+FqL&C_=;Q+zNu";"bYV=t(<XS$lvk/>\tS&";False;False;True
"KvWQTJ@bqBr{{Ju/M|734w1bZJGz";"Bhk-q\\ce`n(Yz0\\NVn8@BrA Ek -;Wnos$QZ\\4W7ZPg?";"-e\"-jkq'Nk@r|R{W@eZ1ub>n)c8fbA&~2*<Ygwjhm`T_~L4{?";True;True;True
"A<br*a,|\"*nkK^YzlK\n{'8X\\D}Ov";"A<br*a,|\"*nkK^YzlK\n{'8X\\D}Ov";"A<br*a,|\"*nkK^YzlK\n{'8X\\D}Ov";False;False;True
"688#";":z2zf'53nG##{gj/~/@Hy^'$";"9*;Tko^GOi}0&mOMw$gLMjR*4D";True;True;True
"LGF=n#H=MuCd`\\m \"Es7:3m5=XEzCxv**Bv3QD*E";"2_`V\\2[O\"N!=oDeQ&`t3kGq!K7qDBt\"x:`AzueT@X\\Rs\n";"gd${$\"0i[o:LAtEhVT)rObUvamV";False;False;True
"~saA3k";"27/]3G-77\\+a|Q)h}Ig_Fei";"}U4%Pv& &=h";False;False;True
"5";">SV~";"auGh.$Y#lCxEs&-tBle.8LvY:J$/R@?";True;True;True
"WU#[";"j4pXu;H}UkT@'$eT|X\"gE}";"W=8dT4,}Qu|mJo9</J9\ty]A\\_&?b^=^a?LdceU8,4\nb%STjA";True;True;True
"GJfu?)t\te;NvdrlC0ZEKb&adT\t}\"CO1B9q1";"e#i3AI}%jFC&/v}[";"EfcN:]dLO,$'fP_X>.b%rID\nFX7L>$hxya5(DP~\tm";False;False;True
"F]9|p{57 Pw[";"x3{e=[=`\\z)\\ ks^.^Sq7./5VFzK";"dDL{/oJP`V7AG;gaKz+V:OVOCL::%2\\%3ecD~Yc<yl\\N";True;True;True
"*kI9UO~G91UGON,eebojzvea#Sf5<#No+";":Qr3]u\teVI9 QUm`SyH\n8;]A\nF\nH.6[Z@f";"(9vfe+D:";False;False;True
"ebu$kKZ/r[B7=&$=>^gMgPy-%]LskAgs [N%!P,}";"9,P=Gtmrd*n_HE8y^9w";"w\t~Y8w@BN;\t9U4)!zzLa\n5Xx<y5fg%AgTi{E";False;False;True
"[c.5PYB*\t%\\3!=sAfG]Yl&";"z*D54>m$7f7^yVIyRA7LnSG5eS$E&@s)Y;si\n'6fr4";"-N&mKPJ<_lgmac{XUR$#{6|x6Iwa4d^9 r}8IJp~[_]K";True;True;True
"`!#~g@.0TLHTCTU7;8yKMW>'\ntS|pD8DV>FF}";"`f1QQ8<\\hk~CutN$pT}jf{-C5>nOwBxZA;iI `";"#2R \t4ro5(eKH\t~Qg+.kt1&>O*1\n,h4\tocpYPyrBR4s";True;True;True
"B_6MNZ8e_Uxycn\n\tJT@.W[DB)ji^Pq/'Y739F'/fPbi{f^Fp";"v`}>AZEU^hHCq;x/1{t#6su)5#&";"Q/Fp";False;False;True
"b*";"Y\\^yU)\nXnL`F";"y]/)8.*R`.9:yM_";True;True;True
"oW8nsQ~\"d#`rGE<y~77sEmva/EM.l]>";"H\".$ QB1UYl|kosR84U>Ca7Y=~;=hC~xfC";"5+/D6NA6{l4&,7;d";False;False;True
"tMo)qs*27{b2%i";"4>;FlBU\"_\"$pjypSv=qZ(ni}9@d<";"{RW8Ke";False;False;True
"\t28'U5scAeaS#sb V";"^?>G=gNn9k=n7#'7{Eg<r8p";"tZTl(/F6O9,?DpjK]G";False;False;True
"ga|L?iCtuEZnZD82YYb~";"+&z\\wmMJ 193,";"UmcGwE*\"p*j<`#ZzZJhxz-n}>aYgFf";False;False;True
"$T?M4-yTw\\Q \\n>cE=W~\"y9N=5!!Di>^/Y7mr^^3w0.";"alW+Jv.mKN7v\n%A(Rp5^<ZQ7A]&@kFN\n9/:.N&3-cC|Bn,R-";"KLAIcp$\nMTWhjs\\4<YK8?YfUWe1-V$}\tL$}X8?IY*MOAzPA";False;False;True
"B4ORb4R#5xoOsNpUV>ME?ebNgY<,b .{<:Q=5";"Umq80g_\nb9t&9EjwPzhiws$/[}!";"tGc4";False;False;True
"g-c+X>rg{8*EXN PA?/$xzat1)b";"s@*FE h=${%aZnVMgr|JbEWWj";"-xw^^H)baWxqlt43|m";False;False;True
",;kFb\\.-6]u";",;kFb\\.-6]u";",;kFb\\.-6]u";False;False;True
"Z7RR<UX\"G:'8d]v6'U;sWSV1|oy?~L;";"pH'(";"sJHe8.fO~";False;False;True
"\t_zG7aS^kc";"1BR";"C}YvXia^6[gWr:*>/XBqp2=wq\tW{PfuDv";False;False;True
"c6~s:m]#";">7!dVkrFb\"";"J>&) H~r2)dU^YXv}ybeOD2Q\"e0'.*N~";True;True;True
"|L(@yZz9m'QckZjx8WA[$P7&XUT;G";"O-F(4{XyohK`x@?yqRC]GC";"5c(,|>";False;False;True
"BU\\kzRItL j/[_9i}i;P";"_?4*";"\"MA 260matn'[='Vu<";False;False;True
"~1Kc^n39/$,aHjXbWLD\"mX$\n\n w_tky_D";"7F4nkuA}n2{~FJ\\l4=bw_\t$i7xZ3!J\"+Jm}]fK_";"#rv'vE]ax*},T!1HmNu3<P1>F\tF7T8\"yby4<nTO>9nQ_ wiCz";True;True;True
"%\"PT8?E%otkNd<|:Wr]?x?,2mtB!<{ qV7";"PeYH@\\0{SS4CNgG$:yXrW?(7mrW{EXKj>YUE?\t'jC#65OyI+d";"K2dB\t~8";False;False;True
"UzozH=sq~G\tGeG~o\\0oeQ(m!m^5(]|H.";"?BjD6X\t2FA`LH $i]?E)UO{#-";"iBS";False;False;True
"&SNuu#AW`m<";"vKGJP;WTQg1S0]R36*(1 rAWFh\\F";"[G>pg:Im1S'v0P.9MVt&+S&kfc[LDfJZ\"&@4/,sr";True;True;True
"b'Q]9o=L";"vIJ]t~}z&1y!?\\NC{r5PAFa,dsA<`";"%(&Jw!\\a,lUvu8\"Z`|PG[\nl{rN)nsoePD+/?vH";True;True;True
"NaY\\Salx<TPLtGeK\\>w~>*gONF,}/%7fw\tHW$.1\tv2]bI";"Y)#2V~Q;IcG8hnMqGE\\`2Jh*P@:y";"]:4?KB4nxrgT#`DJW +(q|3fPez.eALlL,;Cg*>";False;False;True
"";"{dg93!g%Ytc;:AXv%+tK3tG^-b?<9(nz:U";"p|?}ay+YSn8uRTuks+.zp/";False;False;True
"qjm_<*8JR:*6";"d;uy2C5R7C0%>O]yG;?cg<LQNMHrW~&XBhKLp@p{F%Txz\\";"lt*:ndhW-po*yB$P)Y!ROeVg!4/OZ7d:{{ 7CxN\\Ao$\nvXGd";True;True;True
":Vl";"r.8Lbq>UmfFJH5eFH:.FTSI*esQi<,Fa$afaJ)pJUz'L('";"KfO9\"Y4(!`qs%Yp#8qny~*u]W O\tB^\nR#$`j[z8\"pWF\n)_J2";True;True;True
"n\"\\-)p!A;nik^PDe;$X4zF9W|xiGj\n@E/aZ_{8S\\2kDIW";"!]p@tn0M<g";"AvT~\"iG<Tf}I^nRo+aC9\t\"8";False;False;True
"\\7,1=`MF-=(2\tH\"Z w&*bsz]dbEKvr't";"!z#ZpArv<V8";"^Oy(M'+SC<DQIGB)`o>ZQLZ{kSjJk4aEgU>";False;False;True
"K";"fRv`<y_[T9c]9:U30n*sF";"_^E<~WL)}I<&M7P27)T>\t`V)&:-QR2E";True;True;True
",\nz)|MC4M63G<B2`Gu7Q";"\tJZ|h=Z~Sgc@*+iJ11\tQEWS,gdC^";"+t++b:'eLIvC~>n:NJP@qC#7'CZeRE\"0oH,_'0";True;True;True
"U5n|z;%9^X?4=QGLu2MUQ\tArd/D<PJe(S6&\t|_Z?Mg$";"TgZLl";"94(P=\\{S8rW\tO-";False;False;True
"T_/fk<jCju2";"(K;QVao3dLCugL=k(X9'mj(CIaUv\ta:";"aJ(wTrK70oerk{kczW,$h\n)F7p%\n.jb/Y-C4J&%,$lq;N*8ly";True;True;True
"e0=p96ZF$VA\tNR>$`cV";"e0=p96ZF$VA\tNR>$`cV";"e0=p96ZF$VA\tNR>$`cV";False;False;True
"W>hz\"z\"&6\"}P@/2wz2Zl7";"E*TH~3@w$Fg-.)]SRBZc%]km";"Ug8pKY%;?t7tvT*-\tN7CY&CrF*3d38|~RK.&#]f8cLM3(rAH=";True;True;True
"/G{<$SRg^;P*bVsUq;n3S,mQ:qN5*=HRaNg1";"'O5wm%F\t'Qv:+w[";"n1!*5bE(wpx:\nK/ J\"4r[";False;False;True
"Cg)6sZd_Dd ,cOQ]1e#";">TpPd xB#~VY{u";"v9h34H|Q55vM|{3+6\\\"S4\t)zf\tM]h}E";False;False;True
"B} MB^/[>j'YNyD=N`CuA:4?y++1]@DSC2\no";"B} MB^/[>j'YNyD=N`CuA:4?y++1]@DSC2\no";"B} MB^/[>j'YNyD=N`CuA:4?y++1]@DSC2\no";False;False;True
"t8C@";") \tKmo\"S0C";"?ldQzMcAz?qT']\\|!,z{z50i59lTjY4Q%K=!+k:";True;True;True
"gn";"xUB9:Kl+\t$w_1R}R+gHK";"F6_&/KExmJe83M~6U\"[3bu[}y3wp";True;True;True
"-X^*";"wyupZ+Y8INec(ELX3$1R\ntH8GPxt.m,>qEN";"c<$J8U33w*)ui8nbR#5wUAg[-:PMtY?} %\"(s[arBf48*v~{J";True;True;True
"+7D53\"guy~8/xS\"7t\tQxfpt~\t|pG|lgfs^j/q:Bs)b";"iwZ+uY):J[omp";"Tj0LqDBNInWw0r4QJD<I";False;False;True
"_CPlpa&i";"ds}*k?9]I?&aP:weo%0mJw;G#RE\\bK";")]F1TY%u/'\\{)suY5)m\na3g5PI1w%'{jPs";True;True;True
"Lz\tWbAUYXVw";"$Na>0n,{K+2'!'Fft\\7?\nKF o";"LY=f9XX>&}wu'v'EN)9AMN61";False;False;True
";uF*";"ms\nqw-&U _k=O9uVQFunQ8dDHfX{o=6Tyx<4";"9fJKD`bU4lqw\"aq5tP5#1";False;False;True
"UAc'mIk+SGibXWF";"UAc'mIk+SGibXWF";"UAc'mIk+SGibXWF";False;False;True
"5%^HXz@Uka]KCu}(BA\nl&i7z:\tzt";"Uj<%1L<smoWngr3";"/XnRGG=_Og^^X9pk*IVD";False;False;True
"iD$vg48_O\\EYel";"<0bkFT_NX\nCdm<teizz\\dn#-GIt.OY$s_@C$a-Xd|I>Fw$hl";")Yyf(}:e4v,&q=vK#$J]4c6Cf]MhG6w";False;False;True
"%:QG,G1_;nU~j*x_Jo+6o':N>kcG>Dr{O~P{e4E";"J4yle$DH/9<,[%0;XBA$A/|{ok:qsb>;(";"r%k(;+;bi";False;False;True
"+?Y";"<mi_2uBE5T'";":tWdxYSj!\".O\"H8;6\"~.@;iS\t;S";True;True;True
"Siv95>4kkrO,5'nUYyHe1~F=4cG4GHEjl";"_W4)xCQ}";"s0!U!s S.,1%#eqH)\"6)vCu^J4s";False;False;True
"3q^U!\"(,6NGM):I9BTN\t> K5h7TePQ@b75k.hj!";"$gRNm*4@(1G`C`a";";w/Mpl!|-% A,-uRx}Q')w:'%^x4WN7F(.9G m|3!";False;False;True
"&KViK0)ac`al)%]:\"U&-B7vn ._jT-^~W;S@%7\"P7+~t*";"&KViK0)ac`al)%]:\"U&-B7vn ._jT-^~W;S@%7\"P7+~t*";"&KViK0)ac`al)%]:\"U&-B7vn ._jT-^~W;S@%7\"P7+~t*";False;False;True
"Eg|{%_Lv\nJ-[d6Ea^_C,.i";"E?3{T7Nl'IbWJ~|~g5ky|V!~";"hST}qJx^\\kvv)f2|iII-$1Sb";False;False;True
"/]CK2:<r<1'JaY:[PL%~`A?\\Wg&/Q*;]9TTNMXe>";"/]CK2:<r<1'JaY:[PL%~`A?\\Wg&/Q*;]9TTNMXe>";"/]CK2:<r<1'JaY:[PL%~`A?\\Wg&/Q*;]9TTNMXe>";False;False;True
"9CF%";"1:[NR8sf$W0LJoX8^\"XR7&cfTk%T>woBFO],";"MefO\nB)rm?=nLknbCUR\"uu@`s4Y+Bq}UuEJ7%]LHl";True;True;True
"C3O<e(u@e-;UF\t)";"\nV~:sq`\\~<#R<T*\"-!fl}/,Kp\\Y2*'YozfjkV";")^c(sx*|k'|*wr[gv9.ddd4jW}U_{0-_*:m&zY-&=L;k5[";True;True;True
"!4.)C@;c|?O,";"dS2C+0a]@s>HE2:sU!co[+";"b*X4i|cR943o<yzb7ne<=dmMZ] J=F6huVZV";True;True;True
"5PBm{b=";"!Sj8zqVz3\t+|I{4,;7wH'f>/1-nbez\nvHU";"mx}876JF\ndxa)x \" B`\\~";False;False;True
"G'qm=EfgvE'JH";"r/xtJJ~Q7l7PYN7Cv0";"\\R|^q:{<?|rZt!fq,P)";True;True;True
"z&s~vS%Sh]Y2hYv";"P<c){x1Y3nax~hLgs6w?jl\\6|4*/&vFV)";"G=i='51q";False;False;True
".=_T4 I.j7,,//R)H^9CrMV\\,\"'5V";"Q,}^x?&RR";"4jG2Dl/~ if3Y}tg K\t5xl/(]8{S^+o2@sf~2BN$[M";False;False;True
"VNv*;VT~i5p)=fT2(dq9h)Dtr";"\n~VT$[M)DV~r6GiXt-937^7/_";"1,\\0P\nfK=j>LzL,$e;K!IVG:$=p5M!e0t1T*B";False;False;True
"8^bgP{!g~D{16+i@k|#%x&j-A31i9";";}S;=|)u'pN^\t_l_3h\"?q%]z6\"g\n$?";"oW/\\Q TLl";False;False;True
"bh:dPihL~rXNumgO~Vj#G[7`f\tI`VLb";"O";"BW";False;False;True
">aqmPvK;Ga9T~m&XR,Cwk+DHjk,vL\nV=x6:[r2<\\Fgy>";";r.-g0.@(E?d_C96'K.<EI#P`_}\te_>";";9#[=-!Ws|OBxfcOoUq\"h=*21DHbINJ2Rf\\)&%";False;False;True
"Ltp5V(s=rA;sGG$xEAn3";"mM8n-\tR1ZeD97@<co5|LT<]=Uze/ goXRpxXVc7d";"FIfM&3#6J}D!\\ee\\dd4\n<+OYzo^3J 1181+WtM7}e%@";True;True;True
") ?+#y62b";":Fif q-J\"+@3J1PBJUD%XQ";"N*bGv>r.eZk\\\"PJZX|r\"y}Dn2rQ";True;True;True
"!eiMN\tl=\\mO~vH\"bv.? 4%Iwx2K;Om<v;";"K u1a_rIS4";"9\n";False;False;True
"UtZ:$I}UlD@O";"MZ/fp5e=\tYcv,\\e7uBF";"\\k&Ek\\V99^`Bi(-E>PK,&v%C[L6k~nW";True;True;True
"l!TDE";"j;#I:Xqravb-^ LO98N&$lj$wUj_?=71c0O\t";"3XgQE\"gK8u7{zB@)\\V/M\n(n\\t]\\MsU3k-us}$#E1";True;True;True
"d ?!.]uOc.u\t<;V^2C\"t./Rt!jpVK`=Z15~!6F3{+|9uGn\t1";"d ?!.]uOc.u\t<;V^2C\"t./Rt!jpVK`=Z15~!6F3{+|9uGn\t1";"d ?!.]uOc.u\t<;V^2C\"t./Rt!jpVK`=Z15~!6F3{+|9uGn\t1";False;False;True
"O`@@";"vl0sZ\nUKv3z{";"!kELRC\n-\t}_I?T1|eY 61oQ8^.L'{}|n651c";True;True;True
"";"5by^o";"c}^J\n OumQ,/&B]4m!|R`rLQi\t~Sb1O;4'#*D.yQ4";True;True;True
"]Vr3_CY{_~-A%wxKs{w`O2X:)d3#{M";":TEgBdSV^J#Jh79PjZ}7$>0]=7w\"TUUw:cZ\t`(8";"16cjf[/` 0>yC73,6//ha`24#m(TqU6}ak; '*0;";True;True;True
"k|&2";"#&n=cxJ";"YRP!`Ky27[K?E80{Tx#";True;True;True
">P`2S8p:]CIn,]Z2y{p6&g!|)L_<4<W";"s`<$14}$TE;?R{QUYA-kSJ$8Swg!";"6{P%MBM(X\tu.UOUa_7upQrDLPB\\xmt5~Bv?\t\")f!`";False;False;True
"Ii'8=y{5>Dn,ni3r\\4x40OP6";"dE?xM\">YByeS~5_";"mc_,\nZ4UOiKmF.]1Ek~gC*|/2*:]d*";False;False;True
"/}cx4^;;>=gMk|";"(5Kus2,b^BfL@RWn,K1@";"([#C+b1OQoVAyP#K=e6Z1E&:$0{Q$6qTK2Qj$:=Z'&";True;True;True
"B=tk";"Ic^{\tX,|`Gl";"8r'b;A_A\"jV<E\tJnPCS$F\\i@";True;True;True
"#y,pWJbMsz'SqO5NDU";"\\B9h3}aY?<+_";"jm5x\n `Kr.e^#\"O{EttFz FCI`3{@!JN>\tgf\"~nb+y7";False;False;True
"R^)9gq}uS\\w";"bWj6%V\"8";"snT[{^~(#NsU=<*2ivo6.2Lc O\\WR\nbtEi0s\tqy'T'";False;False;True
"(PDS";"7g*+ny/r*Xb`@";"K_n4{\t.4hrD>K_R/c&";True;True;True
"XajlKT*YsABwell%]6-7/_W";"9gg\\S`hA&\"Df\nJW(8TfCb{B`D}oBz\t9wIkH%//8Yx2";">i$z1())2*{NQH:D(/@8;=z$&eI)+%k2|JxZeW9^0XnCQ";True;True;True
"+o8%yOy@T0~%";"b1j7\n%(";"x]#0|) M}b";False;False;True
"Ik H-l{,6}oR=p`_S(:\\/CT_/^LDh0";"tl<fYd7\"r.)I*&u2/,m(USKEM42YB;aJ%PQ_Ageju\t$UQ";"\"g%19@VmS\n!Qt<@@";False;False;True
"UBVg@SCaT=;uo(n_k\\0i.af";"UBVg@SCaT=;uo(n_k\\0i.af";"UBVg@SCaT=;uo(n_k\\0i.af";False;False;True
"J~9cUN_w7pJ8<6gF\tc8&d:fTuGY[4g$^E";"|:&\nN&MG\"2Epu/rrTrY+Q)\nbp|,";"6=hOiVZl(H";False;False;True
"F)k\\\tiR~/my\"H}eZLmS]/k(-N#c@=@YE|R";",?| e[<0w 76[Jz:BfC-s~9>SP~h1NS+";"*Mvx%O0Tl%+vyi;X~BFDA\\Q7NFHwS%g 8\"V\t";False;False;True
"M";">t2 !f2U4u`i=9\"TZu#\n/Ru";"7l;z=M_|:4\"&{_..NmR&V&nrZN|tg={lN}tAFi:T8WqhKS4e";True;True;True
"X`wKW\\/u$4x*J4Dmy*k%)4+)t8u~\nMYy&W8";"Zu6m7O@IsG3]r{q5Ri'6";"~?M}oHvH6S?S}a0N;KA,ccf@8t_\nrNtiX";False;False;True
"e![6#{-~Q2|)C#|AF)U";"N:T&(aXSCF+<DNiwXXp=c2`?Oa";"yu~<dxu=vbf8~`}yw<_; MhF'NqO_wG";True;True;True
"H#f[-b+|t)SfMynr";"F=qO=o!@i ~^sOX<\\-4(\t :ximA";"EL";False;False;True
"t5Lxb\nS/=}";"=WN_aFRVg[UX])\n%6~pc1C";"+W]O*m*|XoClgSIZ~lG~#6kE#v~<5";True;True;True
"`R0PF5)9~\t";"1yn52#I>.t=[ch`@%Zp6";"9EcWb#@mG.dO+A2wAEWE]fecT`@#My^T^v`#JIh:D`";True;True;True
";bw";";bw";";bw";False;False;True
"ZzV`kLM=AdtKe'rFa/dv>fu44+AMlG !j3x\"Whe|QX!|s~J";"{}E'&CX_sUqSKC D>n\"v!?\\f+7}r:*^IKDcD/P0|`.Y~_.l%";"mO4_G{41A.d~\"E1R=0To&).+h\"_eQ*`&gd;\nVh4VK7lC?!9";False;False;True
"|{4r$vIC!E3Xf3Ul<;vdI|_o_s@t!np4^RlXMuZa";"5GX=+i~Ml!~h(0`%w?^c}Nm";"u6>s{s/oV";False;False;True
"vbHk/";"NwRF.K4B0fkCT S";"?&tSJR4a3;`''\t8|RXU\nB";True;True;True
"Hqv}ND:3PwFzU<G7dZq4muV N9uW5e<SjoZ\\>ZiBVi1&'";"";"R2)k|9NBP0[4r]*C?CDp3";False;False;True
"$5\\ #`\\u";"$vy]Wpl>G\t-";"]c|~g1&dnS?{>EY4.kY\tza@pHum1;";True;True;True
"LU(t3U[/*twV\tPqQAGSIkf72\\;?Z\\*%N\\z$Fz?#v{sqs";"dbVQ(Grp";"rjzeDA\"IWtf-qv\n)jYn\t.325";False;False;True
"F&CLVT~c+F\\/BzdJRYfb_v[`Rs";"l\nt?*6#rJ6Oy!``q55fT\\E6^5xR/ZMA";",\"9|\">mlQK~\tc07r3T_JS\nalx>\\N[d1\"n>S)6,fy@8vP";True;True;True
"bE/[";")P76w<";"I7$p!EPeX0>N4H 5E";True;True;True
"Bs/,:I4OT8v04eDX81Sf:A@K6|hho{?F2Y?";"PnYz5SXb`{LW*v<gKZy";"]qwK5+tq~&Y$/2ng&/5A-j6e4{Cp\nK2$YbCOGj9x?GA}";False;False;True
"z10e[{n,N'&UuJ^";"!Z4FJAq ,x\"XDldd:D/\\$;)81K8atoXU?33:";"lz~hC=w{\tEYYs?d";False;False;True
"@EE_KR5L7KNAVbQ-xH*=$O-pM$l;tj` Q22f}zPv";"HEr26r";".TJ H{9)Rgon+vq6^##}~GX]r0rw.b=@CeRHT_f?v\n1>)d$";False;False;True
"AgOD/I0qpZbZ";"lL2$WO[vDR$jO+rD&Tya]n)]lur(Ye/~jjsgCDAkm<r";"%,@VDo|P/#<4h..Xc%f\\Bz]y59\n>eR~uc";False;False;True
"hDvfN\"A^xxl|3IWBf&9Ve\"0n'\"ftG3(q$k/ ";"%X\tgl>F,`edt\"%3CZ?-||it$25\"vvQ1Vr84cA[_1Q";"%;XQOdxSz4V";False;False;True
"Oe1b&1.$MiPPD^^@N0oTC\\|pllo\njKRF]4&:\n*>V>V7EFtz\n";"P(Mk\\}qquj\"Cv]p@T2";"`[i7xB7m@N";False;False;True
"%sVRZE<(X>zf\n@]b6KJ*";" jY@:u/`ayJ|__";"D$Lbo9\nmFlo/b:7=Tg];]Iy%1#0CF XkN1Jko";False;False;True
"~wX<*g'1p$ TC6Obs%(TS mDlM9!rg81r':W\"";"K<,$l|M`";"#0p\\";False;False;True
".%aL!";"HVd7Vxz8IL UeF,62mo_x;\nCW^k0~@Y}NBe;";"B]6\tb D5ry9?UsxR#`@p>CckwO hS3";False;False;True
"\t0<RmA";"Sc=E&X'$}Z=hCI!hbxb Ay]E::%:o>2*1/4*F6N}.d-=_EQY&";"Slhr\"ebC^'XW+F7|`X>`7w,{zcZ!f";False;False;True
"Y7Rf`#Hh{9?KuihFrPyFFB";"Fb{i+7o~SF~G;Q&'gC+&Yov<S[|&?DI6HR' 1a]W\\MS'";"\tn[OoWfWwJ@zv\n C6>4";False;False;True
"eT^SK!Kr#:Fw7RL,/N6d5UFrEcF#r,#)dR\"[(14f=dpG|";"tf=xMrQwWwmcO78";"y)F7s~-n\n'1'UqUy";False;False;True
"h\"vYa19Pq_+m";"~ 5\"ZCodiL&I<>)aR^H]Krzl2sNH@R";"Do_=hQu3Lu98- G>";False;False;True
"R:<mI'[=EIlY=rx 8fLfc>6^+)4, \tbu&VH";"uWRW=,^=r15&";"HvK5i";False;False;True
"/^";"p fI*B<-YQH%Yw{ Fh";"oNctB%8i\"Q$L/7";False;False;True
"`y\\,Q]VD&@<";"r\nqCRGf]kx/>xq/lV\"Qo1i<Zr[>^qZ\tuV<l";"'\t`-5pEu>a8Q|k*:0jhA=QE=#qp~rbo\\[JFp";True;True;True
"m-!u>sEL=\n[Bmm]g{W6kO9a%vrxq6bY%!>W:W{h>Q";"$U-%9hAvL{!TmE/CKwc'<ZxKU&/,Z2b/J@3*.O!ANDM";"&/;p12_HX}[P}Xt|YZ;6M*>R&CU&BI]hEd7(uOK!Q58N";True;True;True
"!Jj5qu4v";"\\B95\"%hp41E_;r5%x#.";"lW,~E5TYu3 .K8l97Kre4A\"N";True;True;True
"u^IdU";"u^IdU";"u^IdU";False;False;True
"QCoQ4Z1`\\_euH*vR!HBiB/q:oP";"QCoQ4Z1`\\_euH*vR!HBiB/q:oP";"QCoQ4Z1`\\_euH*vR!HBiB/q:oP";False;False;True
"q;HM\\c(T?Jhx/wiF{gBmw,CY";"_dx&rcvC`,Hn$g<Y^Pa}q#3";"VYDok?";False;False;True
"uBq'<{W8(B@M#gcaESJtFryMS}?zQEaMh\n6|\"BvgHC";"+ndjY!G}0GpQVq5\"\t&T9j==s4!UK;4k5W";"";False;False;True
"&j,a99ebAr]#4~!sD)o=o&Ak\";\"fD9w~+SMuj0Q0) +|rp$3";"%t";",<MH<Zx6E";False;False;True
"O]Fj1";"A9=pUL/zDH{IVeO@";"80]_T&2mPHBnKM!{<";True;True;True
"Uzl]8]pB+{DGw<^<\t\nU|K";"PR z9t\"~RK";"_T~QtGmBgU?mL\tA9Qq(";False;False;True
"^ZW_^q<P6cc";",~5)98l_seF1F\\";"nDCrci)&m|Q9\n#F4z$ZeFiYNGc+6}i%U!ixP";True;True;True
")>/!";"+\tbu'CQitjj\nq/tPY<X28&u\tl+Ua";"+N5^Jx<@zNC#EDIF`yF<,;j\"@'Bb]3\tp`^Vd2~l$(Z2wq";True;True;True
"khB}s3pI?r'S(w1iA)-!TYHOBc%OteX7lzXS&0&w~.<':";"OS[?Yno;Ti:bKW9#}d`NVI$vN${y]IP";"\nh^5e oW";False;False;True
":XcwQ";"cKuo+;}E_bb~\\AxuJuB\\Wc+/,9Zrpm}/q";"0V@J;bcaz[WWRW-]XBI";False;False;True
"ol*";"NDI@OY,766";"<u:*!r]l7J^W3\\j\t\\m@q`Xj}K)[S8^R&";True;True;True
"TV/P]gFF$=\"-#0";"y1;-5lF~A/8coIJ]wchZ^cj nLS/A\"Q$S(|w\to,x/";"{\tn.&#1fMM<H nC12E]\\ de%\\8.&-YaVnV|1^<";False;False;True
"Af*|)Ww:i\\C";"sEK.ICGD(Jwk:\"ex{\"\\sx6#\n5pS";"`q-pQ.-&3VpN+10{\"W~\n\"x%-$!~\nBgtz";True;True;True
"F7G)_-2duj15A";"F7G)_-2duj15A";"F7G)_-2duj15A";False;False;True
",4VoV~$i7U;5^exPG7oEN$widj`p\\";"X-(?Y$2.>#@`";"+Cc]Eh=0)cF\nbnk<j\nfz58othx1CJmqpFF`[g";False;False;True
"8u%q!&`9Cv-+Qo`gP[l_1v";"~PY^L.:MA?]9Gy6}~\"v`T\\,Eii>m6}Ti0pwtYd";"b5[R&";False;False;True
"\"Yj~$I41J!67rO3a\"@3i0<|;dt(t";"4W!fl9;(L;V\tp7HNBc!s3=\nptxBZ";"]ey(V=)#Xf{!-C~<P8pk(0bES[x\"*pR9aa|[?qzT_2=}}-";False;False;True
"'JnTp\\o1H>Rd\"(0J`-@f![4*Uu[f6:1U%</NFu={9,&<s";": S\\vA>4F+3F3x$k-{=\tIA\\T_Fr#MsS6Z7{m$X1hTxN?.8$\"[";"8Udy\tLITx2R\tOJ[%9";False;False;True
"1n38W!FVrS]5PuS^z*~h+a(^ee#Ybgs;[%\\";"X4#,:U%\tFG)0u<XK";"(i&n'IS'H,?*tIH=c/J,TK>QP\nD+=tOdlQl_;nSD";False;False;True
"],wd0";"`%H_95tl k'/Y=U05+R";"iz2(:JsVpnMAu(jCU%}/+>G+/9rp'TUdn8CHw#9Tjq";True;True;True
"I.CVxr9^ji|FdWd#a9s.A$&4X`9C@&V4F}Ld Ym@4Z#\\\tY]";"Si<\toU7*@^v>enli~{;]kxM-`]t}MM7J8(1/Myxr";"4z3l>8G#2<{BaUXIhADM\"qe@gim\n*E(Q9q'ZP\tYLfi6q]kM<";False;False;True
"1S)#,fX\nFnp";"6:L: PoAE5\tm#z7";"H&r%(3!P-V}\tbV~2=/9iRvG";True;True;True
"r}7";"Ok.?qw]w5[KJ5-k[=NMYQ.x/9";",5nsk#jPnTL_`7)md~;U\n=};[Cy]u[x`*K~#BH";True;True;True
"m<3nc3A`X(";"055]\tF_4>RUW2\t?%KSwf?GGVa[g_\tY=dki{Kwc3m\\r";"0ZrZYvIW0B<kb.L{XaA.K4cXTDvmI%dZsV;S{E";False;False;True
":Ku@;dxE@IRI2]8I\"&h_606u -cVp(Su~k6992.~c79";"99E%\n&$.]r+GllIvwx3";"Z,b:yQetH{#~uUIabg";False;False;True
"%4I~#>:#q9n[Kp#q1ZPp)\n$=' XFHrHLqqV7oXw@";"v+.A7#hZ\"GN/aZjpU%&";"Ct|N]V4%zI91B";False;False;True
"";"hf6RPNhW[V&=XrY.! :?";"5DJL&\n\tvu6[N2~af/#giLVYrbAFmT~`8";True;True;True
"h";"LXAg#\nbOp71l_:";"X tq~ABUnN%I'Z:-K:%7,qkUx\tJdRT_PwIe-^\\~u]!6";True;True;True
"&CY,bXq;~%!J.]nzJ";"8wx39KJ5^mdDRX/p\\k_<-,qK#&6/x3vAIJ!X:l>BsRx'";"4kx2?LT;IsI6>T8$+6Q#A@j/uRVY%'a";False;False;True
"rCBE:`E)^ H54)+}%^Z*nK){";"$5[vKADa<Suf\nYV,FjD3c=T'";"gd|{c0?LH{J#R$8=%zK5Jxoj`uNn;|ADK'WxJ532u0u/OWiy$";False;False;True
"YU=TToc)GAAS";"oqu&Hg{l-9h 3p&U((}`#7\nc,GP)N'@q6";"Y'Yh4#rV[u[]s\n1&B9Df'%`\"^p.t\t!MH8YB=*nGXBp1tka";True;True;True
"iRm_DyO+DHL}i2gv=CAEPJgifnI!@Cp(ZHr\"bkkg6B[B$";"P=$n4P>'`koCZ8&~_B~";";~8G\\ 5u_8qjH";False;False;True
"X }";"Ab'J~R@l{Vm0Fw@=A;'RIMzbPNv\\Gs|OFWS\\(S4_owH";"_\"R@&g#?FUeZfgf%hyR@#zOJmK\\}Ayq(z'";False;False;True
"=GqpE(\n/&vl<wtBH&:rbV5L~KDh0]=e\tWhd\n,DDli^U";"B7aIx?\"kS[o8 eg)j24%s=\\@Cg%!";",M&LgOgSl(u$,`*%u5v:QYAfWsV\".7H0C";False;False;True
"^nN(6eiHSu~v8KTOxS[\\L*=98B";"oqhCL,9zD{|U83XH^29&p3w0+>ounrmgLs)b-";"k3S.$E`iE)=J(Q]f";False;False;True
"C@Hd 9?\ng/F-yq%o|y";"nqL}:&lSV7KT E8-h'Z-qOT55L_rX.YSC8RE|Q";"g\"}8|[}0B\n~qJba5kiAWujIKfJwnuje$LV{\ts; %fWq";True;True;True
"^8U m-";"\"A?<Vk";"i^^MRRUURuCng[Ops8nxsrS,[^&rj>LEEA\tcJa[Py<3bl}]Nv";False;False;True
"O?~o";"\n&X?y";"nP(Tm(0;mWARKPPq77!j<4rB9n? N^25]l,f~3M";True;True;True
"P@lEmQ`esN'wzuf*O$";"pevw3#[\n;%_\"|Gr~Lr\\";"?u\\m[}`Y7<2N\n!H3wRUa|(iE\"A%:824qZz%xsI~Y\nO5vK";True;True;True
"f\n^_[}.?`7x:ZCbE&H]";"Q76,Uhk~y$1`o4!~wyRL3XtAT(";"hun";False;False;True
" \nmy\no8JwASmfjoQ`G8lk[G32M=C;5[;S";"E['nPqs;64!y0p@wW0l!ScUd,17ssI1P(l(vd_v40=9";"xMc~<\n-]DYq+G0!CT<:j{;wE|bpAFQlbs:9j\tEgyKP Rp]|S@";True;True;True
"271R_\"@fRHUk!_'";"nF8|ksP]F3cN8/zi#b!F*g*?*:BD=0:;.p?U";"T#&W9k9cJC;ab>wP+\"nh%TADh*5Y:_r~8s,E}~9\"&\th";True;True;True
"W{9s*RYP+zR\nZ-[)kyY;Z!A8+B`,V$cp013rmKG~QM{";"W{9s*RYP+zR\nZ-[)kyY;Z!A8+B`,V$cp013rmKG~QM{";"W{9s*RYP+zR\nZ-[)kyY;Z!A8+B`,V$cp013rmKG~QM{";False;False;True
"ndbatgIEsq V8<\n}j0M&~Pfv2=,PkGGA0kE?nd=p[";"&$x7tlKj{MMQf_VX>WteLn$";"z!]QL5Zh";False;False;True
"S XH'W\tlXXF5- a8!hdlh\":VO,5vs";"0";"+WGac(C|4$l<|O>DE_|6tj5l3\\e-\"!`iC\"Pk@ &:]aO59";False;False;True
"g(l&o\\r_#1)*}&NEtl&!TT%fNv!wtG?z>^I|zjO";"g(l&o\\r_#1)*}&NEtl&!TT%fNv!wtG?z>^I|zjO";"g(l&o\\r_#1)*}&NEtl&!TT%fNv!wtG?z>^I|zjO";False;False;True
"eg*\tOrZoNd@RPj3zcl^Iuwj\"\tEAqo[Fkmnu\\hfC>t`K&cia^";"pd(Q-'&uU*If_4UhZWHxx19&o9Xl";"{\" ]x}ZC38X3`z";False;False;True
"?P_2{\"?b=6#^H58FCUivIOt\n(u}";"]r.\t%.*#O\tuDK~AzhH%`qsHdc(.g5UjV`({z";"2n";False;False;True
"wcveN`glHM8zJ6yZ!B$<%1c[2dBuP&1~:u0LTn\\3;G";"wcveN`glHM8zJ6yZ!B$<%1c[2dBuP&1~:u0LTn\\3;G";"wcveN`glHM8zJ6yZ!B$<%1c[2dBuP&1~:u0LTn\\3;G";False;False;True
"\tMjL40d2,zW d28ogRY,`.6gjH[ld&fL<P";"";"+isBe]& -*q,&#y";False;False;True
"LetZKq?SP4kJjP~Fb)nr,IAA\ttc/Hr";"} \t^";"QD\"DPOuRV<<J9\"";False;False;True
"*-RTH|a\\&qj!@k";"*-RTH|a\\&qj!@k";"*-RTH|a\\&qj!@k";False;False;True
"q";"r1sGB~fd}EM&^W\"#7yjzKU=k?$<Eqr7I[un.qF";"O:/B<3eW3WA|rD^FfYhV9TC";False;False;True
"5";"h#-WMb2P:V9@ Bi'*#nbH|GE@Ek'8*-:W`m_ey{MVa\\T1w";"zH';.U4";False;False;True
"=uqO<rjQs";"AbYBBG<_Kf43\\";">q._0\\$>\t_D1ez*^a\"\\yuD\\D=a";True;True;True
"s]K3PlHw'k=NJ27cr.NF|$::9#)1e/b[HhF-TK@XOm";"60D(Ydj2M}PA";"aHzn~_.0{d]v6hDdg1jH3\tN]U=+$H/DLS`4";False;False;True
"fX";"$v?(07GtBjXx{R\n&6/ma";"'X)+<\njKW=*7B 1l;`T}|}EP5#fPK5e)I";True;True;True
"'$cKW\n)~7n$\"2AN7$]<";"XTbR~&c(VL<6kcQw#.\tgRQ3<*46Pi'8`w>XP";"Ln6:!&tRyPw]39}`v\\O";False;False;True
"1]ml%%(JwKyS3SC~XYkgVWFKy!\nw~}";"'6Esn36GeAD(*t$]^p}OTVgEE;$#*HB ";"+\n]@+`Qq$nG4U\\lJnKat4]r'IsK=Sq$%OdX";True;True;True
"Q9cU-D$]!daV%<j) =Gt";"A4\nj2]kf;3Czb[ <1>::AhA?nQ";"TIQ%)]7/G&H6SLcljVXT8McU,22I..5$wM\\qZ_Pen";True;True;True
"f3k%y+vIIZ:L&eKcGZcneanu)47#";",%/bpqY(4WFtH\\N!w^|+h-j6j?e{R]%L6og',+\\lgX";"2%!\trn)\"7R*nJ_p cW)e$E!N]tQOmE~xRmA;";False;False;True
"qG7";"\\$ooQ+1.LoYbP\t50?s<q=B?td..lP#z:!,";"6a\\ujaSMT-@RS?2Hoy)ibBIV{@|\nLN\"|xhOD612N%tP\tV";True;True;True
"I&GZ]`i=K;8(f]o6h+RXHSz1/M/u1";"]cQI'XFU]*JCZ.BP(ot|mxc=h";"El.Kv((/EchLF9MYO5rURc )K.H4~n";False;False;True
"vg\\a\\a3$pyy\\8{I`JaY]QSvtd/}}n^w";"h:P9\t4qBDc6zt0;(PdYdES;NC_JOn";"4cfN+<ywCrn&*\\p!N>bhad";False;False;True
";]K'XI>k1Y|H$ITh^mZ\\?Sfa #T\\e&eHWM5MR <Ng\t";"\n{V\"9Yd%JL[pL|n/n9St*9Y~Je@\nY";"\"O:&-+uwY}.";False;False;True
"z%fu6_O>I<9RsZ;hGfz9Ly6U)\\\"tdi(\"!KC#s,m\n[{/v0";"z%fu6_O>I<9RsZ;hGfz9Ly6U)\\\"tdi(\"!KC#s,m\n[{/v0";"z%fu6_O>I<9RsZ;hGfz9Ly6U)\\\"tdi(\"!KC#s,m\n[{/v0";False;False;True
"6j()YgX";"*@\t3t%QiDJ<j\\P@ex";"./>Yk!J87{+zKI2J%l ";True;True;True
",ox!0qG<V)RE|@m1X&tw;0a4zTj/_EI}kc(~b/\nV0.|xZ";"H3XWgPl;>]t=#KInn_t)_A9!Md$rFvfIcT+7]";"b<RCI{'\tgO\t\"";False;False;True
"@gz[6bGe5#0;1\\B=36";"b>O%PS?{dt#pbj\tKQm@}@;Qn";"Ai&/M\"f@]Jxx#\\Ri vP4.0SBHV(yPgOc[MQS xS:w^3~z%!(s";True;True;True
"Kck_e";"D+${5^QN`Q# X,9zXP/,Ni*N^UL7b\n)SL6y@8uLU*S-Z";"W0:jI1GRKcsQ5o#,/{j8@JK\t/Z]HmA~)REbk^gX=0dP'y%#5";True;True;True
"YEpp`-.";"+=0v<rS6mh>2`K9):A,NN4\\)]S1IE";"Q^K\\M*";False;False;True
"[tC,\"n_?W.i4'ouM1Q'ZYk5u/?`Ew";"[tC,\"n_?W.i4'ouM1Q'ZYk5u/?`Ew";"[tC,\"n_?W.i4'ouM1Q'ZYk5u/?`Ew";False;False;True
"_f!3l";"+";"6'uctYMT\t4yS:6 td?EV/SUl";False;False;True
" {MkOZ ~AL|ti`h`-EdRX:$07AA^";" {Zh\tyZ$yUM@dsa(>b";"\n=Ws";False;False;True
"-!nR.^j>~Nw\\\"[TB6_w~-TN";"r!<iROHJwR^Tc!)\njNC#HU% %G";"8.X9op7BtUgORahSZjA878\"v~JV}@A-4d#b";True;True;True
"{m4^A";"F\tg\\n,t";"KoE\\3r@JuJ)1=>B.(4trPnE$B\n\"@EC^b6-\tuD2";True;True;True
".Q-Y92i:=}";"GSY@\\|v\ndgp!6eAz#+\n$B!q}`-|>J `ezw1";";sb6g\tnkO\\gPbym`9 dOUi@#s^aTFk,y0Gup5<W 8j<";True;True;True
"40";"$==-2?3>u}}B(:EulDg8MZ:a3[YDwBZi4";">[4)?$!532w{_HP1Y5n_2<Q@b]mq??";False;False;True
"E6*\">";"ZG\"-X52";"Ig(e>JDHp4SN*cw%itX7|) `0pLoqd<Pt";True;True;True
"";"AhZa=GpO0";"vul<H yV`,#";True;True;True
"[?gb}.1(}o:G\"%d2";"'\nIR\t&5PD%&k~+^.%muyN8xvQQ\tH4+;w#.2u^#ne+E,H{X";"fCL#Lr#T60lKW+.+cyZiT)3Xva(ffRHX_`&Xi>KS(u?=";False;False;True
"HP>#O\nu_z_2>-0]:l7w10f3<^)`@.!(|";"%JBg'm2q[n5</g'g0aoij0.\nM+s/ZH[aqOJyK;Mld\n";"";False;False;True
"~J()ZtO},1u@d}?v%YV~7Keq`^!\t`KBGyXZ";"Z";"%37X";False;False;True
"*ZW}~}nh+I+x";"*ZW}~}nh+I+x";"*ZW}~}nh+I+x";False;False;True
"!?\n\t ";"!?\n\t ";"!?\n\t ";False;False;True
"')GRi&lm";"dtp`d!KRD-9,[r5:F)GD;D2)5A8TK.zVIZLc)<kC<Fu1\\@";"-H*kl^2=g:F~:PQU<LZqC(DqWY>O1T+U`TIp\\%-\nEB\"l|DkC>";True;True;True
"}w`H[z}YmLNL0wE\\";"Ppz|YlUY$_'~%gOIdk+2}[\t<Fbj=u;t@qBF2Yao6`5s'W";"NG[G=zWwxwuw6js:b@q'll5l,sZZQ'NKW/eMqdHzPA.y9";False;False;True
"LF5OE";"J $%um^6nl`j,gc<Q,3xN8{ciA9cU?7=IYgM$e";"=::B\nNTD_2?C=jeI&m";False;False;True
"I";"|V30Ev";"]nG#G\n";False;False;True
"yD\"p`@3b8[C75 |a";"yD\"p`@3b8[C75 |a";"yD\"p`@3b8[C75 |a";False;False;True
"L A<{j^Am";"jH9b[HHb$FL49\\";"{\"H1]5,+W9c9|nt2\"o2L 2%*\nl)";True;True;True
"al-]f2^w.1Wr>";"}dXj=U`\n{`I6R.kA";"1s}zpPB|ux]530UTh%WojBYml;5h.hh^%oe:[Ce:t&J\n^4/";True;True;True
"PK2yZ=";"\"MG2-FShV{^^K&J/N+[(<eqA#9%_I}F";"TjK*EhUcO?Kg)\"6~w1PESr,(Sd>K*p+r/j&-w\nc5Oo";True;True;True
"VIRiP\tfX>Y,FUCi(j%|`I3E`[T3Li%]n^k@W=~UIi,}L\nH6P}";"4SEvJ|nF3mR)(~F gR1P+!f8/5";",F\n5Cilm\\n/.(&EG]D1~F\tx>G!R\n.^Odh%rF;";False;False;True
"fQz.r h`{W";"~`/1:";"\nzG<1\tP=Z_b&Q[\t,#LZw*xWDiyMA";False;False;True
"\\$#eA<_B[EEH'";"s*Zcz/M|`pn%=bIqF+}~k5fV>\t,p`mj_xrc";"Z(R.SD\nfZ,B";False;False;True
"+ixlN~m,0\t6OTsCOKXGUR|5#BN";"]s4-sd\"Z.DW$~YB";"Dk`";False;False;True
"G,vpDutxt 5hlc~Dp(|r<)K|>[0b;51GH\t_\"J\"8?%,Pa&q^";"(+3bd1D_ 1(D=tuhx9Yh*r'%86X]S-A_RAO-EZ}~";"Y^ZyFVx";False;False;True
"IEe*1zWOtKg~W]bb(Sq$J/b[=pN!5$c/hnt";"IEe*1zWOtKg~W]bb(Sq$J/b[=pN!5$c/hnt";"IEe*1zWOtKg~W]bb(Sq$J/b[=pN!5$c/hnt";False;False;True
"/Q[\n4";"yC 1v";"%9(Vh]";False;False;True
"Pp|.FQ5#|qE`!'#)Uc|E!cs@ct6/;<4}P*";"Pp|.FQ5#|qE`!'#)Uc|E!cs@ct6/;<4}P*";"Pp|.FQ5#|qE`!'#)Uc|E!cs@ct6/;<4}P*";False;False;True
"\n\tBPLo-QN%b\"";"Plglm\\iN.(|^v2F;]2|HT";"_usC\\~$";False;False;True
"9\nCuh8J3";".VD&k4Ktf}coEo=n]ZrLp\"";",3Fy{*mQq96*fY%[(3=j8kr&4k8lrwzJi#9`_ECw:_'/)Q";True;True;True
",pcqlp3@+FA;^=ij.,5\"d\nkI:'\n^]^Ea";"k`fejKRBW0v8-T=IPX0n,\\";"`$KTp";False;False;True
"q0]I+\\espt0";"E\n3^7w;_FSK~{.r6\tm9Q*i\t?_lRRw.C\t]L;B@6r?;\n";"RF6oi,N>xj*N:i;I*AI!rz'?CTE(<gi{lv!NU@~j0)er-\"";True;True;True
"/\nbXt4Y]2}2@\t\t+U0g";"(xk%F#G\"Lz2IPiXT!~1 zZ.tl,wY;if2";"NGoge!SjJ ;}|KJ16\t<p0Z)J)yXEbNM0ipE:O}Js&";True;True;True
"7@buMpsd[/w);0sGv";",b1;p-.";"8?T3DcGN@\n-Eka\nj\n=$t``F!)P'];BT^%f~";False;False;True
"@:|^Fj{z)q.zK_JJNlCU9*:N";"+\\fdJnz` {3~X.S";"4f@3;w44mBMYacfEN\t";False;False;True
"3f\\feqX]p%$h1hU J9X";"OY5{:~'KdV'bd\"FzJhB-1{;?";">4\nCCH\n)Clb[k=~zO 2;FCmZ#bm~EE/.1B58$MzkEiq";True;True;True
"=|\"u@uo@iZc$)T/|f~'\nL\\\\U69}0^YCO7";"=|\"u@uo@iZc$)T/|f~'\nL\\\\U69}0^YCO7";"=|\"u@uo@iZc$)T/|f~'\nL\\\\U69}0^YCO7";False;False;True
"hu`J)P-'4v+nB]$gV*Jg";"\\YAXKH!N|K+03`?WeB!\tmN@}2\t-j|@\"+66VH";"SnM@&~Z+T1s,Cf8eu'1na";False;False;True
"hI)Y5%olM37{\"^6BwYc2";"Z}UeY{B=*[A^";"/\tK*)/x4n:Cn#|92\tJPT09F~,x-p0\"! 2%g";False;False;True
"yLdJ?8Be!Ga;";"6gq`m*k{/LaX)danh";"IB\"/{P(H1\ni'2:dieMA=9";True;True;True
"#NWf44?qmdd?e*e@Y`CCL(B2b`He";"#V";"MQHAH\\|#D#b,@<P`5kDG7h5-q -mIQ-HF}5lPSSgv";False;False;True
"n(K>7$Z";"d[0skS6 iF;/1O-@iZNZ>-nk+tp/u-rol\t\"N'dQ?h";"^2PbK/n(sV!FKz},Dq&knJrv)Q5@T~A[Qi1fSq{JSh(+*{";True;True;True
"g5e .H7iAworYH_\tHrT06jF";"EpzvW7o?";"#5t'%vN7?)f,OW~}PeKT6k";False;False;True
"\\Ycm\\Y";"\\Ycm\\Y";"\\Ycm\\Y";False;False;True
"\t+(3f:bN~Y\\d}qTts&aN^}-*@Fqq";"\t+(3f:bN~Y\\d}qTts&aN^}-*@Fqq";"\t+(3f:bN~Y\\d}qTts&aN^}-*@Fqq";False;False;True
"Pj-[@F sh}H1/'$-\t^Q1s\".bF8hcs/;y";"`lDi5+b'pH";"5:Hl`r:L})=~%m!gT40Kqd b6fkQ22t\\\tWimvE[LDnpb8{\"";False;False;True
"Si[W";"Hn,5nFm3.zyE/}0])(?zLW5',e7pOt2YO7}Mr";"p*=OwrY{/Co&^Q'6L]D\"{_v>^;i3%AJk(V~h";False;False;True
"Tj8C";"Q'XU:s)ZKy-g&`KcaT=A+QNhVtKrke-t~J";"eQ:6c";False;False;True
"2*(OBz;bVE_O-{sB2.";"$CH*E#PSY,MKbt^!BPe5mJ4.b'k$)=+n)9on";"b\t!G/8c~BgPkqzwzq+Y9rG";False;False;True
"5QT63+";"c$Bhl";"V\"Z^lCjZ";False;False;True
"[t-DnK=hEvYO%Mht-](\twZBggVXgt\";E\tSsFN2\"s^?|";"va\"sG3r.\\D";"~)GyySw7Zc`mAZn),r,8H ;`\\S7'QV";False;False;True
"/[O;D ,0r9V";"JL}eD? dP.4c C+ZAt\\ZKMNWrL1EC`(\"4?h}";"eFV";False;False;True
"~7XvLSp.2t+h-r%rD_ g*k~bs[8&YGw_]^uBr.  9\tLR57L";"80V2jzT=7Z^_.}af|Uc:Fu,XE&T\nX\"a{fAEpYK%Kh#dfe_";"3LLp(#We\"T*@LR";False;False;True
"u-Ke9lMmK;!gl;-.@}!\n[9e3uRyY&DZraimtim6c2vLT";".wjBDr=R{I&";"_)DSo k1/\n!(Rt";False;False;True
"u)!\n,38D0l";"4;I/V|Bv3fH2xjK~gwerH*}_3K76PWMgXpr3{jJe|I";"z&q|E.<od^dY,@0>B:L+*\\";False;False;True
"=i[Rt]biuzk@!_HQ+.x`&]F\\wn7";"wt0z$:yi,YNX<gNS@\t%Py`]mnjyORx(<s";"Sr*em)jpcWp8~LPS8OG";False;False;True
":Of\tXYnHcc$.}f#\n>%03W";"PSbT\\/KYv'QHax~9OZSaRM`0mWs5}#!W2V]0J9* Gbo+Jf)5:";"ls\t.XEW\t_T9i24N=K#nP!\"$(a(B{z7hUo=";False;False;True
"u>FfiN1y}nr)'95w5 -/tNNgs(8";"W /3KLa+>yf xWGekW$bt{qmwVR^i71Z^}IJRiV{";"^/6@~$Xwel7EIuAsv1_P ^6f#_.e<WU-Z^})D)6'*.";True;True;True
"c\"7@Khv6v@K:.<?s#}W>7#D4x!ojd<f.x-aM4$\t;1cwnI5";"/hZ8e@T1;$ic)e>\t&uuIC2N@7:V";"@~E]n@(Gw%R47NS";False;False;True
"~^4i:*P|ONu&9a&=:hpe>!+&J')7TLjZg8@1{k[t+>}xk";"z{.ff05C0|Rs;o\\!;IA<Rx7tFdL1_QTUG-}zU==IT?T";"V|]a1-9LT";False;False;True
"7Nitp(|}\"s>A_(,a";"dkjq1M";"$<F\\B.Vn,t95b&";False;False;True
"1$r";" U6?5rPaJ$4j04ner5c9q6`!tQFt}WF[;T,:SXH>7.=niYh";"D";False;False;True
"?&\"@i\t$i(.9EexEgi{N/)-,;-LC-wq{5o^dqt7u56,NR?";",##ibV@G7deN(*JEm=Pr";"z4|-";False;False;True
"E*.df\tTjFB'*al^sOezIKf";"*Y&B\tJ7Tt42+\n'<IgFmMbxs)F";"I#h\"sP7dw2GtO2zjo}{'\nw<R-mcbj0kol";True;True;True
"WKO:D?#n r:";"|1/J/jtlrFJ RKFAo?tfjP@S7n";"*HRF^.t,)^<=4x";False;False;True
"`";",]&;FVC &y";"Rb9L~4[]{eeMz?2>Np!FZ%PWU=z#8Q721\\4BV@::@r;*YY";True;True;True
"xa\nPrC'}p@PC#gs{m`5dlM}eG|G\\IZFjkPoXe8z";"%!TH3(`Hb:r eWh^,'h?]Dr#o_m!;0UscD!U`@2&";"&F9Z\\\\~*A=w3";False;False;True
"I(qB3*IovxI~";"2<tEF1=Ubp,KJx@3\\f]l_=Is;x'e}-b=Z";"C%9{35QN_dwM5|zqSM|qIo\"D5t}fn=MZv7KH'\n4M";True;True;True
"yo]2 `>2Qv}.PhP%%b6q^<d^=!U|{:4q!n8h1qi&jVG.`";"yo]2 `>2Qv}.PhP%%b6q^<d^=!U|{:4q!n8h1qi&jVG.`";"yo]2 `>2Qv}.PhP%%b6q^<d^=!U|{:4q!n8h1qi&jVG.`";False;False;True
":Ds=YjfADSNXR7\t";":Ds=YjfADSNXR7\t";":Ds=YjfADSNXR7\t";False;False;True
"";"Y=&w\tD8Mv1DxK+5Lv";"8\\he?[c5o'NUCI~9f]<@/OgG`0;u)Nvx\"`/nMuu=^\t+A3Kpr\n";True;True;True
"17T=\"\"A>X#^D)qBM-G_poOf\\$~/dgx\n8a\n\n (";"DBZ%W+fgA.:H|ha1STyu}Bx`[Cpo@!";"x# WG;2}-";False;False;True
"5V}{K{\"Hdby6|L411b";"Gkl.pxC.{n0hYAJ1}l;F!w}L+Mn#62i";"TQZ?%v'SiX";False;False;True
"Ib}eD d7nChD5DRI,y&1(~0HoM]nn[8Hf;L[";"1.`rP$~v1gJ5%0XfcG/m2QC':1:]'4K5D@7I8zO";"G !^Vx)GeVD5`-.18dheEL~Fn4[";False;False;True
"E*Zq.+g8aR*EA!9s^dZIN\tk6ZUKY gp7ld9)Tc!PdM3'";"FXv03eT?=Ey+=UJrQ-N#'//ZikH{#\ncoxge";"cZ?Tf.PC:fMW={bH#oC(AOoV*\\6HFS^8+0-]JnP";False;False;True
";K@W>gZ;!k!Go>7Tm=poB|%j-+Jm9zc7\n-,RIe";"=0FN\tV;Q=Sk\nnZOcW;<Ptb'x,_E(8`\"78<\";)OOZG\":v";":.\t\nD6<\\n}I(e";False;False;True
"iS#+qIA]kkt#Li5p?$dG=4J)G[Sr.[I#ab\t\\";"~~{.<7qaLp5(:^XY<NU\",:abz&$TF~8u%}Z";"qpeF&99w8yB'=u`'T-^\"Yb{@`C0]\\217I*2";False;False;True
"9mP%j/\n)s'b9Ger\n(~ryI(#.^l6?%LDRDMEqi5J*^7/!vP>";"Ky";"I}3nuRPgExb";False;False;True
"\\Z!qs,cdQPKSPVtI/!{^\no^7~=BZ+s";"?;,ESl\nt]9h(GA;.2`Y2pf";"7:\n@Iu^BG\\ZyvXGg0x.5XSF&0zHZnui:PrKXykQ";False;False;True
" G*E.qu2C\\u`Jt{OAtu[Y2";"=7~C4+1\\Z<2F)0[t4V~$c?&WQ2ucsUN\\ @dk";"z}Yu~'*O>~";False;False;True
"~tLZ8!vt& \ta)qsPILcY$s/F,Zn+`|V$wPS!X9<+0";"ifw6~!Jh-hk37S\"f$+\\\"<V;`[fs!mj2";"l*Z9u_q50(VzI";False;False;True
"q@K\"kEtW ;KbMIO\tFQ+hxX&oTqK#gd?!JzWEpySu +";"i";"[)TsC}.u5cD;MyF?";False;False;True
"<fX-wuW&7>aW";"t0r6uI.wNNTm:cz@+|3o>[Y";"5VWRqJl:R&,TzZq>e!D8Wne%P0HV]N;Q?>^!$Wu>PXjDj3 5";True;True;True
"K-C;L{f0xcr7<9q/TBkpv7Cc7Ta0";"q4?eERwwoG~HNu}x\\?y{j_";"lp8BoF `&39/2\"vhVemq,=6%aQb'{Pv]K";False;False;True
"#dbBToAR! SzGLd!E\n\\#C>p;_]d6(HG{}6K";"n*59O?'`2oy]4hX~kx&XpnQ^{?QyF:,";"6$F]Et:=G'Y#b:M.rT=";False;False;True
"U$F *uA";"Ny48Br'JWh";"p3H/bE{ho4kvo{`\tZPHnO\nSX:\t+^!Y$~%X";True;True;True
"XzA";"PHYg+[mAwke3vLYu]Arg";"9EO";False;False;True
"CB@=";"Dpzgr/z1u5)i[102\t5vYkRf=?=m('";"mH?c/mxn3HD/z%{@~V&NmZA?(BO:RV.4|B";True;True;True
"\nd5@'Kq[R1~]CqH[vscqSbOnje.gcC4Mo()DHdBHCGC\"";"pSi";"1gS2f&MH5+<mq@1";False;False;True
"bO4(LC&FI6G\tlJ :{!]\"iv?6n|s'!s\tO$o)E\"U[N\"wc'\t. ";"qwr/:#jUF;7";"B~Ze#\\ywF<E'54HF.F!JDSP]P~X=~\"Qg@,i,";False;False;True
"Q'P2y$p N:\"UxL;V]A`=NVj%{5L@)";"HH)\\CP";"K(tDgQo0lzKTY\nAR";False;False;True
"tE]bv-Xdl-:Y$`Gz-hwR2:qd";"M2SQ!D\tQkmuU/PuH-G^dV'12&\n@1DAsmwgcUX3i\t\nz!";"D {fUEGz\\%^\nt2c+";False;False;True
"q\nsDaI]";"S6xud`+[.9KfbkrBWI!u~[\\u,";"ftc^69i>-AHU6@gu;jlD";False;False;True
"9vz\n}@xS.T)?.4MPaAhBI~KKKcu$b>.;i";"4}U](B]=C";"G2 2u8ws[%}ioFaAIYDqA#";False;False;True
"7{tcNZ*P";"O\\Llb)2S*tc3]C5DV-Kt{L,-xWFEp%(=}]e[";"8pAH&<]LjbI_";False;False;True
"?1t]JH/uSS\\qw\"$p1O?[$JO'rEckW`qq\tWV-MBZY:";"&[L~&ze~]o";"Fr0!;e8abDiyi\tF{`G~g\nyP&[}$X)rD3j8b{MLKuNn+t%d\n?(";False;False;True
"@q]t!y/}iCU3p";"p$Ba0,wGX|P}U3!@&n *cbaQ> !|O\\~^";"(*%,ZRlUmy\"CW-8h1ASVm+)dx.0FX.{8_wwMW";True;True;True
"1f<=H\tM)tB&;D;E85P";"";"A(??RS8<dtFp\\pg~jX?D9QzO";False;False;True
"[$+>-<!QPQVPsQZCj9OW@?&";"25F%OGb77(wncnh`.N";"C=Jf\\}W@ViQUXzwgw \t&7>w`.TZa[Zf~_Nna=-'<C?iqH'3:";False;False;True
"KK/d|4C?AN`dvsz'5VVSj/,";"o\nW6VT;a[q@|~";"I]EE}aZ7hyhlX5GzRHf";False;False;True
":4L-x$'PtV{2~~)k@IKrF{]1%6";":ECMj'71_|8Y)rsudmX*Jx09wh+<X";"b!R'x/qF}\nQ^4tvkJY`aQ4mL[Xx4s&p*9UC$w1kA YTZ4a8A";True;True;True
"5}q(\"X9>\"`lvNO5el|\\?:M`vC3NZd<;)";"gtzE.to>J[j.&Tt#?k_*%#\\\"U;?J~I/kX('KjhliARw";"g4,l69v+1f=ZIm.[";False;False;True
"@^Oj]2C3[Hbe'::<dNbA2Na-[";"SFsD;63Sc\n&S8%-%x75RUoh\\serr3x";"Jim{X=]2KfsTh~T^Uf0uhm/:Ma3";False;False;True
"eUbYCZ-V;fo/<1|G:C~0]QJZ\n5on_iCw:lC1\\";"cW^9><NL\"~`";"2wA=V&Z5tL&EU9=mY_j\nY/im\\20_ch}}`)0DR";False;False;True
"RL*c0VgqV8{E#:t'5~";"Q\t_vO*CB?3,G}y*fS$Jw*-^1#t}aNTdah8zJ$@{";"?&fH31/3y,B(qbsV;\nX@7cQ0>dX`xKn@o7)P*D\nEYG]`";True;True;True
"<\nx5H E;xN^ jX0$I";"(`Z\\tbz%?/Zgq3W>H_|BJ#O";"-E`dO+&4)c|2hR$%fFsvh:+FWM&(EuaGIOsbhD,CbY'bV!R-";True;True;True
"sJ-`PXJ8_d9S1y:Iy^h%4(~e\"WjT]J/<db*!lM. AEAicZf";"?WX18sr$A&n;=g";"^F@zKF!WGj)*f,s3`y3SU&HW7scFwdhz\\E8";False;False;True
"";"c[C<gNW.I\tdGdh$k}poF+]hNWRK?)~),H";"OGe*r9UVX7{";False;False;True
"q=E+c{9Ob\\IoEB.zrVfpTT&\n\tMY5(>2 ~0+~\toZL,";"I'YoJ\nl),>QZ{#vJBG|\tm@;eHix?#+wO#ir4sIxeUJE(l5P";"c=<b7*4n8&N~?Gn-CHS0}0, c0JbQ\"V2{_ita'h";False;False;True
"~t6yK_Gs&3\\rM$0O)jx9J5";"DKjyU*wm(QN-on +\\LH<^.!/";"&izuJP!D1{$[iUO]wl\t7Af[PCt(M3o6\"])_1/";True;True;True
"_;_Ro`Za";"_;_Ro`Za";"_;_Ro`Za";False;False;True
"`Z`1d~JZQyvn!)j;4>0`/XctgQRMS$}2#e55u?1)I}\\u=";"mwM%Qrp%h\t<pSF&4tZ%[x{Gj(`$iT%B,Hw_D+(w?sHF-_DRB";"g'iJ<(z_!3:09-L$iAd?xc8RVX'@#<9dLa!4G:=;E2i";False;False;True
"5`{-M{\"s</3<oe!sKKu/K^g&IWS4,vs)Q t)p3\tN]`@j:";"'[\t||j<B.7ag\"\"U'\";E|:[cy/1.$X+fQS\\/t J:VJPkt4W]u";"!9-\t9fhEM /UIWMzE[gPzaM,F05E{tc";False;False;True
"?=ITjJ`E+</!ro!K>\\ []ehgjXYj{|Pn>-\n\"m";"TCj=~:#T0\n6fK=V pf4yJ)GSyIIhpV4";"J'N?\"@b\\\nlA-]gS{`$GkY yGL-^ow.JA/ mUmKu,";False;False;True
"R,8[C31aPcF";"b2U\t|$)V/F2a-.b.#r@8U^RZnw/h+KrJjNn20M9/ME";"vTPSF_4wl*7M#1 g'{q</Yl^(K[,pe ^W{e;}`LH*h";False;False;True
"79%>S,q\t6EG[{rS3{O&\nL";"qF}>b=d\\=]p?I/Y0pW*jFUP~xr<7GU^U/(E =n!,=H)w_3";"k<B_Nj.phC1b<F493^XR\tEDzHJGQH.fI]WUv;-<NUO";False;False;True
"HH}nSTKk~\t\"lk&%7a` ";"4ebod}jH`\n4yC)Y^UX*UHA+HBL`ji:wfmR~]2X3'j3";"DQ\n2^UjMH|c5{yrm/b.^-&RZTN>lw|F];,S2YXOXV.,";True;True;True
"&\n$Vs9\nw!`6Q%kJ?}Yu|\\/@voTwrYY~/N";"<!5UcoKR\ntStZ)}kY0XS[7.\n.>CvN-@POULDP&'G^<oyC/kR";"m8F/f`se0_*IG3 Ch|6N;rYYG7awf\">Os'fDuZ)|pG-3e";False;False;True
"Jce+2ihZ$N\n*J>C";"tR_kE+UM:ev#c8g/O,[ol2pr<6F.Gk\tQCp \"9x";"D<\\aA*";False;False;True
"H'9(\tTmvsMj3xP?2C\\p~6Fdfj(";"*6K--WYi4y]E'Wkrw-5:Fz:r49\nPduf62";"b]WE`lgDl1$3|`#<E^cEpM5AXEj0Ju):z/i=Dq{6<+Fi|y";True;True;True
"DVA!3.";"Dq\\;X";"$%&qmzA";False;False;True
"nQE$gq";"w>d~:'m-92S{gf #x4J&k#u8BwdwX'HIt''^@dvY)O.B";";QyKV\n~kfqg+NDCmHlK?HAFsKVQIdni\tO]SV%";False;False;True
"}>\t6MIq2@Tk)T!OV8%CSx.}n7Y~#\nxx";"djaJ4v}K8c|/dH~_4N^55f\t/";"BdYKKluA+iESDDLJjNoS_x(;-JRP";False;False;True
"Ymp\t\t)({g82tOy|%2YUsW2o\\5o`@[^Hj=9Qh_9 GTAkH";"%wk@[CckAf\nP%JHxx^\\";"?t8Xf\\OM=09JzB/Qg7v/l xxm\n']'l-;mmD:Y_\"P";False;False;True
"wIn!pOO\tzx^p?tNU6!@4*N]-}v&hngR\t_I";"U]Ig";"Fa@$B:\n";False;False;True
"`zERd";"AB-,U]";"805FH%B]t:Sc%nz?IQ~\\b`O}P";True;True;True
":e@w";":e@w";":e@w";False;False;True
"xRTn_d^Z(1rVZw)87";"xRTn_d^Z(1rVZw)87";"xRTn_d^Z(1rVZw)87";False;False;True
"8(jcLgSOU6LV\"X";"g-=yf*+";"";False;False;True
"zf4]D|9MPEn>lW6hiLYQ!=}EW\\|k]#7ED03[NzTf0b%";"x#wO[|e(:0glAzh;5";"KMf5F]\tD>Ld6V'F";False;False;True
"#lIP/r~O5);\"Ptro4:\nW}IJWu@";"/(.Q]2-\"X8.m\nl?E4P{x";"e=LJtI:K=uC~W_wvu:S[U}5P*j%R4M -w7_8'6~hOi?~,";False;False;True
"C&QpG%y'\tVv(<rWR&)";"LL~DC#\\z\"";"lPhI2`D2Dn&Zf%%!pnScn'4L-rv2YU<)MJ2_b%OeVz?Em3dp";False;False;True
"\n`:Mqms#|xy_7X@";"@f1\nh)4M/$sOLm;KiZL#OjDnCVykk&h*Q>5";"x5&%TyCDRu3GBA\"OwPaB$:'FOH2eo_\t|x))i2";True;True;True
"a C|2h+]6G'bKE86qMy.\tb$t5";"/87NRcj/~2q\"iC;cT\"~nHt\\<R=!5`BiC!CP{KL#jB";"f\";S;?kA10U[[1{3j)f8ow1F9\\yjt!Ugb~YxZhW6\\8Z,aP";True;True;True
"|aJ7Zrs9Yz3AdOa_)f=:8lOh_3RK#F/=";"|aJ7Zrs9Yz3AdOa_)f=:8lOh_3RK#F/=";"|aJ7Zrs9Yz3AdOa_)f=:8lOh_3RK#F/=";False;False;True
"~yfp*)3gUEi>!a5=Ze%{_,^<:sY1";"?2\tU{b5ang\n\nJ;YFs|a3opFwL6mM{ga?:~*gB";"@wOf\t#oz462}MB&NGedH)D 7DHC\thXzp4##aW%c";True;True;True
"9FL#@jHs B[qJzlK?9(,U70V=d";"rv2lI`)w^492c;+'w\\{km%I*]p&^4o|+";"Wn:(L%2|\tf+HA";False;False;True
"SW,*)Sl\\02%\\U(L/Bu*y,{.0!pG(b5dh\tpN%82gL^aoRg";".&tohNGFKV\n!tijILK]Z#!in]JG\"d";"P!`Rd8pF%{`_;$)yDb>^SX<1ZU$y2";False;False;True
"";"`\t7f&PL#HT7;*d=yGqb,\n%ATqF>ckF~k";"GO9;dL.uHyG@H-";False;False;True
"8\n#-.%O ox~4/plclNq\nK[/t#0]=\tY6-x<S#I";"8\n#-.%O ox~4/plclNq\nK[/t#0]=\tY6-x<S#I";"8\n#-.%O ox~4/plclNq\nK[/t#0]=\tY6-x<S#I";False;False;True
"5&kh]\\%L]}?Se=Gwm";"E,:jb(.*1oT\tTwsxntB31gF`\";2!l1lpzt\tJvB";"qV<GP~";False;False;True
"qr&KmW0Md,Mm4S+IMy[rr(";"D^v`cZWB%`O~T?a(I|PY]Hj!BSfegf*r8\n`C=O \\x:e";"0waN`WwzgR@I*);^$+LZd#A<ckz!hfi}C/<pd-8rHI9l(p%L\t";True;True;True
"X6h";"FX,*#~$EpHUmO[;pd* X~IC{/x\tf93X?Ww=qyZ&MCN%#C";"TO-K6.r]3Db?g;7)^U&DsJ5\ni]\"?D>\"E~,'\th";False;False;True
"uaBt";"o&[!HY=le7~3@yX*CW\\Vi:`xxdpw";"K@&DaZ%-sPcb\\=1ldW`-d?Z1W&&XM>PP52E#iLEG+]oGs@";True;True;True
"~krd>>mj";"Boj=EV}KF_&4deN9*Ao6\nl?iAP2=wWso";"AZ:1FTtUp7'0(JllN5;(*,i~Sp";False;False;True
"k\nsx9m$b<Xkd5h$g<D1wgs&kMB(Jx^z[w0Neso5ZKB\tIn.RN";"J%z45Xh`A:$@CEQw$BOc7~ZZ:ML!+M8MksQm\"";"W)]0S2`c!t8R:B\ncSrM 4\t}yIbk4#O'-=V=";False;False;True
"e=;BTuOEWt<XQ%$";"J9jK;X`&a5_/x.K>~@StnxoTc;EC P(`QXX( <|u~p(Hqz)7C";"R(Mx]4n$(GSg;A,r1q |}=tRAnYHv}ie#(7ufMt\\yN>5OTBRb";False;False;True
"@20^-yKkx[gn#qiTzP!vzUBmI}$TFX*4d,=";"L:NsXtLX$";"<AC{s(;-\nxP*.tl(@8/J\\lc\tjXfc";False;False;True
"uutfKy2U1J0xv";"$zw1(TLe]'rm}=INHJ)S[z&KTY4DK<(Eu=";")HdYU";False;False;True
" Ve9G.+B&/&o!{k5";"v`TzP?\tbgT\n'+yxN\"oXYzPP\\\nc.Nihw";"*o 1~29s>hN{)6}:+{b,t\\hk#C(d(K)@&\\t.qwmkNztQ0Wp\\";True;True;True
"'s";"qn;d#~=*kJy^N5'P|\"gZ-/|;e(L'G/}T+Cg7";"_29:^~5uRb5mL-r%:7.DQ7sz$ 6\\yxX+XO:\tsj";True;True;True
"4=@vc{m";"X]W^D {1GB #oxQwDCilZ({$";"Kz&<W2X/'+hT]qn<;x}O^q=n?NoB%_;5= fn7zPcLp";True;True;True
"}xx1`_^+\\\t=D/9Zl5sFG{b3Zfj!tOLZOdxR@#]lHB";"jdMN&r~0Y\"bVvo B\t!*D<5p4raA$Av";"mB5/\tz-*st87HS7lU^Eds.";False;False;True
"?%>[NzmbYJ\tSi&K=+~BI:G|W#sKngp5SF8F";"\n'{z/jp| *2-tr3HyJ1_&0suKdW6rpC#FlC2";"Ihb.H,|v?j.f\"U^~M9\t:cC7KpCm=p{d1~ S>&j3*{TQ (";True;True;True
"96R=uw_hWJ";"f)8vU[su)KE#@t/<|`b#^a(cK(kKZq\n";"~*0EH;c7wCl)b3m&)VqP5gR$AO9so]";False;False;True
"?A3s?*Id3zM|4N8M6";"{)Q/U`gtHPn";"ZT}O`Ila{6wgBQ>(CY E Q)o'R0fBm\tXj_";False;False;True
"&K\nE";"\tX!(LzMa4\n\t!O-q~";"\\\ntKmi<s!etvWx)z)MHOn5^zMI";True;True;True
"&ww3q CC!n qn#%";"o7i#@%a";"PS;6t3#<h/KU^Jm:$xa";False;False;True
"!^.o(^Gg@pFgIh*d|,&IW|C(kV5s]3/<1XNR#W.[q_9";"bMkx|sZAk&=|^N9~6(/.xBRm2ni<jgSJVX/a";"WT0vKoW2C,Vlq1aD";False;False;True
"H\"IE";"H\"IE";"H\"IE";False;False;True
":;3kX&hOYh>.6G$@O*mTx/$sEc1\\8Eo(f0:";"z*d\n?i.];HbKQu$R`[m4+\"K7C}/HNRA5{OJVDpu}1N";"Wo&\\~Th+o7d7fTny!g[mn'438[\t";False;False;True
"}/&OX$;";"guQ8USAoUE)DYX\nHNK2;2/,3oEh?tFkMIXiLJ";"Y<\nNjb[Qcz;%4a6!.OaBc=bXaRZ%~;-`&A~v#z`Y|_JXo";True;True;True
",K.%1HWndaVtBI";"!fjOgh";"EcM7riz_Wr9F5\tnf{qXR$\"'WvmM:!7\nTp?";False;False;True
"T}r'S;WIuG$8-n}4&)3)YM!10'Md]bhH$/{-%\\\"";"4Tb?Xc3/dx;oQ(-PqJS dsw@V\"DZm>,A^k*s8almW";"a:_R(nyaYbyKbs\\F-,wk~m|p#";False;False;True
"\tP";"},2'<B%E+";"^kF[`7j1fNV$SffaDHPI<;kzawOA[N\n\n>r*oj-/F!L7-&";True;True;True
"qb.>Bt ^m4xo@rH3F<\n&<+,@!wfOZw|@Y;Ll%#g.XQv4&,";"0@N/SHWj";"K`#BWXL\nG7R>;bj]C>!\\%<R>U\tv4XO|3[&";False;False;True
"!z.#0}+{%@'0by/Qo\\|f\\WbK>_nam<`<H]4";"@\tljn\"_K{asu&\\Y";"g'\">`z?pyRN`Yrdx@A\nj@c75%SDtlw6";False;False;True
"2` 1^iZbb|Z:e8TP}d~g4.\"GXPn9X%n=m";"~0^CL1}F*I+{X|:E3z0<Z9K4j";"<Q4Z+RCj_)Zz\"fjC\tCEK";False;False;True
"CkC5F\"LjJz's/v2P-S_wi'U`EjPt<\"Ut&A$(Qm[K/";"!F0*5T=b>>Ny]iTA&}1[\"TgA}>my(ZVemj}BO(o^g_\"n3";";=Z>2$~-?Mg5!Ot3JBOyIXCyj+T0S|+-9{j-Zl2|M_vp<2Hp";True;True;True
"}P(FTb~])%]YMcg2EZ{j.ltpb^jW[/4";"}P(FTb~])%]YMcg2EZ{j.ltpb^jW[/4";"}P(FTb~])%]YMcg2EZ{j.ltpb^jW[/4";False;False;True
"`E!udf.]T_";"YhR\n \nEE/M9L3xn[qxU7MG{W6X/F+&UKk}u(C";"AuA!ik+O^l 9]:w?{t@.p>G}G|j-q*<[ohbo'.<c";True;True;True
"5EJFc1v}tmF\\$";"5EJFc1v}tmF\\$";"5EJFc1v}tmF\\$";False;False;True
"RaCg(k+Fu::}+T{?w";"]v3{\\5!7Fa\"8@!O(pV#t";"YjhJ\tPt51T4dt\"dvO?!\"ly&uE*\\>\n";True;True;True
"t8+QX4%|J*UmL`[)L?!_X,rz7ED[";"t8+QX4%|J*UmL`[)L?!_X,rz7ED[";"t8+QX4%|J*UmL`[)L?!_X,rz7ED[";False;False;True
"ka";"y`b_3 jI";"'&C%\\EKgB6ij3p8%vbo99cfw]l6xrr";True;True;True
"EwLG";"RMT$8OeQ*GPh_`L'f&sN`1nP:I^Kgn{`GvC[rG";"?J[s_\\{jL#djCdz%#&9Cuq0V5M?fTq/#b(vHY;0";True;True;True
"/T1BKCO8$w7Sr+k2IJ2uek:UAab%*A}dl%,TEArH^LA70kq6";"/;:7F_UZS/.A]>fj!:k00D5\ntmk4CX<Jh";"3|crS(XC+Scwp#aWC)/VO)JANY0>BVJO[B|u^^27'{e";False;False;True
"OmR' !.T`\n>yjRO$SH*";"y}4.C/sEM>YqD";"\\sK`xs((Zj$0Xq'*V~_S7fq3E)Q?6@|X+(?vk|g";False;False;True
"m-'\t6=w[?";"$Squ<wofWY";"cST!d^xCgaSjwM2;|a";True;True;True
"$xPC(}Q";"5Y!QPfn;9\tJfJV5daUIG'";"$Nl#Izu<'q%@A7B$N5uH'wy0wY[+Zs7<A\\aA7!lWK'e1";True;True;True
"'z,<TZ}RQ;b@_X!1B[PNHf+";"g%d>ac6/<M6%gHR^WUR%AYhY%Gb\t1T8[&Oz\n Xq7Z8I";"&%B(fm%B+";False;False;True
"IH'/.NcfiMmtkRloal\n(A\"Cg;N";"day[.k1'A:=E9F^FE=HBi<41ph`,/vv6#%V5~\t";"P<";False;False;True
"?2gx}`,nY L[xP=9'";"JL\tVn\n6(zMi8OleiBTbaV6D:^{[)kx!";"PKIf\nk@=du2v8jGIIq\\5SSsI5a^c\nL+|>B6R0{-rO";True;True;True
"^2*[t88tzvo:7!>Hq";"qu:hXZ7D@+eyGk7+KF;kH-";"6\t\"EsH%blE45PfrY'3*vR7$R>:]Bw*&c %o9t:[d<b2";True;True;True
"oR\nW:1^kDWws_Q7e@+C~h&l?44w\tZU>?z";"oR\nW:1^kDWws_Q7e@+C~h&l?44w\tZU>?z";"oR\nW:1^kDWws_Q7e@+C~h&l?44w\tZU>?z";False;False;True
"SppDmL.V2QP";"q&";"z\"+3+$sME0`ufe2+nTh9#&$/UV/3yvc ?6SQ~HovJD";False;False;True
"14YifF S,>I(";"-$=T(I8HuUD\n\ns&+|Pd]Q*xxxMx=WW qTEE_Yq$fS}`Bv";"0`'4H<wPl}%LVRM^FP&i (@ZN`:kA:}xT'msh@3DFKkq";False;False;True
"rSEs1?.\tr'g2jyuuNBV:b(Bxx";"\\xLe[\ny?2gp0\"[gE>zlUcI%*gu?:\n";"HDiyl&\\X\tuK8";False;False;True
"(.pMfS^";"(.pMfS^";"(.pMfS^";False;False;True
"qU'0qisYg!yU3.cp4";"Do`>b/ 1& )DoyX 9uI 3g1u}S^S+F=";"HUPi_a+D#izz}%kvWarB";False;False;True
"bqC%\\u(0KmGpclm|9,Q_kIV{y\t![}|bI|suMVdMd@_W";"guhbcA43vc^\t]t#wHm3_p?'W EyS`Awn)HZ\nY'e0WtuJRP0Rl";"IICt<Q8G=45W!~wB#&^|W_KiI'";False;False;True
"rz,!)+=1CDjc5nT!L%r/%lDyo@ p?$\t";"O4%LUbis_Z^](ewez6NO\t";"\\o=_Z#RY}b4\"],-LDF^x0JjYgRw,v,kD";False;False;True
"";"E|[uJ/\\/q)&\"iT";"1.>@F\tv.P Iz!C/M/k>|?&q{)hX9E3>eh@)\t'Pn$xzc";True;True;True
"9=ueH3Q$\"K^UO$;=rON6^cr";":PuU1P";"p[Wy";False;False;True
"JCW)pBY3@:S";"}v]#f}qa+mct`~*l";"E}gHmYe<\n}]:'k27A";True;True;True
"f";"-2@Nc";"aS)y^\\Vl~0U `Sy!:cJkb3Hn8l\\$Yh";True;True;True
"]s-X=T34c$lCDoE;A1'PC\t:#xiE~\ned!Pl!h(9PX!32v";"LK89m_^dnPU%=.z\">Z8o/?[TwHHQY5Hm'D'/`>5";"UaA|naazF/`BPI;&C";False;False;True
"b\"d%^ol8jKF+D]tV";"*oZ+& uC*~z<z!Let\n^s]]$7";"=2041 ~1pG &!V/DNA-d;p[.t/r>`$";True;True;True
"SWY";":L,RFiuu\\)Z&bKPMXj_+ bz,Q}";"Xqo|BFPpO2yu%WL! XEA1[5";False;False;True
"jV#>lL\t(cDLV(/8seS4rH";".$~I#hN,FE>Y&FXd#U3~0{|u@&5xz";"`Aml|afDQ{?PabvhHl6rP]44Op(_;\n#f[O";True;True;True
"p9subS\tGp1de#%5H&\"j*\nB";"}\"6oXQNR;";"v%v',R>z@e\nn`\\^:t|w3/~lS+HM -BV1{KEv";False;False;True
"?k]?k2p+C(w<.~OeW&Gow_d~RYK-%62,7oX^";"[#8:yg{e+{2q?rX<uW";"";False;False;True
"eTlssKE ?<bC1S^CFD[Na";"T?-\n5*U3Ws$okF&(co-[G6T~-}lvJW;3z$StOF}Kqgp:m1\n8";"VrD#u' ;<'cN";False;False;True
"T^5}8Gp~FoQ3Hnd^{b?z^!+'>w/])6\nw!XYX~#eIX%";"?31tdTt<@?vUn=yE1v&n.LM_$KQ):'e,VBp?W+n= |mJl";"B!\"pJdWp8Dy53W\\tv";False;False;True
"";"^!La Ky'\\\n";"WLIHu;fYdE_o26$1!z9g'X[";True;True;True
"z,|RH";"N1t/l|cjLCwT-JgK 0o>lFG%]v2@@/]8*5";"~(dSA|dNy\"~aY#s6Y:5i{";False;False;True
"h(VSx_>Ha?s.";"-8)\"&up;2U";"}'syCpJ{n\n8\n+%>Ew[ Pl$EQO]`5njlX`X";False;False;True
"C_7\tW8-h)jzO1lW9b]f.}Uc[K%6>QX?,t";"TE{?d4";"d0qE-$";False;False;True
"CbLT44M3M3n~ZlmR#)gnkheN&0c5:6D(xj*ME\ndiN${er";"CbLT44M3M3n~ZlmR#)gnkheN&0c5:6D(xj*ME\ndiN${er";"CbLT44M3M3n~ZlmR#)gnkheN&0c5:6D(xj*ME\ndiN${er";False;False;True
"6a\\Vv~aT<V\\BIpN63\\EHYW)y@UILKUX^No1Wy%:";"xE4LbmG\"IN4o4omHD=kIR)7P({)H";"wA9;)*-,OOSmq(1:/,YP6h\t79sX;f*AqZR]S?2OU^O,4{A";False;False;True
"#\"7098BR-znG\t{yR#im*B4;/-6g?z\nTM\\CoPmcb\"bA1Bm[w,";"Ie2GSFn\\";"C%F!l($16%\tuq>=[bIqrh}$.Z\"f\"#^g;6v!xX8]";False;False;True
"sj2-4\"kY";"`;YQ%OyQLjXQCgn";"5$r_$R?u8h9n8TG\\qLZk\"G(CKQ7 gR+!'$+)M0X%=c-T=";True;True;True
">&Jd(?(Ljyrf";"p?Q[Qlh7K9Fg!_^a&+\"&(:\n)V^6\tii|1U";"Z0K!L&JR.=|u2Ut7aj]KSYu;\n=;D\"B[z'D-";True;True;True
":mPG*fXPbr+HMLTpeJE%:^);|#;\"day";"JUgsq>~,@esw7pd\\|^YXg6*Pp";"6\nU3az\nGWu#_x<\n";False;False;True
"??u-=BE|XZu\"f';GS%\tBrCfK',+KIJARZ)iZ88v :LZy";"K+xmoa:fEhOO?:;iV4eZ^u,,##\tk$[%YvxJ:YO32+?A";"PJ'LsTTR7UV5AKN?+OH(Y3@B%j!BbUX};{Q";False;False;True
"r?b;8w2p0'=Y";";Z,u?\n_O>r;\"";"z&~|jc[]S]sxyhCJJ^5%)r2?4xWunLik8&:h\nedj";False;False;True
"a$-:Bk=?]Eet[h/3GwacHul]=\"s6!2#~\"pHvS]Cn\n";"w&ShiqF&_) S\"!1&Ym5O@c'lZ*/Kd|N@=";"SEa>1$>|%gGWzL";False;False;True
"w(MM|k/exf=kC]}TvD{\"@Xj9(Ugi=TOu;$EzQH:kmJK";"N%*{f!~a(*%HQa.W=6x#cS)L4&RKF\ny0/haCm,JSHmNc1";"tn;zSP^W:fkSo\\7`#v.9m[,ux:9EA]T_~0`x\nM\"8xO\tMeh";True;True;True
"?M&?e#{zlh69";"+EtryaC|[{@W>}`M";"#^%J=h_d\"zm3{'pqu]qeyF3vrE{@U~";True;True;True
"MQ";"p\\eQILFqi}FEtqlCe:!fh";"z<Y$'p\n^";False;False;True
"bZbiA,cf?O?,}zu";"|&wT@claN&#H]RAa k@>}Pz_>#!X{^i`,+j9>3<4{mt\"";"\nV%eq&uP#ucP}~YoDp9M}GFJ1M'8wbS@u['UXt";False;False;True
"Jo\tH#(WCkYhw-8@0?]abb4mx/.AAH^>";",\"\tip\tcxQ8(L6[4n<8v.7llVn2wq`O7>";"dM0R^dpnv@QzXB4Sx!KxgRZ9fr)tzQ";False;False;True
"_6mk ^],.u)jSCE";"EMt~ Va(*9_2s No";"7)72';i6JP\n:a` Fgx";True;True;True
"'W3W_Zu\\;E*Ql,sCaGw*!^c/|<Fv/";">.]4~S3`U!G";" X_MW,ZE!qrg!Z0E.\t$Bm$HQXBh}\\Q>\"~3|%.?g";False;False;True
"LST;S9aQ'paZ\"9SDC8je=l |D4#L&)R0PRi`D.gyU^;,";"9PlsfpZ0 N+gLoLN=R+BA.1X.XID],`L_=&!by_";"|h-QUiX4b3l(}L':Q,}4p5^hE\txh@HeY`<FwM_";False;False;True
"14 oI3{VP.eCiEJT";"wKbu-Kv-=g!o\"?~<B{DzM7#\"";"0$zsSH0J,|^K:r3O\t{w3jux?(j-o%90fr?";True;True;True
"v\t=%qp'21 (UN:|$s*p=&0drY_O5]2<9O";"V%7gX!' YZbsPTA%";"0B~8T:iYE5";False;False;True
",0tzl.`c!pVF.G*bz`ym\\99Eg%RoLH1:m-c:gn:\"kIhw _uz";"i?2a33t3}*!B{O9_7/tB~r=jEvnVRezm!`irS'^}2*{h_:rE";"{*\t0j!rKphb>SytffN-7%lJUcB(U}>T&q4 36IzX";False;False;True
"oAypC";"+|R:uEDN*k";"NJQui} E5`?t<'<,y\\GC#K6";True;True;True
"";"z6Dm3)fN,-6l'2vX'>6F ,h2qLJ\"G**i#6DWn@";"!+#Mo*`<hs.+t$6;e<9DMTp\tx4o2.K|";False;False;True
"";"^vt#oy-MvA{M\\)D";"vYp2stv2h,hf[TZn^\\RhpEX m%^7`r-fc|y_4H>u;";True;True;True
"$DG]eC7nX1~t:=e(r8pVkgaRo\t*a.sQClB4f";"gFE:.]*>4jbs+Yt\t9<nx>e;r{kaUQ<zB\nS\"U_";";!`^7?JqkJNz/s_e'<kjPUrTTj";False;False;True
"aGx5Zj'U.\"X^>+Z,FkE,v^|";"-A)9h/}hLd#(L5d#LOuj.LR$',";" +2f!O'MC0/8GJmI|]BSXCP\\Q@X'Kqmq[m+*YVB?Y";True;True;True
"xI)l5#kX1A' '^Z0B`BO2`OW\"<e]g-~";"xI)l5#kX1A' '^Z0B`BO2`OW\"<e]g-~";"xI)l5#kX1A' '^Z0B`BO2`OW\"<e]g-~";False;False;True
"4[%";"4[%";"4[%";False;False;True
"2MR4g*C}dGmwv4HxjFys%R)#*-.L^O.uR1pH";"G`FH7qk_h:AR#{i[+C-rPe,}|6A/";"E6\tOM~4)kst~knT~=K";False;False;True
"YO}{bDG\\=vq #z|9X>i_S)u+cV*,$+?m~hrM?";"GE?ZUB9:nL?#2`";"tJsew`K1f3hzsFpp/+~wIh#.ei";False;False;True
"q+iqL#'?]CMvIV&_ijx8AdJ%j";"7u-K{1~e!YQ'n\\uE3~$/2iapB9dRR";"Cr0!S";False;False;True
"mcAd_kOxRIQt~OZC^zmCr+WE0T$Vq_Oq'{(!1<]D";".Y OLS$>P>1~cz2/C(";"xheF.IjnDgccb{gCcXJg";False;False;True
"U>\\sFQ|Cg\t(^A7\n/z%pq1\\X)";"U>\\sFQ|Cg\t(^A7\n/z%pq1\\X)";"U>\\sFQ|Cg\t(^A7\n/z%pq1\\X)";False;False;True
"t@W_4!r$Vk0Q\nMb.a>&IpRy _*/3JDBtZT=$";"bF{D_:@X$nTO";"Y&WzT/(%s1Dm}n*yua}z`HTcsBWIX\tP;w o}9&^+jt]^i";False;False;True
"";"t L}gR+\nq=<4Z";"!&W;}8\\!46BsASa^49s/Rwp";True;True;True
"m#a.L?r,?\\FY#";"m#a.L?r,?\\FY#";"m#a.L?r,?\\FY#";False;False;True
"{\nF\"lk,[s-y^J4=O7uF(1G=#Uh~qxXr^<G^@[R4Bg,3";"8H$SSzjqs\"61_W I";"2qxvN_xn_>yl_u#PN+G--`Z(^8c;nRP[b";False;False;True
"unJo^^G&:v^SHl5$d)J6]GV%=4gp1'<._Q5[wT";"8fr(snV3dI";":Q2SxjCV cJ2?nr[v6S.%N&d$bLM-Bl6LB\t7Sd";False;False;True
"j ljDo'}Tl^ux;kG7f";"\t}iZIefL91]u\n\";Eo]6<69#P";"~KtA7dFD,B;%`yGc<p<82xLVo`d";True;True;True
"1{WOs>PwnN2nh{!qn_";"";"TJp~0nl-NK-=+J \n#ac3sWQhb;,0";False;False;True
")0s;+3J=q5SMn{^%n*n:yvrEplYw\tl~G";"ur:uJB";",.hP<fGIl\n7}3e)\n[?\t@M'-^4$\nT-m4s\\y:]H=MRjc29ym-wA";False;False;True
"Q\"&+\\\n_BAoT ryZ~QW6B5kj@";"sjXQvr`%G+`\\~Dyf$bJ4>u-7_yh^9iQ7J3r,";"}5BTKNe(4l*|c0BYvwjvB<A:";False;False;True
"Tfi=_#lX)h/vh}(AxuA9wo";"#9=\tSBIgJ'#,:A6~OGJ7iV'T?&(KTYGRW{R*XJGKf";"CA(Uo|V6<>qqH#_rHav72qm}\nn!^7$K~bDyI";False;False;True
"u-\n 1%y&!Mc>/?j[%UO?JVkM";"u-\n 1%y&!Mc>/?j[%UO?JVkM";"u-\n 1%y&!Mc>/?j[%UO?JVkM";False;False;True
"JSs5@LE??ofq's`Z=>#\nq#3=_|*IorIXGf#-\"";"a0s~`%VJ%d\tUo%/Qv(";"fA Kar,u*TL,f(J0%5lUP*hZPkY,\tw0Ne\\uh\"{M";False;False;True
"<Q]`7OS9N4T1m,L$8e'TQ0.o@";":nbGmFr6rT^_@NRj/X\"\"#k?o{PW1r2Ggy7";"q+6{_Gh+qo!!K!oPo{YGpD^EvCO^v?7tkuM0";True;True;True
"`2w>6vq4zKJ!>['";"9\toj 8a#FRJp]ER:M9t4VbneR3R&196@e ;s\"9(UaF";"jxRC}<IY<]Ue&.9Xa=";False;False;True
"~KB\"NpF8E?/|`68{mV6InTGN\"*\"K5SSkD";"gD?$5~pn\\<S3Zzk]&-3ZG%*ci\ndHFx}\".T{";"U}dKAP=gEc`:\t";False;False;True
"r6";"]e W\"ylNdwfH+UW\\\"-J WZlY`m\"^3l?IHoEvyV `;\\0";"ngLw[OPk4U'<#aDyQ+BY2)k}#%zQN";False;False;True
"\nUbx+;GO/H\na0cedCG\\M7@jnI\t@";"T!^FvwS=!|\nBjKOhz+pLcTG[8\"+$a.lpo&]Ej!_j,y\"$_V\"";"";False;False;True
"T8%a>HG16pL:q[!vq=:E:BME";"tE]u\n}AAlx++<y<q3+6x`8=D?0J7Q+Y*5JUQ";"i1cz`~,'Z [HFjY@n?<>QAy4:*\t'kJT3G]I~0%o76jv";True;True;True
"\nUJ<5!7]>a 6d$;?\\\t 1gNwSeojgoo";"\\~kwL,Od[\toG^h,n15G2&R";"{KE7NxrfbSg>tYm>j";False;False;True
"N_8^/'u}tG8d$eM";"YkrtT";"h57<$(<f;stEv#nZ9@E -E~X?>e`TH!N*5[{B";False;False;True
"s'LF70s7N0GbLRcxV}N}]#bnZ";"^#z#.]a;ZqHmd}-Stfl\\mDVc3>K$2#";")4l\"|M'aIH 9|sZl1kpG>>VRQ!$:(Qu7$tj7t";True;True;True
"Z-(S7M?f'";"n> FK]8d=.zUDG0kR5NnuBx2}";"=D9!B[v{:";False;False;True
"";"Iad)1+T_|~8C0";"t3i87ixm(\" 4KXfFJPYHV{1l\n2dqsNL?Fy+El[_}L`44&:N";True;True;True
"$NCxaeip]XtHd%";"cT\td-3pb).;w])ienu,hi)(wE&Tx5&d;f9LSE1\n#Q";"uTr?PYDG[>aK>2$WI3";False;False;True
"hCY";">gTy*Y,%+So";"j|jX4nHXpLy,e*xWNI+*!5&bP<) 5Q/_(";True;True;True
"pcF2*tb,2SI4nyoQe]m]7<MV.DsO&i0Sqik\\\t2K]?)";"\n:m*||-EJ)Z&,Cm$z/&Uv.h@ZY2(CrK\"N[\\hbI:<J@";"04m<) ~a.B}r=Y\\YqHr7{G9{\"1um";False;False;True
"*@X]NI6OI{RD\n";"3Zwj.^Kv?:3sP;WEA";"&C";False;False;True
"e[8BO=by-g";"Yg|ZS[$+[1o._ZZ0/H*5D\nC30/$(v&Z";"m}~PCf'D3t\t-'bZ\"#`RD%<OA&f_X<l;7?_4W(Jiw,x\\L'e";True;True;True
"p4; k?[>9e^5q8yM[j|F#=!c~u";"}\t542\noaj`R4}oW#yAfJ4<\tAAG/!9h";"bfu+s;RLv`T{j#p]{DDF\nc\tVQ8n7Uo^Q";True;True;True
".x!n,!KLV3QlW";"Pw/5a*}vuMHqc;0d6v!&mlY-1xAI`j7'gi8\\Y";"[1bE^NFW@@XU^_^NTqO>.I8Pr~+U1S0ARfI(5";False;False;True
"%`nMzWKZ2%.RZfov!~ kFZ42o|>`a:";"3Ip?UV@s;1u{eFO2*{h9\t*\t1f#\n";"Vp_^u\\*Qf";False;False;True
"D_w|vlsr|qi  XRSrmY03%,MDlX@6O\tEo='z|^m7>";"I8]]vM[q~tPYxPO7oI[J&k";"vQe\\MSrW Rj?76cn63T$";False;False;True
"iH@6]%@#+8qvDES+/^C\t*ng}NtP3xzn{*-e9?q\"OKcKV^\n:";"-&";"&k";False;False;True
"zdZgq,Fu>Scz#@W \"w3Jx:AkbXjF";"q\\7g#;yWi#{@wn=>J*B;(9CoTKA7)'?zM0V3uBEc";"&[:6/]#YSPXAlMn]xT=;\t@F62R-O\n'`*WWIjG3WekxrVX";True;True;True
"xh!Q<% qEF7uZ'auPlU\t_N0";"xh!Q<% qEF7uZ'auPlU\t_N0";"xh!Q<% qEF7uZ'auPlU\t_N0";False;False;True
"'yP%cUg|pGMDhn";"etcWLS{Uo1MOYf$+G21\tl";"3lHbtb'\nA/}|P]B?iDo5js2ZJHKVYR4*V0O";True;True;True
"-Zqb.X]";"_1'3}jJ*Wd^{@L@M\\uXIBJh&&8";"+T\\L#D\t7ayOo@+";False;False;True
"PUPa IA;vjyNHacOw<^}^rx s6xgKO:E2sV_f^+byP3ew`";"[D.-# Goaj,3ptP[Y~Ji)y UoRB-d]bt";"rEgU9%fnuT-rd$uD(az.HeJbeIznY_v9;Axnbhk";False;False;True
"L]=\n?(gS7=H17sFrUl 5`3`\n2;bs_h)E$L&\\";"D,}wjW*A\"!ssj\"\\^e+p(,u5dO><12N!U[94}(P0\\rN\tX=";"pM7h5IpbT\\(c<\\%7k0\t]/9vN0dj.";False;False;True
"JD\".i:K}.J6*)=E*1{[6o+BvW5U<{Vzm~XEjwb|P&V)";"iOg";":SB?(QP6D\"qO'_<5w v^;Oq";False;False;True
"Q,J9;k83tJZc@K6\nYsCMM3vr1p/\nc#;]c+&8.Z\n)r7Q$";"Q,J9;k83tJZc@K6\nYsCMM3vr1p/\nc#;]c+&8.Z\n)r7Q$";"Q,J9;k83tJZc@K6\nYsCMM3vr1p/\nc#;]c+&8.Z\n)r7Q$";False;False;True
"c@{.Oq";"N]FO6y/Xj\"\t;m^DB";"}\"|+[1H}z/\\&zS,;=9J$-iMK ]5d,S";True;True;True
"FcCA%{6*5&9\tB5A,Qf\trZXfR";"\t\\*";"LKL35-D]A7XlO*@Y%6WC85%PrJ";False;False;True
".SnU~K>\t4h\"";"NGs~DF_M:`d.=\t)#lX-P";"uSGN[l@\"\t0'B$')6@QzP3+`i";True;True;True
"3% \"52 jr~dT\\bVUHNW p8YR!!Q.Vg=\nc=1Qe,@p\\WS5";"4";"P:<0y~~2*>Kw3tJ-`";False;False;True
"i";"}flt2blj3z='6n|7Y;O@|W,+";"!v";False;False;True
"\tX:+vjIJXX[nN.@s ]q9";"Y`E=ug";"kudn;%Qt*'GX:;|$Shofe";False;False;True
"t&hR|!Idp*QxEiVbtRQ@NW7>q*|&D|zvQKB$#,ToD3";"F;s}# wy%X ObX$12~ez}gg4>`iJ>`d^7/\t";"ySM\"DR\\T";False;False;True
"'r|Z_Yd1R--!";"j\nX}ZBhm`4BH}\nvVD_A~7?W\" y@v^\"";"^v%r ";False;False;True
"0*I}JJvv\"M{Ud&rzM!g";",Z~f;u8y8$e^pvZ \nt0elY\"p}7E'|-F>LgB)bB";"B!iyn{zQ'>}{_P";False;False;True
"p7HjiH:VkZMh_qz?1=j\tb(_>t!";"?yGXQ?ooc<_=u4Ss3@$6rx6IPS])xtz47s;VvrrW:rWBg6 !j";")\"C@MWv##GE;<^R)+mr7_)>l$2.}N#):9D{Qv";False;False;True
"je9t^U%p>EV<Jr4g^g";":i`.N[";"a{\".D*+1)A>r";False;False;True
")3";"Mzt)m)#\\-tPNeG125T))E<x8@\\P,m\".H";"vwQ*+D>";False;False;True
":v";".7>_4DQb3_Q2DF-1$6!\n";"<{&l<]*\nzt~\t`Ju\t";False;False;True
"Vn";"^z-!_/>/xaZ`UN+n";"0N9j%\nvR. %GZ&-?C}x:O1|Z00$K$V}wlc|stQIM>";True;True;True
"Q2AQpF\n\n";";'HH\n{{\\v C\";sgK',IvVOF^b";"4a$k0;e\n]4wV]Gyc?wvh0/Gv!qIptCgqc.DXv~[#C8'57hCaI";True;True;True
"p`}{32R1:f!#rS-$q#Axoupz";"+08q:\nyMK0g}|(]#5Z}y9$[yu*uj8{/r4@j+=._";"hs^;,/Xj35U x8J?S/cMqYa)pMLyh-\t\"8fzqmFb\tk\"-y ";True;True;True
"Bm76@/}#drSH>[+\nc(RIl\tfQk?/\te-`]D(";"(9^dV JL";"#kZwdg^;Hi@\\:/KG_[R5kHj\nnNG]ul{7[MvNSNNV-Z_X@F))4";False;False;True
"M6N9-:M@b\tNEo\"ob\n0\t2TDQ7fNBHUak.8GH[v4";"PdL\\clU!BtW1c~B1$JiK:Rc/Jq[\n\"IA>\"x43W'zvi7mKlru9q";"+-Fo]D\\%1N&Ok;SzOzF+|~nOM_F}NEj~WaY}m<`";False;False;True
"Kh{}d3%w";"Y?XlLR;g*x('VeUF.ec@SM77'\"\"\">a}\\b`>";"[*R6B|w=Xrs#E  )tEJ]G3H8to";False;False;True
"imBi{\t\t!%6";"=:essz-{gxEbw`5W";"&=rgu&y(byv^\"uw!2eh6Xhh\\G,s[B";True;True;True
"jZ";"|mNe<<}{S4KIvOg33'Xwg.\tMVl@A*y-^^3m7AQ~M";"M\nGQ8@=l~WL*{HXja/k'W3N Ox|&/jlwbiC%EdcC;_tZtJ";True;True;True
"mx2=v'4}1's(K;Ny]+5T+Y+LQCwG(RC-1t!<<7Z\n";", e'qSg;gZ=g}x9";"~r]8pr9x;YE~v8_s@I rNyg<|9;b`#6=lD \t[183rU< Ik$";False;False;True
"7d+zYvZI";"&1wUW-~X_ `HAn+gtz;E]&kXK^";"L>:xOM(92IX1kc1zs";False;False;True
"!2b#$tK";"|QW_?e&fWz%$=`B3pJPWh";"G7>R<]\"aDuql`0A8]y.%UXY?{)0$yY&U\n)EiOsr";True;True;True
"v\tTRz?%[";"RjhhD3}Bn\naqVLB>A\nz?EoQd{$/qh,";"5N\"\tKbKn;m&54OL>?N.p(01|aHT*&.9%s<l+x";True;True;True
"b0)#Nvc9/>E~TLiz vB!d>(k8X;b-M";"1\\&:9H\"dh3E>HHMw&sQY$b\"Nfhv/h*f\n'5";"\t?n[c]0pN!LT{701=4vFJ(ZVk'G$.Dt*99vmum_s,qW:E3pki";True;True;True
"u\t8ju]2Ry.eLnE[wCHsJ3Vw0p";"L26i%@{fP{nL-{re[eo_o\\H\no[$UTU\t";"*g;!?7I\t.n9Wiyn'~XqJsXz/]Oh)v`Bes^WgR`q2U]";True;True;True
"";"iM(0QMqGNlif3mp%L$,5Y,9!N 3>7_3x.LF>_4L`[";"]T}EZgyT1;wXcQ";False;False;True
"-2>Z.{Kq?";"(bV*Zp";"";False;False;True
"qyf\\R<gYa";"<V=hF.;FA'3e";"lZ]9Wifi!OM),";True;True;True
"Tcymd`9+{mqK9f#LS~";"Q1n,>PoW0\tmLE>7rT\\^rSX&}G\n!RcI!QBkbscw!26l+4[X7";"C 83!wNIT%?McKH^S\\p)~,duljd6xf0xU:8s$X~:}17@5+K&-";True;True;True
"4^~e&kS8L4/uw";"/`TN5NEGqM_)EN6xX6?nkH%?pHI7 M/=AO";"<8vbg!8";False;False;True
")>#yFN~ gPf{%kB\\M9:+F7h{H?D}aX&";"R{?k (c|IcC\\;";"i$tH wB23sf;Xc0mL";False;False;True
"";"XHk] |be\t";"KxR)UpE]\\.4&'YgNAC:Eftlm7aB|qvE3%(?b";True;True;True
"\"iDk F$$>)[?%()/6Y";"N52x:btihF`\n hbO}i\nwQ1MbZbboi:tsJ10'}\nmK+\\";"8Uc?`Tb=FEPK2v}Hsy&L<Y=&Fq\"df$KzD\t}f:/o%0xoP";True;True;True
"k hF{-q/}/q547{&KHni$q#<v8>KWpht'Y2^YwB";"(_}&T2?QPD{Se}z&W-AO'G`TTmEI5~f7hIK.12n4{@bs";"bBb0/&p/";False;False;True
"fkM\n9PxgA?- N6w!JY7d0=OP";".O\t5RNt4\ncGLT|\tl^rYL^{Gj~";"c]r&c/yY1&%,4bH20[97H\\$(OC8`w5<\tB";True;True;True
".2 NhlKW\t^Z'Zg`p4!DJ#=8o%l(-=d+";"W90W:VHy$(s~MJx9 f^X1h}";"CTR2cT";False;False;True
"p?j;?`*&v5ePK@g-H&xj(*k<2[&a:*p&$\th=,DFoe<DJ";"oUA9-\t?}?4]6}Gi:1iPRq3b(\tG";"maUtlt^f3].fLxpiF'rG14A8f,[eSF_Bj6`FIUGBw\"7vWW(!";False;False;True
"\\QW~&JVMM` d/JUG\ndB`$+n|jGIIAz't8T<q<_)q)z";"*VGH.9pS^r&g3`y^j7Hz')XE@";".UFd;Wd\t|H.~JMd;<bV%#]";False;False;True
"x%\\}_c<AWi6,FnAY\n";"[-uFrLMB*_Z5VwQ}";"Tu^`\t!K5vv'dYZm~7{z_";False;False;True
"/o UB7x+or[p4Ywy@oHKEZU;no6iA/>7kMvr9s^[\n693ng{=";"mIo{%Y/mU&Ie;,|`(5C";"&c#@<J\tv}qT~j39<3VVmP$t7o@,";False;False;True
"q4v179r?;7^G4L?o ]B`Q3/6+|#fQCr<p184#\n^";"DP%B";"LjVT*|\\J_K~$c_h^GMH+";False;False;True
"`z$nwwdC{";"61:\t0hRWuCw4WA<UEp=mhT`\tp(ry6S4k9vE";"yX>)bE'nM7{k'+b/kIeynXfdg6N))t~D%B2o5d`]";True;True;True
"FPbhnWth` NOnGf0,5[\\s-ulh,g{;j+7DoD=F";"";"i|;3\nPgD$k 7jA\\[s/0Ra08qT-\t";False;False;True
"DKMR$Hy^{H^f/rH2v\"W)#?'^V&t;C%ukF9D2&kphW";"~M>e2'PWpc$VM-K0(qc#Dn*n{s2O,M1yJ|uHj";"rh1Oi";False;False;True
"3L'BLmpz A;6O_q\t>2LZxeW}2";"1`g\tA}U=D% OoX:kwQhy24Q'V/<VW#^E}(&h.DB!GGi`/";"Y{%z)GZI95y1ez!*!7a$G-{^;QaIX&/d`ceF2~Qpoz[u#";False;False;True
"`zz?dOsptTeQ)R+rv<`F";"`y?WR&x%\nI>S?G4*%,XT<1Ac|~5Ez";"W,?.Y%Y5k\"BO[S8L(1t#ne[/W6Jqa2Z\\EXbrN/#{";True;True;True
"Wo\tYpE5%x";"Wo\tYpE5%x";"Wo\tYpE5%x";False;False;True
"u5^X=h#Gv8(H~<T(/b %_dDH";"7ZYBZ8zX{En<+rElJ\tx(~Q\\+wd%!(Kh$;g+b";"{raMR1Hc\n";False;False;True
"-s=?#<\n1gfbTrD}H8Juq2JF";"/$(q";"<k8L";False;False;True
"_Kb&KwPJU]jWw6R8hN(vi40zAqi@BvYF'";"`x,]q\t0-30,?%u4}xwW1=YBKp";"r2}f7zV+DHQsLL{$fgg^fL|?G?WM\t)";False;False;True
"G2Bf67`[R?a>%RB9_K/\t Qd0\n3zs5rwV]_FiC3ut|zQpY5\nOF";"3}|Yr~yYC[&sd\n@P\"22\"zVP}Ma(krIv";"YK~kSk|-0w^kxLY,K 9MyLfSthSw^{\"<-g'H<)#kqw4u";False;False;True
"CS>,` CkWzqI0pFB00>~-\\0p%er";"OGa;AI`_T";"}o>34|p\"!";False;False;True
"LUxB/>dGc6";"8)\t0iFcB\n=\"<BD{";"fEph5VR'\n5n2eI@~+zu7";True;True;True
"~P^HOgGu\\NQc+}.&v6u]_V2%Vw>aU(Y";"2\")j<\tmTir=8@j[\t";"tm$#->;_zV)!.m8?|YAlVQ8cQ]Sh736V;`";False;False;True
"*s\\";"TkG-SeQ>x1d\"EHoY[ w";".Hk5BU~{[}\"T2x6oBG_8!S;Ar2A7U\"q(hrv.uY#q\twgUc";True;True;True
"9,";"UEfRS.|";"fSHy(,\tp+oe]fxe+R'NDL{z!-[1\t>PIQ[`g$S^Z^&LcZ";True;True;True
"UFLwCnuz$";"R_2?ByJhaNLl[@~^";"K*01&r6~^!i&RBFIS-";True;True;True
"IEG6-2=>4PxA7jgin5@U52jI5J-Q`=gh";"0W";"z-llxl3wRDz/T\"ca0d";False;False;True
"S!";"xl-<Y";"lj@h\n-()uXry2*K,Z+2buTF[oCwYpeQz";True;True;True
"&s2Me>FJ";"tFvpBTOAauDp7[HUy5Rk\nVus";"(?8v#0YUM#Jb\n";False;False;True
"vP\"4z8S =G7-l[52";"Y)\tPofw~\\5`3\"\tNs\"+wk*\"e{i&TSM9Hw9+tW 3nR|<A6s";"WoKUh`sNm4MZ\\";False;False;True
"Nrsa)DS\\%a0";"-g#ghC#i35$,.wk";"{_eKEsK6-&J1ksw\t3<\nQ!?wzMj& h^&k";True;True;True
"x@C5?MM`ew0T?>LW_~V6<~M#dxe6N9K_q!?!X{x0G";"uM AWO{_=)#-x";"`))y@Aa oJ\n+\tQ%gT]FWIu";False;False;True
"O";"ql9D,U3`|e]Fo{TzJ6z9:fow29";"lm@hGg\t3";False;False;True
".k>";"v1Z@.gD.&%o66GqbLWA\"9kN4w`+l#qV o`8<R+=_@\"I\\";"sv;~76$G";False;False;True
"W] wr7%";"em3{8wjJ/7k!]3Mxr8'kpGZQ>c|s{";"sEt?FDN>d\"p#HUw-Z/x'+5E3<K}";False;False;True
"v/BFU7fex`zk(3yN)2\nWU \"vyI3CI|D7mKl9qC#We<`";"s %JeN .K0$";"foEndGaNt3UKLcK]<";False;False;True
"]}E/'G^{\\\n&o^|}5`!";"8,f7\"g}0f";"?dN5#'NK12X=>";False;False;True
"%agr>0.\\Mj>";"5~u?.pk$PR0UsP/,@y[C|g^k<jqR%?I\"#gXvO:fdap";"I;1Y0K;NO/D^e>Ocvmd.[?-]Fx,h=Jfa}j\njN8Gh> 'f";True;True;True
"zaR:'MpjT` %oX,5m)b-sbw.MsDPU]$J'~sO)S4<Z\nl9&";"}UaCfc(^_";"ODBNM\\B^mVh\\-j!\\F.|e4okOMs0C9IABXU\"!q'";False;False;True
"(;_38O;^L:ug^:#F-7";"n,.Lp7[$s=?ZNshRZsJH0";"W\\W8JP1S%,h5S]\t,\t<)QyWF7o5(cxgF";True;True;True
"_~7Ck";"vp@swJ>gV\\>KlPGS";"&A65DJGAy/BBUNkMeVqCk5";True;True;True
"pMT4vvg}=\tIWTMBrH*Gf/pU";".-\\HoM2MehhAez/^K*vGJ4B%(Ljj#<#_{]fa";"$I>d|WA{mawtw0<]#)0e'*nRZ&q";False;False;True
"R(&kM@r";"R(&kM@r";"R(&kM@r";False;False;True
"{3$S?'-|Q,<#BiOLL+\t`skS4U)";"uAfa QVK<]K!OeQ;8Ys9a-MqvJ\"kq?FZGNm\tXi\tl^ O^t:xv";"^)K.:Qci+<y\"|eb0B K";False;False;True
"T@^}VcF?{zsxz";"KZ*x^$L1#bm\\d9,df@[v!";"~T0APzf);d7DP{sG(qxZEyS$~";True;True;True
"Ma(A\"*p\n$AjqnAl}9/c{h/n\\O";"Ma(A\"*p\n$AjqnAl}9/c{h/n\\O";"Ma(A\"*p\n$AjqnAl}9/c{h/n\\O";False;False;True
"y-e+u.AGYc0";"\nt?nArKbw|yfn";"-#;J4X=B01VgvMKvP";True;True;True
";6HoNXR?9,";"QfmvtlMK`h\tI|b0R";"``15Q_|5IrsuYKng;O~B6Ep6";True;True;True
"XV";"q\n1dB*K49E,@_^ok9";"]gXbX~u~,akJ0k'rC/r9'|-NV";True;True;True
"':~0dWaoU";"4S06(@qe>ZL|3)-/9)-";"=a7lE[)3pHwRO0^zsqxX(Kn4\t\"[~=;5|WGj{alE9tOVC";True;True;True
"a.T(,$(\\u^blx:Z2UY>{:i@U[MA[q`g'}=g7/ZRw96%??%`D{";"a.T(,$(\\u^blx:Z2UY>{:i@U[MA[q`g'}=g7/ZRw96%??%`D{";"a.T(,$(\\u^blx:Z2UY>{:i@U[MA[q`g'}=g7/ZRw96%??%`D{";False;False;True
";zk'mk_l{Efs}@jp-_Ii9FyFQNl}o\t)e||hK,L5a^WKkhSm.";"ZKAKtm>O2A\tX+L\"e9,\\s~yO{J(q6;]rm#MFPR!NVBt7mT";"Alkh\ncXL1xhdI`LMJ{Zg8\tAKyE";False;False;True
"?&O2~z";"\n~%W*}|mQ;-+i(F'Dl";"X\"P+.BV78TP(RXHBfsXfk\\$B ";True;True;True
"3\no_iMR)M8";"^hP*~PU3b,`^(}XB<z.`Y$P2w&&7B0K0";"$$\n]s,aI{xY>NkF_YiN=&0!2Dixyzw+uNw;\ns]nF";True;True;True
"DEGxA%sAZRG.i`,qB'0)!CNB'=E1tZL9eD~zkPz61s9%";"w^DV";"<_9w7B\\5!XE68MH Nz2";False;False;True
"i'\n?1&8H|;sbNA\t87ol%";"Y\"a4d=;d8hTP;pyP{\"6u";"/EjMd'W`2bu#OP5T?[#=\t3^).YI Ah$V9?<4";False;False;True
"!Hx5Sb3mE'`4;Vh'jC?o<KkBKq\\:KW\nkB4%yt\\GttZj>";"\tLYkOYj9\"0nd3mUw:G(r;Pv{1m3pe;++!b`Xkkir";"\nfc\"+W24Q)O8Q{T~$d}xj_eZ";False;False;True
"d]4gMnOD2![XXD)mZR!:e#";"pt285\tS\"\nnxF@Ih,[Un~E+ddC;7eom";"J[4a0%Si\t9h.4.hT(V.cXHhQ";False;False;True
"3jno|@2%!B*>j_h{";"){/i}-f~,h*?$\"g X#q";"M\tmwX6:P[HPX-/*ON&q_TKS}+'rp==R-{6Ahugnb";True;True;True
"TEnC8^Lr.d_W4Hc ~P(8qj$";"Nw+Vap):V81u':, f%o+Y.2%uvu\\V:E3<Z6SNfPT-\nU/\"7)sx";"}u~V\"McMlxz*ICnE(B0\"F,v*^oZPRJ!KI@<vYaHP00Iv(y#U";False;False;True
"KoW@b@z;HE";"EU.0>,QRQR%YlyS[Af,07M$iCa-*Tm)p&-E";"!Pu8ce%<550xff6KKN$r,t<=!eqqc\"6B}\t>g^L_b4#0 q";True;True;True
"%61}jjG3Uew7P=GyY -{:6TKB)6";"XL(=-BWTSMA\\Et$fu$l0";"{hXsSd?8~Ns34)l";False;False;True
"yZLQ1txxZ0z0m/!qaL,/gk=Ug&";"yZLQ1txxZ0z0m/!qaL,/gk=Ug&";"yZLQ1txxZ0z0m/!qaL,/gk=Ug&";False;False;True
"*}dxRk%4h ";"g.'K_}rNSlD2& A<~=H) q<ln^Yw/.2HXy&mIN-62W2YSWVWb";"8|.nwEg";False;False;True
"pi8!`I%zpYX*x\t?15{%\"Q=WXhK\n$|{`Y-,76JTEI&<a\"!u";"pi8!`I%zpYX*x\t?15{%\"Q=WXhK\n$|{`Y-,76JTEI&<a\"!u";"pi8!`I%zpYX*x\t?15{%\"Q=WXhK\n$|{`Y-,76JTEI&<a\"!u";False;False;True
"JspRW'3LUB$0eX/0@Qlk\"`*6O{Q'7<Sz-0Y)pS2v6";"4'@O\tiGrmDxgo-7#IE^,2JQ}Z'w5XAc>SOJ%`p[&kHc\\d$";"*C";False;False;True
"}mwlbBH3NpKw9Eh('oe{^Gz}+0c25f(Tn+kT;/0<i`l";"mM]H7gLo`2A\\H'Y?V!&B]:furF/z";"iKOq4Ut.,`r6S";False;False;True
"\"`nWSZS?diEJS{D?W\t<@f/";"7EqXQ!nF$zn%i)5/^an_/\\|ju-TfDOu<tuWRKP?9";"t^GIDBqAQ)|!2|]Ku!bO\ngzuvnN+`GDB.\"J)u.;";False;False;True
"s4jPRkG)TN;ugijOh paL\tTGC1i~nq'EDS'~^44];wG9_}Z";"cC7X0a^sc3x[,^!\tpR.";"(xGBz`q+DeOi)";False;False;True
"(u#f]CZ>FqEC?.SOTBScn%xMZ'~|P^\nlK0JGZ>geDZ=";"E[y*?i*";"\"#;z8f2Q% qQR2%<C!\tlp5>lB{8l'b3&O!kLqp8oDtw[:mk";False;False;True
"a#J?hFyl+:.o\\(";"GcXZz";"vgN_.3VO\\";False;False;True
"|O>F/;B{l";"";"8$c3<ep\ni5FJFN']G;t7&+";False;False;True
"c,6\trLrx=@pv6LTaY90!e\n`WWL.FlJ'x3v<FGB&y?F";"T|KGzRp9F\\b0#(:#<VowNTi}?jI|?{TkV-/PVb";"?";False;False;True
"H[(XeYs";"5$)/t^S!\tD";"4gekc)P\"t)g&<?:\tJ=g0";True;True;True
"U";"CTkTRjNpi\tFeD\"X18Xu\"l";"Q (^DxvCYwdlyw;,=`<Q[I\tl(+3wY`@t\":3N7";True;True;True
"wONUd@_'c#";"wONUd@_'c#";"wONUd@_'c#";False;False;True
"45_!?S;I~5YO2GJv:qYv\nwp@qP7-0Se(S%-V\\G\"8SeH8@$6";"KduFAZm[1yg";"=]OuY]zA^WKdxY-x>Gw`=Cpz|eh@1~f20E ]qv.<h7Zt";False;False;True
"$&";"-v!erk6-;(*>Re=5\n1[x|9LY5$AR@8d&ZnF2";"xzn]tL>#OJQ,T9yA\\a.#^/yQ_/)eU#pBM+VE}#";True;True;True
"0";"QHw)DnuS/556_GekP(D$# ?\\S}\tbGiry)?\tG/iFnDI";"w*a5g";False;False;True
"\nbvniX5VP[Pr$:H,v5\"t?L5\\T_0nxnq^,*7&r\"{N1ennz0";"C{MERbdY:aqM3lsJMJQcnxH'Z~h6'<HK|idkE<w";"<i?7AU|K";False;False;True
"&qqw*8,Ca_|\\vVq.\"w0x_=a&X#Aq";"(Pd|c: \"?U9@MyA~Yq/oS0F!+'R@Pn;r/\tO9cG;wA2ioI";"VhG-V|+3\"v&=WUL)Wv!d-T4DvLpG$*";False;False;True
"Vyt4KZ4YP!l\\$|qx";"S\t";"7C49-%LPcF{2S)d(5@:<\tbsmCj50<@qsi@[xGs5~UrNN";False;False;True
"Vd1kf%['S3(PN]*b#";"9^t?";"8B+";False;False;True
"ZdN.\"~tSQCp]Ns \"u~v:Vc{@\tiAP\tyRo4t*{IU>9<|}Gewlme";"ZdN.\"~tSQCp]Ns \"u~v:Vc{@\tiAP\tyRo4t*{IU>9<|}Gewlme";"ZdN.\"~tSQCp]Ns \"u~v:Vc{@\tiAP\tyRo4t*{IU>9<|}Gewlme";False;False;True
"3\";{}i=8<5|l>d98E^pRV\nn4-|";".v0<CWFY5O\tWV\n\nncyq`v4T=y0qpkV+=?!a}ztA~j<iMzT";"R}P`,&D=6b#Tl0_)cbg%f<T\tew0M9Zoa=exo_:s~]AkID|t>>";True;True;True
"=8Q?";"%Jl1Ik$W';JO?Sq\nknhOY8CYR9/K)G'\\=~J,\nKqG8+m";"Re\tN'f%7L/b%]m/n5~UX\"gO-=|c;fIa>dLH\\6ZsNCF8";False;False;True
",23q3!N30$O${B9iy1";"o%HB#|io8ByG=\t|>+k>k:,**pbN";"-kK,\t!HD=?eBJ!WK|ihw9_(\\z]huWxHSa";True;True;True
".J~9!MW<V?/545X(";"]yJ?m6O49*D[P80sVZ/z-DyxakAVoAI`[N5UaS5G:/+K";"b}";False;False;True
"HM5L9@v[I9M|-xNjJ.\t Q\\.q.<t";"@0pA>{8NT=1sy?-J;|tb-zz]+d]\\";"&bxs?t~iz2\\Eq.`:.^SI-sMU7uvnw(`G*gf";True;True;True
"v>qoUl[>h`f2D:dH6lA>`";"#]do34#SA!2ZHP;Av4d'z5|O_:<3HQGi|Ict ";"qc~V^dBz3v>fy.iK)d0'bkD\tz,@$} 2~5,vJ\"=5L";True;True;True
"}so!iA1dS%Pki5Q2]\tAui a<Mc |xP9f9`o{6u{f\"-d";")eE2N@\n3`8";"zRAY*H)8!j;+]\n/^{y*+,|,/hiD7";False;False;True
"5Goh";"x|a2";"#VZtZZ?|7O))\"`\nGK";False;False;True
"@u\nKhz";"@tZ-DUK}diD.P7j_*:+1+j/PMJK3g~?W";"tJu5Hp8Lsq31?GfWPe(Z7m?deJtH<fy!g4'iHHoaOBs<";True;True;True
"<xuT!u  U[bj]|Jk.e*8'ayw~>(R6x2#";"%u0Z]k|Z3C^NX -4_\t5V9M>t,Ilxh[";"gCH#*_9\t(%KqwFv?<]BeGf&tA|rQ88uE!V?6*W";False;False;True
"mq%\\n'i\tD^YrD~(6(iLkH3{ctLa[KD62We";"aq/|9\">)gnG3u5Jqnip*3f'i\nm1('s']8pOz*GJ<p";"Go-3<&d<@WAB%rydJ:^XIpIxf\\ayo2_QRSaV\ndv7B";False;False;True
"z+0FcPAShj\\";"oQl[njdMY hp:uSC.iyKm4f~37I\\'!&;y}>wrlCc#F";"5op3YR'SBB6 I5jzo*w&mK]tYzWO5j>MW";False;False;True
"j]%{e8k/\\dxUZKO{HMm u8H9H%r";"?s'TzZ6%T+;K@mUp9dK3n{3-1.y";"pg?32$WQ!=abff?#td&) 7 Yf+]v N2LG@q/oSf9~Tr\\Z";False;False;True
"zbsw\tM,1peB*&[~/";"n';-b!Y)";"Z!5z\\t-f{?km]?b|E/Aww.S.";False;False;True
"v29";"xgE`H1u,O~>eb";"8^;hx!M|d<gKr";False;False;True
"ZY$MmI'Y<nD";",XDn\nKQyfRm(1rV,?!%']dGc$H3,W9A\nd";"SvNcf9vn13j4<'E^D%LN\np$vai<PCJ*XD3;URbaB<veS;+^-^";True;True;True
"Q>zmfMKX\"y>hxW:Z\\<ez 3gY2";"$#\tHF35&VI)-P[E_=^bfuhESrU\\i[YjV$mg";"egGi)gJzlXwEUxTuh&r/#pp6e~',!L(oyi5N";True;True;True
"o`";"'jxGLm`S~\t8GgyVL";"]L4]nAWfr]k";False;False;True
",92Xk%AfPYX(<5 gazqv~IxlW";"X9Z\\t;lRdlUDQcG[BgrOWmwJj6$!vz5}sI?l1EEcd";"@Ls`'>m5a[?l";False;False;True
"P$w|#NDHX}RsFW/M(b`uQL-#.k";"Q[8r\"4;C]+=w}-PnP$$m\"H\n.cu'`k";"\"}Fv^!u<7@OU4RVNb\\|FVDd6~p_dZr8#w<WL[i";True;True;True
"{.sC\tk?p[tt?E{D9j0#J,[9jkz\n`es;";"MHO";"NWU}5)#AfDvPEi`x[G)[&*!1H3V}0;`o){L Qe.vCZ\nF";False;False;True
")a9z\"JPR[dDsL2o2;!Z-T!S!2%\\B219kkl1";"LX4eU=q^Rv,~";"j[hG0YS:>\"jBBL*zwg:L UeFg)*<Z^+v. ";False;False;True
"2i n+R_Rk}kT%s ystci<$=d*]-m4g#";"7mVdCi;8W[~nbvSMTg^B\\r0P,n^,>yblf&";"Q].";False;False;True
"!5CqBJ-Ba8KQp";"z6<G},aY 0]YB/`%(;]-&Zng\\jX[!~7";"5zK$nefT";False;False;True
"y}Xc`VC@ib%@";"H+l ?Wg4Oun#^Z]uOAU)}BDe}_&$k _~C";"r9(1E&U7[(vPbA)sa?R";False;False;True
"2_f;&9bhkdHfE1? \\g4h+n";"2_f;&9bhkdHfE1? \\g4h+n";"2_f;&9bhkdHfE1? \\g4h+n";False;False;True
"1q<X\nSnyWr+-vFN[P<_MPz\n\tT%{M4#'w";"dCU5@$&X#9~Ph58%\tPq,$m\\@lNr6\\!]$N\nw9><gn^m9C[j<";"\\85NxN/)Yc\"uS]T5-+A'NbvFl4c6";False;False;True
"`J\\?^&BDcf&";"(";"g5%\nA-`M)OY2t!B=d&g#F]VKf^[Jy_&HW?9WYvB3d&B*M9@";False;False;True
"#as,X8J{TDWV6|4\twWO?wWt%.mik^h_cs&$\\";"LrcbKb`I8KEgb";"\n{@\"Z\\d&qu{x{aIUDqa7Inpy`3vh+Wd]aJN=X!(?s[)G(_";False;False;True
"mArn'=&v\toBXkb0&sx~=~";"mArn'=&v\toBXkb0&sx~=~";"mArn'=&v\toBXkb0&sx~=~";False;False;True
"";"MQjljq)_/w1XeNdj)v>8JNZdLmf";"K0%Z}VbfCKqfz;~TrX);'wN9yR\"P\teX){WAV_";True;True;True
"v]AV9!sey3EKY~s(M\n&:1z9-{Z6 XFTXD0J3LX7GJV=";"(G'XA+XJ'931KRlXRXPd";"\n$DQ~F_4QFc,Loc1A6\"hn";False;False;True
"n=\"";"qXA/~zJ^$}\"m|{yd(3]!WW[";"((X'B%c'$Yc!C\\igBW\n&qTs8h\\~5{!HPT378;";True;True;True
"R]~nU$`-pt5-5[]|R]GMEc(";"\tjl8Oq\nnxA=Vizpm;\tgvOAhN6}J|*1c,j7 `idfXmD_Gz~\ta";"(7P2";False;False;True
"`E]*wjxP,O?03%$EYA";"$\n#]cqHW\tV#1&}!/7_U,iH7MJ";"mqqASvy5kOl:|ee?Ky\tW";False;False;True
"Ty\t3#";"xUD]#{ZD+sxfc*iU{{IV)5xexG82jM<pO~=R=.l$zBy";"2wzFmp";False;False;True
"EyqFbcK>y[7,(\n^";"S`#";"bhX@JeNwDuE~}@o?'Ud5F{`~d/F^4e\n=6Y1\\W%x8";False;False;True
"duL{654(q\";.#df\tAkeL=+Nw|UI>cww<wc4";"&";"lp/h\n1@9&8In?G!=bE\",mtKk_ez0";False;False;True
"N.";"]";"\tLJ5wP{%U/Cv}+Ya\"6%V]O$OnD";False;False;True
"s(4a4S6|B6i,\"3j2#KZzTJo#w;$RvuQ^\"q!*?w/.vko#";"Liza'R-Zl, oJ5MwB<\tPdIrlAZ5a";"*MuD5m:RMW?!7Dc5! f@}4Sw";False;False;True
"ur+Dy>9I[q1ff";"7-FhhxyD\t>6A|'1]P1%\"Dop)9Z_uH";" 3<PRnGGIS@JCua9+k7a{`f\tB3Lqxr4?+u";True;True;True
"``IK*\\P/v1zR~1yZfWm,qYb7K8TT_=[kS'gQh(r";"X9g<#4D;>TLp@k?t46Adr18%.Z5";"D!{5r.\nK\"~LX}Gs+b'F#I3MCV8k+iGI0wi&";False;False;True
"Qik-mT[75rr,s@j9Hgvc\ncy1t\tfKcf|`daO?<(Aoc$";"$DTh<(NSNsUDy_(\nsS~]S]/Ihy1h~}4R2|";"=Z2@q#^L%1j*s$IxM#RjrM kg)wdHTXKr(w`";False;False;True
"n:arg~\nd V5cKq`\t[/V+r.j$qs-m-y<A S^,=4n)b|:x}6KP";"mE";"K6x";False;False;True
"`\t)-.]Fon=a^(u\\CGvKbd)x\\:?c\tAuE3\\;\tluOF*1";"u4gG-yv/xtYp=Y%u<'9i13t[6o;X";"r";False;False;True
",-`b,nZ@AR+C  @X@PBu`&eoR}<aHnPCH-eJTb]5q1tp\t";" ipmZ|9E]eXoqDh(FsE\\4{.";"l1CO6=0*y_$@;?b[h`P=w\\D\\)5L/^4XU]\n#F]SM!I,M";False;False;True
"?Ah4R=<Gn+`LIZm*,'pCt~bdR0";"^Wsv";"li*[XM5\nIy49F>e[*,4";False;False;True
"v<X@";"#lW?04tT={,!6/";"EJXj~!m7n)^dq+wl|bRNrE%";True;True;True
"7vq4";"A>F%h(mJ|+O9cqWG\nu%| `6$oP&|M{B4\tS9v0-_Q(";"g;R Z=gX$Ye\\Ww%O3";False;False;True
"#r\"E&G+j:)HmIZ8G8_QQJ<j8x^\nrDa'W(*'}_n?CC";"Bro-Qto}NR4O0l_H$*geZ,%vK\n";"wh,\n\"1_61%<|0#jnd%*U77PZw@Sm?M1WJM+cOxu0`.w\tiME}(";False;False;True
"CWSqKHE";".AY9fEZ\\'\tyz~47gMhWKj";"03IM{=xPKGBBWDYhRSmRrYWi\"^d_;;\"5qnq|c]5oF";True;True;True
"=8A\tR_)L3ZVka~=_+HH=5qlxz8mNwM~[:~=Tq;;{a?{wl";"Vp>/Q58g~^Una8\nzU>!Uv2?gR#y!n[%H@<";"u$bpK2cWw:wEgv<GRL:8GB&8)c!YAqPbGM\"}|<k`";False;False;True
"\tMSWeI4x5,prSvtRi5";"z]>*xAtEw%Eg{>b1:?A";"vlDh\\)]UJG<OC8+P\"r*'4&-fH7wy;{\"*21&cA\nsv34ON?AU0)";True;True;True
"^yPn8`~iK4t{TLmE[%\\\tQLEwj2\"l-!F~";"uCd#E]\tV}@b]^0@_FX;9bwuUC Y.#{K?V9$fsAj41*9";"-z-Q!";False;False;True
"rsY2NZx5_\nzV;4]wD8E\ty#B3v}\";";"E3[YLQEjz2hxIWrn~E't4KTxV]Q\n4_rD4";"IeEjI=ucJ=gIrpd];2U+by#utR-ig";False;False;True
"-%J6#UF_k=A_q9'LVo-qMix[t2vB8;y";"PO]r\"g5Ub5fW";"]";False;False;True
"0";"8UtY IUnx#R*S3<7ekJ\n\n| L^4\tl<DwW2% ";"X$msH2=C?-(gFym)gJ|)!+~H@DJ5 &1bFT-b~?',\na=L`+";True;True;True
"]Uu9B52K1voDvEq+?E^cvS+BG07ttH{'LWO@iMiE5-PCc";"\"|P\n*+G`AYQ]";"l2XN@`19IG;\"\"Xq|BOp vjZk9m\tUp14";False;False;True
"m;vuYinG\\h$K@n8\"1sUvCBx_n</KQXB}O7";"^?-*fRdZt-Q<(|U#cT)c^)5KgGiP\\[&/6QBB>(?U";"Q-vs^VA:i3u(Bfne\n%tQY#wek402%|}bjKmTi]9d7k";True;True;True
">W9+GQDG<";")|f<g';$o_;yEd.c:EPdZWkuN@])YdOG?ag";"R{^q/:dB]n4XY}i08N[PR?'cp::8?TLJ";False;False;True
"@uET(_V#I4";"PskEg:L^v[\t|E31D";"q\t?4k@6s*[)}%@S?*i_}A<Wib`QPpjFROQt>^[\no";True;True;True
"`-6B'1nQa&;y";"J_aK$Qen`CW ,e)jYzJN{XaNFfodF=\tPcab{7~'\"xCI";"gc\n|m$6Z/w2VdHVSU,3_D*B:\\rJn0o(7p'Pv][sSOx(+!a<CW";True;True;True
"'GLK~jR3BT?6zB";"Ga;A5\\cNl2sJY^~!";"\"l3@#fi27T]uxub_]s9HL5+?E>W&j1ZiJGe:8W";True;True;True
"2`{*n:A[P%~WEf@T-B|UM6y@j=Ks<5Qd|W$";"VIM+5rxsVB(285K8COe";"EN{_!A";False;False;True
"h0ePS*R-IOcKR9#.l,VI6j_0/^A+BU8=Ow|@9G:pDw'";"?m=-2^/em`Q.oE0k7Wcu M.H~m6Gih";"enafle80TPRa6WiF$k^:6I-\\>ICy.N'O\tm;GRi2%";False;False;True
"><ZYR6>sx3xL664V;30m";"*8?\tS\ts|]bZT:L0]Y3Q?\\*~ {xbCLBf.;!o+:O";"9{)IIBWUoD!.lnn=xnM|b[5&tAYqw>U";False;False;True
"|04?WLeQ\"dN@9]";"\\b.SW";",#piK]bJ7;)_h3&YU7M\"_NqRrjf&LAH[~\"\";5i-";False;False;True
"Pn$|(93H<:qL5\\A{j]N4";"";"\n\\";False;False;True
"oU'@!?Q ;5;.HczN\teqdwWZ0";",o!CER\"NA]$Bp{Q=JK\tdUq\n8WW)meL=]F7jt37;";"@UQ";False;False;True
";";"RfBs%I)H}6h0MMGXBr]+V+c@@IP7*2q,2\tA!=bD$4>tE6.O2=";",n&]";False;False;True
"UUSXWP^Aa<1?4V0VM'#p< ]C<z{>}#zy.C";"3naV&?X4]et',&F2')yf=ndqTVAJl7x_urx>0G9z`R)OOX";"ls|+Yo4t5ygHrEiQI$3s\\4?eNbt}Gkx]g!S";False;False;True
"'0j~Nk'";"|Blf;MB@^?TqnL4Vf";"t[~!\t>Js1u{n_dj+;1Z;";True;True;True
"^m^k.156Q1*C2C)#{D";"-[h";"S+-+TJQT=t4_3sv\"e};Q\nb";False;False;True
"wNH<9[L4<'g:Y*zr_x0ZFVH&x30jl/";"_DybReQl:B`rS8RB4#(*! 48 3*Qj2qh\"1 <nz'oT4L.";"AoN ^Lpi[97hzWU\tz}Fb";False;False;True
".6)qJ{$SX~Vzc>`c>)gG)/#F s,'bnl";"'";"4K\\Q0v^M>";False;False;True
"*o\"cP=V?V0zVjO8U6i\nx&PH^n+";"hiWFhFl>?w5!a{3";".#C<AbIJm?eLPXO\\onp!sh";False;False;True
"?k_]uNU'suwn#\"7xa|){C-?xty5>S40``+Q{P#RX#*MveJu!;";".hP}";"9LAo(";False;False;True
"bDusP/\\/2Gb_Gg~\nGKZU.}(1J;lxE^|b";"";"~=v3]GZ.3(>Z(-K#SZt*a";False;False;True
"rv\tsRaq8a@c0kv_%Nu3`J)]{\nq~]1&njb~Ba@}";"@uNZ";"U";False;False;True
"x[Z|WTSNfwvE#q$]5Z3$Pa?&`C$|v+{VG\tHhp";"]epWr'N4hKGtPS11ACn@,fI7eJ{#YO%_tz~wk'#Mq";"lwf<6Ih/}`Gs[4#il-srA%vWGn8f}]kaCRI\tll0_s'J";True;True;True
"J";"e1.n<7=?>Z\\5pZ.U*!>>)W{v";"tN|m(iJl|x_<']2&}UXaku,HkZ!\t}\tMnezEo/LPkNs";True;True;True
"|L#$sBG7HW+m";"3'+*qdN,M;MD;+|!\t s m;<hVMl";"](X8G{Ed0Y;e)`$5bi[zP`hwXoibRg577+Y";True;True;True
"q4||ex-v~Z `V)3LqSQ<u \t!u";"lQ~*VfaXwZ\nMC-=a.h)l~P(,/=BOh";"[sw";False;False;True
"[i.|ktd.lVNM{>QL0Wa|";"4g{zu>gINx#D1sa;y$>kOx\\\tFv6b-$7w99";"/Nyr\nk,*F*Y3* j~TkyYO:%wpcf2UleF}l#";True;True;True
"kWNS/}!;oZ,A|2T\t#!IA&LUVscU";"5Yv_LPb,j_/tZ\t:)WCPnDZ`\\a~I";"K>BL~I<@ldO%U:\tDe0oNO4IqAe*5rR^YK\"\t?_";False;False;True
">vm_y>#l9bZ*=81K3f\ni%iYq@0EA\tMH?/$GFq*y5yHF";"oaz5D5#-A=9MNyKVpuRTb8%2&!q_=n";"QM.odK,&2@53q1!fA3pY\t9H)8Isoy^rkSwZqOAML+";False;False;True
",M6jut=48s@H8]Nq1=\\,HNbP'\nb9M'`P$'e";"FQul\tSoY$4[N2M`m";"%2:bl'm?&&9+Oz*(";False;False;True
"$%{kV/l0V9lF!);@cU?f";"5x:WZn&u#?GG_E)n!%2)oe^6Z}1,]e";"t}}VeF $pF}^h*5nLd<]b18/*3Pb0r9E[|cXqR`;R(VmEb";True;True;True
"AX!T#nSeNC^9q_asJK_\\8RDl9A1BW/>";"+UX9Vr/XPO#";"d\t";False;False;True
"Z)$3k\t\",=N#@%%cUvkrIxz;:~8o";"Z)$3k\t\",=N#@%%cUvkrIxz;:~8o";"Z)$3k\t\",=N#@%%cUvkrIxz;:~8o";False;False;True
"]Ya.kZ\\$3zMeIM;{";"";"U^K";False;False;True
"J";"'(s0G8M5&y?4'>_y4vc&";"{{T\t &W'r<2++xQE;]c]\"XyET~<";True;True;True
"\tn~Z1C\nLD%!dCo}dS#QFi";"'5h?_QIWB,R-5!fK]Q~dLXgZ~[{%Z\\p";"|\"?~;`7AaI`0bY m*X\"DDhMkwP1<S\nL8^Cu9lS[%\n,u";True;True;True
"";"7";"{8!\t#/\\4;<00o.wN9+?g9xZ1X}+jiT_AwY\nAWNNq^.*VVcV";True;True;True
"\t5p5zB!8~q=jb%).w7\n$j$0:15J!1F%=9[t_ug:~";"\tnPND#ASJ'h$=GB\nL9>c37\tJ@MXNW%:I_%\t(";"1(SFIC7{0T=cFG\\$Y$HWXH\\>F1";False;False;True
"vW\"24,K\"0\n%\\D>o9H@RCSo";"KQ'ay/\\\";XErOPC^70.'`wi&Ym/t^C\nUFo#O_4;";"?6V\"t6kCfF?\tB}Bl]8L'+^U+|8>L!\\_mr\">%f_`.(@kJ";True;True;True
"-C[uRgv95lA|s@y$cTLQ6wW";"u=KY,AcR0)GJY=}nr(\tY$5~/";"G/[HRA|f_KR\n/g8XUQYX]&&EBo";True;True;True
"XtK#@[n|M~DvrEe*+0jy[c58Dy=#XLSWZA[Q(jb ZxRmWIb+";"j0!\\^tx:\t'WDlb3b|r+,mB7j7.YW66bj-EY2)";"Tc3F-~Fc#(HwN$,i1]b\\+V#";False;False;True
"8QX3#0Bt~1PDOGr6ml&(D&<u}\nT0/,IcZ+";"SGdo{ix[aFJG^*cj,3UfC!m7tyHm3AS!e=s^)`:X";"zq[U[(o]A`Ak*pwNQ,vv6viJU4J-M1+mVc*!Ck(9B\\JL ATu";True;True;True
"nlUG&+Y>M=kMTh\nE";"2X\tmMR;qC1pvy\tji*;P!g7vqWRN&%^kg";"}HrBbG<@?8uAO,'V\t\"$R+{_Q DGW5";False;False;True
"R}xH\\PxB{)m?AHA\t[='Hu;G6BVK9o*#'s. *qG3";"#2xjk5_6^rT/7hkJUzC";"\\)o!5WPlh?}B$r|wtK";False;False;True
"\n[jq7-a`gogOT~56'ays+>JgDvL!;1tM[lsw{;L().2.QPi(";"ecKZ\"qtx(PS0gIRuV'+Xt6cv<_uo_a.AJ=JF-|.2eEX82\te";"8W.`A+i:=6@H}`A";False;False;True
"P]s8[_BkH/&19O%^Bowr<|<w5#hZvxy}P";"Dq,%uvY\t?FU%h@f+hYCtA8";"N2z>r";False;False;True
"QHi~vMy+{wS\tI'giyO\nJaAT@{BA#-";"R%?_3`G\nxpS)C]v\"rA0DFL+^.af.$|\\n\"{Yy%O)1ZoT*Mz\t";"Z^a3w6\ndA9Tn4&n$(&";False;False;True
"zEk=Ta\nYx/$BIc]T\t,(zIbpm$vBf+M.\n-{";"zEk=Ta\nYx/$BIc]T\t,(zIbpm$vBf+M.\n-{";"zEk=Ta\nYx/$BIc]T\t,(zIbpm$vBf+M.\n-{";False;False;True
"$lw%2rTs,D/cS";"Q#\nM|I+%G'Z$`{D@S(M";"SLxp5Dogq1nw;eL:@VgXk";True;True;True
"rv2}kyij\\Iw=o/F\n";"rv2}kyij\\Iw=o/F\n";"rv2}kyij\\Iw=o/F\n";False;False;True
"3Nw`=)>-5:Y,|)5OF41k~!&e\n MXru]";"L+Z|C^%8FD(+Zz[~wk@\nK!0T,7o?4YU3";"W|MF$S4sB?,7XPHt+(9'8::%\n)R*C9`SVob";True;True;True
"6OV0VEw%-Az5Q'l;pi{P<\t~";"+)rnb\nWe3!uH8\tXb\nb5KU2}+pUWQHe>X.sh5N<t'DO1?Y";"CbaT'}TKoxOp#+d4IK?To8,E>w\\!wl";False;False;True
"DPe>Cz\"c-R|LUTq5:(V/c#c%'}-R(^ma![+?9x";"<%V<, ]@4<~:u?`qwiT-)xcw7?8R,R2n_f.<.R%u+";"r<t<N\t\t ]4\\r_`Z Zn;ii=c\nM<\\Qv2 C.\t5{_bGW~ \n";True;True;True
"TZl}\t>JxSs\tDrh!|5jh#iv0m*b'Q5bo";"TZl}\t>JxSs\tDrh!|5jh#iv0m*b'Q5bo";"TZl}\t>JxSs\tDrh!|5jh#iv0m*b'Q5bo";False;False;True
".z\nBBz!YmukqcS|q2T4fQt7l\\c";"RKtJvs>a+5{s`6TPTBddH=e|xK#";"?#Wt4$RRM8$)G{<nVTUP\tI-~TA3tcHa#;Aq^Lw@jQ|";True;True;True
"cmK5gk> {!~D;\n7V062a`BpwO\t6U$E(2c&j$`vR";"u&JXqkHoenNV|vJtF%{pCR,MjW=8y_\"r7LFk\"'\"9m5~";"LT<PneM\"~2Dw_eb*Yky>)U:99pfCV${Z.>TVe8:T{Vl";False;False;True
"nO@AQi!AtzGDWl$YW&I";"@J:`u\n@]3d-/!({)UR[b3@9Vlms,nb@]|e</TL,bBmJ*t3V";"U)X>VQ}OV%VeO\nP!-]'S)";False;False;True
"i5e6Z<\"PKNFF]/Jb$]|5%/Ua<8GKB*CN,TyH#{X|YmKv5u<a7";"i5e6Z<\"PKNFF]/Jb$]|5%/Ua<8GKB*CN,TyH#{X|YmKv5u<a7";"i5e6Z<\"PKNFF]/Jb$]|5%/Ua<8GKB*CN,TyH#{X|YmKv5u<a7";False;False;True
"%8x?] \n33ff";"-eT9\\N'E/m_%S/.ER{+@sZI<g t\"nNqMH";"kV-`y|Y8a\"8%g5%,Na5oJ=4Z:nE,]`,v}s*V\"";True;True;True
"fo";"9I2v|O>8v]Qe2p(A1$?DnFi*ew keDuy!Cb;";"g Txq,\\'iu\"hz6l_0n=I~";False;False;True
"VD[b&S%rCOYWA(>{zIUmhe5a^ISr'Vaw,1z2";"\\m9}6!xuJv=JKEgC_;I|i";"R<vZE=w^RXGp99`uktYR~mP$'u\n+pQt,,cd*";False;False;True
"/P{RS$p;VKa$i?AHo-YZZ}26#";"zn/J6";"SN\"%Q\"+c(r7+c#4$D[O";False;False;True
"{H6+jhNRUI@?nmc}Ck !cVvvfvT(3aYT<q";"{H6+jhNRUI@?nmc}Ck !cVvvfvT(3aYT<q";"{H6+jhNRUI@?nmc}Ck !cVvvfvT(3aYT<q";False;False;True
"{|]4#)m14+J\"";"^pkNi=t,[57<f1A6j}r\\,+i\\)hX*p,e`iGo\nSZWu|";"8TWj{CFDct!}`He3q)\"@y2zW3nU{yz;:,uup[";False;False;True
"K";"EJ5*AC\\H\ty=tBfIl&]:F3qm\tpD'u-\t\\.q";"b\t;]#v1ma|EqhNO3";False;False;True
"P; v";"|, (dQe;P+|OYQiMR^";",;s?";False;False;True
"";"";"_GQ,;J~q*~[<g_*Zet[&bVCI]";False;False;True
"dazg\tmP6:!!cDI6%\"%R?<|TA~6N=<Z7N@)d&k>NxhV~[`";"qQW@Uj9_";"iKq";False;False;True
"xm";"H^.\"16kZO Y,[GQ~>3bkn)'q]gu1c9YsW^}2n|7AhZw%-";" k 7L\"y[X\"kj!~bXP5)(]xF\\Krs[S5mi#Qo9%)4qHY\\4_C8";True;True;True
"Ws,Qbv}[.";"WY6XDEwh\"U2\to\t3Ggfuz/4 ly=VLWRMU8tqEX)V";"ER2fu2)[;3Gxmm5/S6E=a$M;L|8";False;False;True
"Qe3/~A=j@f2rf DtB\"UzX7\tGJA2iX;d5ya=ysr13p";"w}SS7}?_'0-S)\n\"Hn";"Hr%,^";False;False;True
"9V%mb-zT >I=.@px%-S.n0";"FZd<VuT9";"p^wXUub";False;False;True
"^Az&jQ/@%>$U\"`k_qk|U??>ZtuI49_PIy,tJl^:v_Ds";"4vyr)Rnv_{[cCaX";"FW}vQWP^G.Y -sbX}";False;False;True
"@4@s-ZkFf";"\"-Kag@ERzUdT0mvCjYl-Z}K#(Wx3'rU<@\"m(S{^G=pDx6M\t";"==XOMOCwS4^k2|F1fY%0hE%pD6-P!uGgi]9L9%_c\n&AN]";False;False;True
"`d\tNc[m%As`qdLc*p1npC8{";"60uAHfB+t6 ^r/&x4=F6Z/:T4%[$g7rDOsLUO";"g-0 3";False;False;True
"R:@";"o|k@,NZs9NExdj}LqtH.O\"l96l.V(o";"]L;AU=UWO<d,u?;)y%(#x}<7#7RqMsUkAst`S$2To^";True;True;True
"kqlQ(:zaWGEG>4ehTHmi`Wuj^KP%\\[qjk";"2?@-hX@|B,6lG#w-UOX2";"j9$kzmP)F&M4|f(_/nJ0<$\\C1 M|A7$:]*%w";False;False;True
"\nHnUyjjh#;CL";";~$@\\uv.q(wRM6XoVt0C_(RN^p9k?E";"Ot3cj==8NHi7]M6j6Ih^F'(D.'";False;False;True
"0<)+K~kY{+#:mQUlS8j{5${bvows\\=C|NfEzr";"Jt#$M'o*c)tQo3wp!Q5KHNZ\t=";"dV;`\t5d8^qYv5,q=1Kgq7Qf/&&*";False;False;True
"qeuS;(0LD\twgPd+hgS]6WT=:N8";"\"XrW3G:^LCJZ]*b(YQ~PlD\"LfuQNCS.XJ";"\twg@l`.9Uk'!O\n~9FUS,&-vHt4Z>AR$'>LR`caQ==+!W";True;True;True
"~2[t8zLiuToiU{-&wR:A$VLNd4.K1!BY<5A";"}izXt\\u+XPDCXJ*A@T\\}GXOG[.f";";ssc>7MyPxdT$m_N@6uwh&vgzkigOZ)";False;False;True
"@sF]~WYw6P/ ^2wc]ahF4\"3Bx=K9d";"fj*0/wC";"+O8~x=jnMe+gD]wF{/aH^,W\"c!";False;False;True
"8@7'>XH%-eO]?e{$(W,Y-Z<h$6vILysc3(nKeE2y,\\wF8\\U@";"8@7'>XH%-eO]?e{$(W,Y-Z<h$6vILysc3(nKeE2y,\\wF8\\U@";"8@7'>XH%-eO]?e{$(W,Y-Z<h$6vILysc3(nKeE2y,\\wF8\\U@";False;False;True
"k=d]OCwuc?5,EAMtEz<!^ H3_*E 33zA";"k=d]OCwuc?5,EAMtEz<!^ H3_*E 33zA";"k=d]OCwuc?5,EAMtEz<!^ H3_*E 33zA";False;False;True
"%R6'*Js@}o)`Bz\t3$|p>l8l/?`4h(hM0{U3_mnV*57q4~ih";"fwf /\n}xS\"M1TqX";"\tyA[vRE\"C5+%\\)95-Zpo_V$z";False;False;True
"T\nr8ce6~CgVT6 u[Dk9wh/trS;Zq-Ek$/W[H{";"'\tTuwlQITl33?v96#x3997GImdyz(N@D90yv1s~}K]En,G";"cVmiwPyCSVZ|Hn9cQ<SEPg`Ukf6,";False;False;True
"[Z#~[Y%}nCo*AzIVjn?RGIae9\n}r";";W{4Uvh^1y\"||!#hE<O\t||0ryC~m>'i]Ot{HTCc7#e@08=qr3";"'Qy@;";False;False;True
",~N6D,o\nE+KLdc,";"#+O -zoL-2=/g0@/81YHc>";"H7fP}";False;False;True
"fY) uj\\v=y~20TPtvTI{X+vLT?g]";"izkNZUL.]0N3@+Iu\to.Cgbc AlV<e}_TzWts3\n8";" S~!W8%P;E2D70/d{_H75506Sssa9hn{EmO\t(Ks/E#xN{";True;True;True
"pt>Lt+*X2~/#eSZEY;PnD";"aKy,K6EH*\\pRC6p2B%(\ti),xR!f@bx'fMDJ";"[KIPR`&\\2vO\tWLUVkA\\\nRfQ@xmXxUJY>]'y(F-ZYpd@=IG5\t";True;True;True
"QWYN&H2\"lA$94b/\\";";E:z(0*MJ[?L}M*`*=caP!%sH  4tS!)I)%vAB_XI][[x~6*}";"jVNjcdsq/K| m=a-o9b!c=Y4z&tK) 1ZS0F:Fw'Dwu$x";False;False;True
"'m 4F'30eu[OLu7GVLEZ";")?~f\\EfVyDA!.=b(wH^~L<o#f~Y&&";"vn!w.Oa#i'WM.(>g";False;False;True
" _}UR:WA7";"iu:aJrNy-QLkh?ma8V4OByUAD:vBu|n,<";"H,h^.eGY7\nDA$\tTt7b0v\\g8L6\\sI5l+hUV[04kR2O4nUY ";True;True;True
"g#$A.O<Zf'$kYTMjpT/&GR!u C%?8xzJCI\"DhU'";"S:aY#U+LJ}\\E\"V1YWIV{_9<3o6P/]2DXuS,-Qq7=f9$\\p)x";"+GNag3h5";False;False;True
"L?)XR.Nv/7Ya'(0P{O-h)\t]] ~[zvGFo+Q3t]:xtZ=<H\"KhXk";"L?)XR.Nv/7Ya'(0P{O-h)\t]] ~[zvGFo+Q3t]:xtZ=<H\"KhXk";"L?)XR.Nv/7Ya'(0P{O-h)\t]] ~[zvGFo+Q3t]:xtZ=<H\"KhXk";False;False;True
"2E&F8\\?]y=#h{<czz)TJxd|9B&x-8qf[<<(No4T\n>~N0=";"Mg['NzwR9XOdc#5R]Pt/[b_o~Z\nPvpP4^35R";"~urdq9#WY%T].I8jtEjs):Mvb[4$KpiIB'ol6L8eHx|+XVsui";False;False;True
"nl)?H^^5Y<,Z-,YQqjQMp m8]7h:Hw";"o%?@[R0_mc*{DjzFp?)B WFFt5{zSWQU.;s`fpy";")QT3WI.f\"pRm6:%eKURL!}0AeKj?^~}VlD0{kNV'b:Lo-iz";True;True;True
"yWp 3:<HsG/=i/D-83uP";"v!vW7WQN=KE|;zmw~t`.ZEkW}bxh~@P=9MB'Ga|6\tnK^s";"HK4_`}B_\n*)|tUke-\nRxX\\-$3R0O";False;False;True
"7@u#o4`Rf\\/\tTuQN'Ti8";"pEXmJ|pE:fN]PXA7chTf@2D,r~<E un\\yr%]5Oj!";"TJ/L$.1:udz'^}%pU|qI\"HiOs/[";False;False;True
"SEP3'T*7Y";"_AHS$Soync{vYoT";"I\t1h><L6PSxA>+ro)}pLlOXSK0iB&8H \n";True;True;True
"r{";"a_KYa[vqnvJ\\p~Z]?O4T$|DaL\"vmW,q|%O  ";"F[0,D\nX$uk/)VlLRzLhk_";False;False;True
"_\t\\`4c~HS|MtWi;@09#C@5\t";"/]pw\\!/z`3qy'-\\Kt\\'GR=6KVhW:";"<'cKa?'Lq\tzmG(3l";False;False;True
"!<87ucFM!-j\\@8-%yX->m'tIl5%<\nlm#+@lS?E_";"`0^6T";"*)%b&^YS";False;False;True
"3c3*dqx@lH*,?_6wZl FWdG57xm";"*;Q\"A \"\nlQ>";"X'2[:UUM\taC+\t|&62@o@T|vB3';dtl+XU*_wET1|k;1p>";False;False;True
"`d9\"<5";"18v+U`(@/3I[$e',=jyj5h+-p`;T^b}g9Qp>g_";"_/h";False;False;True
"GbFA9";"E(/s$MU)p0u.;?y%VJ";"/$0";False;False;True
"D~^ov8ne$wTs@)S2|at7+)\"+%8CSS+#/e~ cIG<QP,hpZvO.i";"2a9}UGMP9hM(G^\n{),%K\\lO{eb[in]r";"";False;False;True
"CjH{&wT[";"-P!fx(";"~F~-s{@C_#k_\"h[.Xi2\\Xq+^8Btl";False;False;True
"]SyGaB!Rc;M0F4W:$+c:Z-";"x0;z!B\"=J`rTfA/Fd{%hGk8oxk";"Xe?\n!6RZXoWim13UTK{Lq";False;False;True
"YnF|;*\nLu2>QoD*8j$v#VN4bNVHo";"QmrNqj3!xVvW9z@d";"!\"RG uJSZto'cA|4_Pa>yo_mziU;9}(BYOJP<8";False;False;True
"WmD(N_]u9C,";"";"m)30Lv\\a`D?kRk7JD<]ucE";False;False;True
"13x7m3JC.jnoLD5G`";"M:cTtv;\\\"7jDKwiXlx-lij!Xj`";"5XiiF(N+b;r`m|Jz;im<hKVx}Z<\\pi?[s.(GXu`yC&eR>j;n";True;True;True
"z";"o&N\tSVZd%|XoJkw\\u>L7t^g!#+=d 9~jGC}N]_i#b$BP";"8n9YMvdpw\\PfJp) T@i,Oy<O0w*hW)-vX/O*l~N=:=:?/YLF#";True;True;True
"-e:VBly+VieM!D]";"sd~*$;1n\"LgU-3\tu!^x=DQJpj>\"\n~ s{wnyn^JZjI{ Ttu";"+ebT{`Ekxl3";False;False;True
"BCMV1%:m2$#K;doG%E$yTMOmE";"Y8):& Na71#3C!4}I\"4k|Fvz(o$dIu|7/ZpV&zC\t4rZh<";"y,69B~8#@D#J3NL}7n(fT-GlJtX,-Kz)A";False;False;True
"yH:(N#Cz9D?SX$H|0E^/KWOR[w+C?VJ>LH\"b[A=";"h_";"^3*V.r&>F.\t}A,+OU3-SSJ3=";False;False;True
".;@p\"npi0";"OZ\tNNc2pmZyDg35s|Dl0(u~\"\nLT@W";"f";False;False;True
"-a/-*}bK(%yp(skvR`_a\\jc\"";"xXRy)`";"qTs+xmakE-.+OASB:yq,\n92rlU";False;False;True
"\n3K`5T,S][e'_`*4}";"kKF^U<Gon&`n';xr(D\n*WYKCtq9Rq1!";"7SBa&Z[DECp\"O|Jo}qMfd01KW~I>;-J8%<e^A[";True;True;True
"_LM2MoDAuL@!(C\"zV})SvPGcA##";",zB@1ti4y%jY<Y0}t-p|u!oNk2@i:.</h";"8X/)\"4Qf$;G-3S:\nzPc?Ae.|mK>[W1Zc7yO>";True;True;True
"nz-Q\"~xN.i3~iCO9pG3Emz4&){\":@^^T9cDUIuDR";"0aSIHbkd`?BFDnW8O>p64P[xjP\\<0ygO>ZXuL\\";"u./\t`}<7:4i";False;False;True
"eP:dpeY)\"k=(yjR'UW;qiBd<+u}i(fg\\x";" 1:j!nAOAQ|-*G2=cbUX.GSFu\"XKz:|";" | n*#Q4]K25ct\nj~us$";False;False;True
"Dt,W<\" U<1d\"@\n\"jEG";"";"n\\o";False;False;True
"6L,F$\\9";"6L,F$\\9";"6L,F$\\9";False;False;True
")z@NgL!5%{MkXWj1noS~U#TN(x";"?>!ieNw= ,nVfr#1f <#Q$h>e?Zl5H4l(y#kU4?4+Do@0C+ ";"A!sEPeHLUKl;$]c\n[sW`dHdgS\\_xQNV.!6";False;False;True
"U<CS(~uo*PnO";"~6Y{pEASwv0:v1D9?&SJuz>5~2!dYsM1%i1DVAYszgkI`";"M.|{;.9UU|]:fhZ3{ooV~[us8&";False;False;True
"v,x4x]";"";"!I5.Qz|?~L>r(J|soZvE,lV 2vMd(XI;:H_QK5qz)`F?zK)";False;False;True
";<D!FTcSJL37-@9/cCu#XiHl\"4W'(CA/lDx";"6`F7pc5kc>";"(\tzwIC61K4@la";False;False;True
"`NWSKF>O~n{Jdq3RoLD[Mj^KfY\n`%H$j3`";"^doSA 8Xu\\5\nOj";"U,\tg`sw";False;False;True
"~z#5=gnqurH!YyK;a@pI\"@v?.(r|;DOv";"LkP27ga";"@.S\":v8~aUA5*PY#:a\nqIziYoSWY\\BF_t$W.TR[VmzIJ";False;False;True
"7&qv{E7\\,";"S=mW\"![Kz@H@HLL,dwc^(<F6\\R_bs0H'[\"C1CQ";"O>V\n~5e$0V\\wq;Wb#\"hcIJ/>Prtfr?u]qt;LE*,Me8@&u!";True;True;True
"bFNlb'LZ\"T:NJ9'^h";"U\\g3~(J=OYH$+50u6y(Si&\"\nA<$AsIk9$B";"yl\\! x\\qLbbO_Cl(Wr&`$";False;False;True
"f3/N:yme83gJ*JcW7a`MNRfL\\4HzzQ'I}Jb)4-nlCjx";"(ueL]%fk*\" j~5X}\\>4e j'.qairO*'|Vc+H1$]s=<2";"rY2(Vk?i ?m@-27vteM4Eu3QLXiN|olws2<XI3)Ac^?:MQ";False;False;True
"F0";"^\\$ iPI?{{3k1_'Bozwyx,-A#!\\:@^~oiy9%EX";"jTTF/ke18Np*-6=Y%hK5EmNEO)yiQ~.kuzA&$'OU!";True;True;True
"\\(~jTdD&cPmtM&(QnY\t1h13Y4ic5:)+\t6 s%n2tJF\\pG5OD";"T8ATp !ui,#D)P\\k[#{g]pdfbyHf)e6";"m\nw)Wb V[o9";False;False;True
"4.]urDQ)n[M.<%pmt,&47";"4.]urDQ)n[M.<%pmt,&47";"4.]urDQ)n[M.<%pmt,&47";False;False;True
"1:f0>/qa%((yC$fK[>zpWKY+\"poG|W}Y%7LBBr3q~6].aygE";"1:f0>/qa%((yC$fK[>zpWKY+\"poG|W}Y%7LBBr3q~6].aygE";"1:f0>/qa%((yC$fK[>zpWKY+\"poG|W}Y%7LBBr3q~6].aygE";False;False;True
"=QT=5-";"3br373~PWX\\ @kb1y's]:rw^,Af";"_d8XC-9UK|W,0IO\"}}H/\n&wyz\nQKR29Mnzio(j6g";True;True;True
"D)ZD\\k*k;YKd\n\n(6)Rn{eLdK('2Y,t";"KCb{?nkyn)p_m8^uks&Y>GYU>'<'@)";"E=B{W ':";False;False;True
"zJH\"B8]n@.wv:cPw2eGQK\n'&Uon>R(fi#[%\"NhGX|L4@ ]\t$U";"zJH\"B8]n@.wv:cPw2eGQK\n'&Uon>R(fi#[%\"NhGX|L4@ ]\t$U";"zJH\"B8]n@.wv:cPw2eGQK\n'&Uon>R(fi#[%\"NhGX|L4@ ]\t$U";False;False;True
"vG?-Xay:";"vG?-Xay:";"vG?-Xay:";False;False;True
"k%oE-oq?DT\"qAu";"w/6&9qz+,]1/@v0k@@@$f\tu,6{lJYyNp";"@]a F~/lJ\n4BR>(*/pCK93\\sfY\n+/p!,vp4";True;True;True
"MV<sCg5Q6O*Kk(`v Th}Py(k+4";"yS-pua7-v(xNgq_5/oFmYf=6H8|M@$\n$Mqme5pct241@)x";"/z\n`,]!~cNno-]}DFYDn?HgP26W4(>5zA]J]]";False;False;True
" u=7!~,H";"bb~a9g~~8";"Uy4+!.\n^9h%HXoTonBMa%Uqo>vGoHbZux]}!t8=P2kx";True;True;True
".k3UVs~";"~#E&?CcbyVtJ/D?!ZXt2";"+LU'k#)'Z`>)qcK;X`-XJAbe!`%Dsd~GQT";True;True;True
"4cJ\teGJ#22(2=d~";"%p)F?-$tAS";"{!Z<zN!DAoq";False;False;True
"#Gz)@^V-c";"oH~d n>sYk\t.|\\&NkG{lzB{Q&XzuU7Ov]U'yD{aV2oTUUM";"/5H%";False;False;True
"Zm3(*~";"XP\n^k\n;NTQyLIqZL";" zOXP/`MO>E<:(td$X']I5N\\7tinbM{Un>";True;True;True
"(%`tyGp^D?\\F&Ph/rE\\Hc_";"oln*$XM";",8#%X\".f\\";False;False;True
